Track,Position,No,Driver,Team,Starting Grid,Laps,Time/Retired,Points,Fastest Lap,Turns,Finished,Podium,Grands Prix Entered,Date of Birth,Age in 2020,Season,Age in 2021,Age in 2022,Age in 2023,Age in 2024,WinnerTimeInSeconds,TotalRaceTimeInSeconds,CircuitLengthKM,TotalDistanceKM,TotalRaceTimeHours,AverageSpeedKMH
austria,1,77,Valtteri Bottas,Mercedes,1,71,30:55.7,25,No,10,1,1,157,1989-08-28,31,2020,,,,,1855.7,1855.7,4.318,306.578,0.5154722222222222,594.7517378886673
austria,2,16,Charles Leclerc,Ferrari,7,71,2.7,18,No,10,1,1,59,1997-10-16,23,2020,,,,,1855.7,1858.4,4.318,306.578,0.5162222222222222,593.8876452862677
austria,3,4,Lando Norris,McLaren Renault,3,71,5.491,16,Yes,10,1,1,38,1999-11-13,21,2020,,,,,1855.7,1861.191,4.318,306.578,0.5169975,592.9970647827116
austria,4,44,Lewis Hamilton,Mercedes,5,71,5.689,12,No,10,1,0,266,1985-07-01,35,2020,,,,,1855.7,1861.389,4.318,306.578,0.5170525,592.9339863940314
austria,5,55,Carlos Sainz,McLaren Renault,8,71,8.903,10,No,10,1,0,119,1994-01-09,26,2020,,,,,1855.7,1864.603,4.318,306.578,0.5179452777777778,591.9119512303691
austria,6,11,Sergio Perez,Racing Point BWT Mercedes,6,71,15.092,8,No,10,1,0,193,1990-01-26,30,2020,,,,,1855.7,1870.792,4.318,306.578,0.5196644444444444,589.9537736
austria,7,10,Pierre Gasly,AlphaTauri Honda,12,71,16.682,6,No,10,1,0,64,1996-07-02,24,2020,,,,,1855.7,1872.382,4.318,306.578,0.5201061111111112,589.4527932868399
austria,8,31,Esteban Ocon,Renault,14,71,17.456,4,No,10,1,0,67,1996-09-17,24,2020,,,,,1855.7,1873.156,4.318,306.578,0.5203211111111111,589.2092276350714
austria,9,99,Antonio Giovinazzi,Alfa Romeo Racing Ferrari,18,71,21.146,2,No,10,1,0,40,1993-12-14,27,2020,,,,,1855.7,1876.846,4.318,306.578,0.5213461111111111,588.0508044
austria,10,5,Sebastian Vettel,Ferrari,11,71,24.545,1,No,10,1,0,258,1987-03-07,33,2020,,,,,1855.7,1880.245,4.318,306.578,0.5222902777777777,586.9877595738853
austria,11,6,Nicholas Latifi,Williams Mercedes,20,71,31.65,0,No,10,1,0,17,1995-06-29,25,2020,,,,,1855.7,1887.35,4.318,306.578,0.5242638888888889,584.7780220944711
austria,12,26,Daniil Kvyat,AlphaTauri Honda,13,69,DNF,0,No,10,0,0,112,1994-04-26,26,2020,,,,,1855.7,,4.318,297.94199999999995,,
austria,13,23,Alexander Albon,Red Bull Racing Honda,4,67,DNF,0,No,10,0,0,38,1996-03-23,24,2020,,,,,1855.7,,4.318,289.306,,
austria,NC,7,Kimi Raikkönen,Alfa Romeo Racing Ferrari,19,53,DNF,0,No,10,0,0,332,1979-10-17,41,2020,,,,,1855.7,,4.318,228.85399999999998,,
austria,NC,63,George Russell,Williams Mercedes,17,49,DNF,0,No,10,0,0,38,1998-02-15,22,2020,,,,,1855.7,,4.318,211.582,,
austria,NC,8,Romain Grosjean,Haas Ferrari,15,49,DNF,0,No,10,0,0,181,1986-04-17,34,2020,,,,,1855.7,,4.318,211.582,,
austria,NC,20,Kevin Magnussen,Haas Ferrari,16,24,DNF,0,No,10,0,0,120,1992-05-10,28,2020,,,,,1855.7,,4.318,103.63199999999999,,
austria,NC,18,Lance Stroll,Racing Point BWT Mercedes,9,20,DNF,0,No,10,0,0,78,1998-10-29,22,2020,,,,,1855.7,,4.318,86.35999999999999,,
austria,NC,3,Daniel Ricciardo,Renault,10,17,DNF,0,No,10,0,0,188,1989-01-07,31,2020,,,,,1855.7,,4.318,73.40599999999999,,
austria,NC,33,Max Verstappen,Red Bull Racing Honda,2,11,DNF,0,No,10,0,0,119,1997-09-30,23,2020,,,,,1855.7,,4.318,47.498,,
styria,1,44,Lewis Hamilton,Mercedes,1,71,22:50.7,25,No,10,1,1,266,1985-07-01,35,2020,,,,,1370.7,1370.7,4.318,306.578,0.38075000000000003,805.1950098489822
styria,2,77,Valtteri Bottas,Mercedes,4,71,13.719,18,No,10,1,1,157,1989-08-28,31,2020,,,,,1370.7,1384.419,4.318,306.578,0.38456083333333335,797.2158717844814
styria,3,33,Max Verstappen,Red Bull Racing Honda,2,71,33.698,15,No,10,1,1,119,1997-09-30,23,2020,,,,,1370.7,1404.398,4.318,306.578,0.3901105555555555,785.8746595
styria,4,23,Alexander Albon,Red Bull Racing Honda,6,71,44.4,12,No,10,1,0,38,1996-03-23,24,2020,,,,,1370.7,1415.1,4.318,306.578,0.3930833333333333,779.9313122747509
styria,5,4,Lando Norris,McLaren Renault,9,71,61.47,10,No,10,1,0,38,1999-11-13,21,2020,,,,,1370.7,1432.17,4.318,306.578,0.39782500000000004,770.6353296047256
styria,6,11,Sergio Perez,Racing Point BWT Mercedes,17,71,62.387,8,No,10,1,0,193,1990-01-26,30,2020,,,,,1370.7,1433.087,4.318,306.578,0.3980797222222222,770.1422174648154
styria,7,18,Lance Stroll,Racing Point BWT Mercedes,12,71,62.453,6,No,10,1,0,78,1998-10-29,22,2020,,,,,1370.7,1433.153,4.318,306.578,0.39809805555555555,770.1067506400224
styria,8,3,Daniel Ricciardo,Renault,8,71,62.591,4,No,10,1,0,188,1989-01-07,31,2020,,,,,1370.7,1433.291,4.318,306.578,0.39813638888888886,770.0326032885157
styria,9,55,Carlos Sainz,McLaren Renault,3,70,+1 lap,3,Yes,10,1,0,119,1994-01-09,26,2020,,,,,1370.7,,4.318,302.26,,
styria,10,26,Daniil Kvyat,AlphaTauri Honda,13,70,+1 lap,1,No,10,1,0,112,1994-04-26,26,2020,,,,,1370.7,,4.318,302.26,,
styria,11,7,Kimi Raikkönen,Alfa Romeo Racing Ferrari,16,70,+1 lap,0,No,10,1,0,332,1979-10-17,41,2020,,,,,1370.7,,4.318,302.26,,
styria,12,20,Kevin Magnussen,Haas Ferrari,15,70,+1 lap,0,No,10,1,0,120,1992-05-10,28,2020,,,,,1370.7,,4.318,302.26,,
styria,13,8,Romain Grosjean,Haas Ferrari,20,70,+1 lap,0,No,10,1,0,181,1986-04-17,34,2020,,,,,1370.7,,4.318,302.26,,
styria,14,99,Antonio Giovinazzi,Alfa Romeo Racing Ferrari,19,70,+1 lap,0,No,10,1,0,40,1993-12-14,27,2020,,,,,1370.7,,4.318,302.26,,
styria,15,10,Pierre Gasly,AlphaTauri Honda,7,70,+1 lap,0,No,10,1,0,64,1996-07-02,24,2020,,,,,1370.7,,4.318,302.26,,
styria,16,63,George Russell,Williams Mercedes,11,69,+2 laps,0,No,10,1,0,38,1998-02-15,22,2020,,,,,1370.7,,4.318,297.94199999999995,,
styria,17,6,Nicholas Latifi,Williams Mercedes,18,69,+2 laps,0,No,10,1,0,17,1995-06-29,25,2020,,,,,1370.7,,4.318,297.94199999999995,,
styria,NC,31,Esteban Ocon,Renault,5,25,DNF,0,No,10,0,0,67,1996-09-17,24,2020,,,,,1370.7,,4.318,107.94999999999999,,
styria,NC,16,Charles Leclerc,Ferrari,14,4,DNF,0,No,10,0,0,59,1997-10-16,23,2020,,,,,1370.7,,4.318,17.272,,
styria,NC,5,Sebastian Vettel,Ferrari,10,1,DNF,0,No,10,0,0,258,1987-03-07,33,2020,,,,,1370.7,,4.318,4.318,,
hungary,1,44,Lewis Hamilton,Mercedes,1,70,36:12.5,26,Yes,14,1,1,266,1985-07-01,35,2020,,,,,2172.5,2172.5,4.381,306.67,0.6034722222222222,508.17583429229006
hungary,2,33,Max Verstappen,Red Bull Racing Honda,7,70,8.702,18,No,14,1,1,119,1997-09-30,23,2020,,,,,2172.5,2181.202,4.381,306.67,0.6058894444444445,506.1484447566067
hungary,3,77,Valtteri Bottas,Mercedes,2,70,9.452,15,No,14,1,1,157,1989-08-28,31,2020,,,,,2172.5,2181.952,4.381,306.67,0.6060977777777778,505.97446689936345
hungary,4,18,Lance Stroll,Racing Point BWT Mercedes,3,70,57.579,12,No,14,1,0,78,1998-10-29,22,2020,,,,,2172.5,2230.079,4.381,306.67,0.6194663888888889,495.0551079132174
hungary,5,23,Alexander Albon,Red Bull Racing Honda,13,70,78.316,10,No,14,1,0,38,1996-03-23,24,2020,,,,,2172.5,2250.816,4.381,306.67,0.6252266666666666,490.4941141346073
hungary,6,5,Sebastian Vettel,Ferrari,5,69,+1 lap,8,No,14,1,0,258,1987-03-07,33,2020,,,,,2172.5,,4.381,302.289,,
hungary,7,11,Sergio Perez,Racing Point BWT Mercedes,4,69,+1 lap,6,No,14,1,0,193,1990-01-26,30,2020,,,,,2172.5,,4.381,302.289,,
hungary,8,3,Daniel Ricciardo,Renault,11,69,+1 lap,4,No,14,1,0,188,1989-01-07,31,2020,,,,,2172.5,,4.381,302.289,,
hungary,9,55,Carlos Sainz,McLaren Renault,9,69,+1 lap,2,No,14,1,0,119,1994-01-09,26,2020,,,,,2172.5,,4.381,302.289,,
hungary,10,20,Kevin Magnussen,Haas Ferrari,16,69,+1 lap,1,No,14,1,0,120,1992-05-10,28,2020,,,,,2172.5,,4.381,302.289,,
hungary,11,16,Charles Leclerc,Ferrari,6,69,+1 lap,0,No,14,1,0,59,1997-10-16,23,2020,,,,,2172.5,,4.381,302.289,,
hungary,12,26,Daniil Kvyat,AlphaTauri Honda,17,69,+1 lap,0,No,14,1,0,112,1994-04-26,26,2020,,,,,2172.5,,4.381,302.289,,
hungary,13,4,Lando Norris,McLaren Renault,8,69,+1 lap,0,No,14,1,0,38,1999-11-13,21,2020,,,,,2172.5,,4.381,302.289,,
hungary,14,31,Esteban Ocon,Renault,14,69,+1 lap,0,No,14,1,0,67,1996-09-17,24,2020,,,,,2172.5,,4.381,302.289,,
hungary,15,7,Kimi Raikkönen,Alfa Romeo Racing Ferrari,20,69,+1 lap,0,No,14,1,0,332,1979-10-17,41,2020,,,,,2172.5,,4.381,302.289,,
hungary,16,8,Romain Grosjean,Haas Ferrari,18,69,+1 lap,0,No,14,1,0,181,1986-04-17,34,2020,,,,,2172.5,,4.381,302.289,,
hungary,17,99,Antonio Giovinazzi,Alfa Romeo Racing Ferrari,19,69,+1 lap,0,No,14,1,0,40,1993-12-14,27,2020,,,,,2172.5,,4.381,302.289,,
hungary,18,63,George Russell,Williams Mercedes,12,69,+1 lap,0,No,14,1,0,38,1998-02-15,22,2020,,,,,2172.5,,4.381,302.289,,
hungary,19,6,Nicholas Latifi,Williams Mercedes,15,65,+5 laps,0,No,14,1,0,17,1995-06-29,25,2020,,,,,2172.5,,4.381,284.765,,
hungary,NC,10,Pierre Gasly,AlphaTauri Honda,10,15,DNF,0,No,14,0,0,64,1996-07-02,24,2020,,,,,2172.5,,4.381,65.715,,
great britain,1,44,Lewis Hamilton,Mercedes,1,52,28:01.3,25,No,18,1,1,266,1985-07-01,35,2020,,,,,1681.3,1681.3,5.891,306.332,0.46702777777777776,655.9181586
great britain,2,33,Max Verstappen,Red Bull Racing Honda,3,52,5.856,19,Yes,18,1,1,119,1997-09-30,23,2020,,,,,1681.3,1687.156,5.891,306.332,0.46865444444444443,653.6415126994777
great britain,3,16,Charles Leclerc,Ferrari,4,52,18.474,15,No,18,1,1,59,1997-10-16,23,2020,,,,,1681.3,1699.774,5.891,306.332,0.4721594444444444,648.7893096376342
great britain,4,3,Daniel Ricciardo,Renault,8,52,19.65,12,No,18,1,0,188,1989-01-07,31,2020,,,,,1681.3,1700.95,5.891,306.332,0.4724861111111111,648.3407508
great britain,5,4,Lando Norris,McLaren Renault,5,52,22.277,10,No,18,1,0,38,1999-11-13,21,2020,,,,,1681.3,1703.577,5.891,306.332,0.47321583333333334,647.3409772496341
great britain,6,31,Esteban Ocon,Renault,9,52,26.937,8,No,18,1,0,67,1996-09-17,24,2020,,,,,1681.3,1708.237,5.891,306.332,0.4745102777777778,645.5750577935028
great britain,7,10,Pierre Gasly,AlphaTauri Honda,11,52,31.188,6,No,18,1,0,64,1996-07-02,24,2020,,,,,1681.3,1712.488,5.891,306.332,0.4756911111111111,643.9725125081168
great britain,8,23,Alexander Albon,Red Bull Racing Honda,12,52,32.67,4,No,18,1,0,38,1996-03-23,24,2020,,,,,1681.3,1713.97,5.891,306.332,0.47610277777777776,643.4156957239625
great britain,9,18,Lance Stroll,Racing Point BWT Mercedes,6,52,37.311,2,No,18,1,0,78,1998-10-29,22,2020,,,,,1681.3,1718.611,5.891,306.332,0.4773919444444445,641.6781924472727
great britain,10,5,Sebastian Vettel,Ferrari,10,52,41.857,1,No,18,1,0,258,1987-03-07,33,2020,,,,,1681.3,1723.157,5.891,306.332,0.4786547222222222,639.9853292532254
great britain,11,77,Valtteri Bottas,Mercedes,2,52,42.167,0,No,18,1,0,157,1989-08-28,31,2020,,,,,1681.3,1723.467,5.891,306.332,0.47874083333333334,639.8702150955022
great britain,12,63,George Russell,Williams Mercedes,20,52,52.004,0,No,18,1,0,38,1998-02-15,22,2020,,,,,1681.3,1733.304,5.891,306.332,0.48147333333333336,636.2387671175974
great britain,13,55,Carlos Sainz,McLaren Renault,7,52,53.37,0,No,18,1,0,119,1994-01-09,26,2020,,,,,1681.3,1734.6699999999998,5.891,306.332,0.48185277777777774,635.7377483901838
great britain,14,99,Antonio Giovinazzi,Alfa Romeo Racing Ferrari,15,52,54.205,0,No,18,1,0,40,1993-12-14,27,2020,,,,,1681.3,1735.505,5.891,306.332,0.48208472222222226,635.4318771769599
great britain,15,6,Nicholas Latifi,Williams Mercedes,18,52,54.549,0,No,18,1,0,17,1995-06-29,25,2020,,,,,1681.3,1735.849,5.891,306.332,0.4821802777777778,635.3059512
great britain,16,8,Romain Grosjean,Haas Ferrari,17,52,55.05,0,No,18,1,0,181,1986-04-17,34,2020,,,,,1681.3,1736.35,5.891,306.332,0.4823194444444444,635.1226423244162
great britain,17,7,Kimi Raikkönen,Alfa Romeo Racing Ferrari,16,51,+1 lap,0,No,18,1,0,332,1979-10-17,41,2020,,,,,1681.3,,5.891,300.441,,
great britain,NC,26,Daniil Kvyat,AlphaTauri Honda,19,11,DNF,0,No,18,0,0,112,1994-04-26,26,2020,,,,,1681.3,,5.891,64.801,,
great britain,NC,20,Kevin Magnussen,Haas Ferrari,14,1,DNF,0,No,18,0,0,120,1992-05-10,28,2020,,,,,1681.3,,5.891,5.891,,
great britain,NC,27,Nico Hulkenberg,Racing Point BWT Mercedes,13,0,DNS,0,No,18,0,0,182,1987-08-19,33,2020,,,,,1681.3,,5.891,0,,
70th anniversary,1,33,Max Verstappen,Red Bull Racing Honda,4,52,19:42.0,25,No,18,1,1,119,1997-09-30,23,2020,,,,,1182,1182,5.891,306.332,0.3283333333333333,932.9908629441625
70th anniversary,2,44,Lewis Hamilton,Mercedes,2,52,11.326,19,Yes,18,1,1,266,1985-07-01,35,2020,,,,,1182,1193.326,5.891,306.332,0.33147944444444444,924.1357349123374
70th anniversary,3,77,Valtteri Bottas,Mercedes,1,52,19.231,15,No,18,1,1,157,1989-08-28,31,2020,,,,,1182,1201.231,5.891,306.332,0.3336752777777778,918.0542293697049
70th anniversary,4,16,Charles Leclerc,Ferrari,8,52,29.289,12,No,18,1,0,59,1997-10-16,23,2020,,,,,1182,1211.289,5.891,306.332,0.33646916666666665,910.4311192456961
70th anniversary,5,23,Alexander Albon,Red Bull Racing Honda,9,52,39.146,10,No,18,1,0,38,1996-03-23,24,2020,,,,,1182,1221.146,5.891,306.332,0.3392072222222222,903.0821867327903
70th anniversary,6,18,Lance Stroll,Racing Point BWT Mercedes,6,52,42.538,8,No,18,1,0,78,1998-10-29,22,2020,,,,,1182,1224.538,5.891,306.332,0.34014944444444445,900.5806271426447
70th anniversary,7,27,Nico Hulkenberg,Racing Point BWT Mercedes,3,52,55.951,6,No,18,1,0,182,1987-08-19,33,2020,,,,,1182,1237.951,5.891,306.332,0.34387527777777777,890.8229808772722
70th anniversary,8,31,Esteban Ocon,Renault,14,52,64.773,4,No,18,1,0,67,1996-09-17,24,2020,,,,,1182,1246.773,5.891,306.332,0.34632583333333333,884.5196358920189
70th anniversary,9,4,Lando Norris,McLaren Renault,10,52,65.544,2,No,18,1,0,38,1999-11-13,21,2020,,,,,1182,1247.544,5.891,306.332,0.34654,883.9729901310094
70th anniversary,10,26,Daniil Kvyat,AlphaTauri Honda,16,52,69.669,1,No,18,1,0,112,1994-04-26,26,2020,,,,,1182,1251.669,5.891,306.332,0.34768583333333336,881.0597689964359
70th anniversary,11,10,Pierre Gasly,AlphaTauri Honda,7,52,70.642,0,No,18,1,0,64,1996-07-02,24,2020,,,,,1182,1252.642,5.891,306.332,0.34795611111111113,880.3753985576086
70th anniversary,12,5,Sebastian Vettel,Ferrari,11,52,73.37,0,No,18,1,0,258,1987-03-07,33,2020,,,,,1182,1255.37,5.891,306.332,0.3487138888888889,878.4622860192612
70th anniversary,13,55,Carlos Sainz,McLaren Renault,12,52,74.07,0,No,18,1,0,119,1994-01-09,26,2020,,,,,1182,1256.07,5.891,306.332,0.3489083333333333,877.9727244500705
70th anniversary,14,3,Daniel Ricciardo,Renault,5,51,+1 lap,0,No,18,1,0,188,1989-01-07,31,2020,,,,,1182,,5.891,300.441,,
70th anniversary,15,7,Kimi Raikkönen,Alfa Romeo Racing Ferrari,20,51,+1 lap,0,No,18,1,0,332,1979-10-17,41,2020,,,,,1182,,5.891,300.441,,
70th anniversary,16,8,Romain Grosjean,Haas Ferrari,13,51,+1 lap,0,No,18,1,0,181,1986-04-17,34,2020,,,,,1182,,5.891,300.441,,
70th anniversary,17,99,Antonio Giovinazzi,Alfa Romeo Racing Ferrari,19,51,+1 lap,0,No,18,1,0,40,1993-12-14,27,2020,,,,,1182,,5.891,300.441,,
70th anniversary,18,63,George Russell,Williams Mercedes,15,51,+1 lap,0,No,18,1,0,38,1998-02-15,22,2020,,,,,1182,,5.891,300.441,,
70th anniversary,19,6,Nicholas Latifi,Williams Mercedes,18,51,+1 lap,0,No,18,1,0,17,1995-06-29,25,2020,,,,,1182,,5.891,300.441,,
70th anniversary,NC,20,Kevin Magnussen,Haas Ferrari,17,43,DNF,0,No,18,0,0,120,1992-05-10,28,2020,,,,,1182,,5.891,253.313,,
spain,1,44,Lewis Hamilton,Mercedes,1,66,31:45.3,25,No,16,1,1,266,1985-07-01,35,2020,,,,,1905.3,1905.3,4.675,308.55,0.52925,582.9948039678791
spain,2,33,Max Verstappen,Red Bull Racing Honda,3,66,24.177,18,No,16,1,1,119,1997-09-30,23,2020,,,,,1905.3,1929.477,4.675,308.55,0.5359658333333334,575.6896817116763
spain,3,77,Valtteri Bottas,Mercedes,2,66,44.752,16,Yes,16,1,1,157,1989-08-28,31,2020,,,,,1905.3,1950.052,4.675,308.55,0.5416811111111111,569.6155794819831
spain,4,18,Lance Stroll,Racing Point BWT Mercedes,5,65,+1 lap,12,No,16,1,0,78,1998-10-29,22,2020,,,,,1905.3,,4.675,303.875,,
spain,5,11,Sergio Perez,Racing Point BWT Mercedes,4,65,+1 lap,10,No,16,1,0,193,1990-01-26,30,2020,,,,,1905.3,,4.675,303.875,,
spain,6,55,Carlos Sainz,McLaren Renault,7,65,+1 lap,8,No,16,1,0,119,1994-01-09,26,2020,,,,,1905.3,,4.675,303.875,,
spain,7,5,Sebastian Vettel,Ferrari,11,65,+1 lap,6,No,16,1,0,258,1987-03-07,33,2020,,,,,1905.3,,4.675,303.875,,
spain,8,23,Alexander Albon,Red Bull Racing Honda,6,65,+1 lap,4,No,16,1,0,38,1996-03-23,24,2020,,,,,1905.3,,4.675,303.875,,
spain,9,10,Pierre Gasly,AlphaTauri Honda,10,65,+1 lap,2,No,16,1,0,64,1996-07-02,24,2020,,,,,1905.3,,4.675,303.875,,
spain,10,4,Lando Norris,McLaren Renault,8,65,+1 lap,1,No,16,1,0,38,1999-11-13,21,2020,,,,,1905.3,,4.675,303.875,,
spain,11,3,Daniel Ricciardo,Renault,13,65,+1 lap,0,No,16,1,0,188,1989-01-07,31,2020,,,,,1905.3,,4.675,303.875,,
spain,12,26,Daniil Kvyat,AlphaTauri Honda,12,65,+1 lap,0,No,16,1,0,112,1994-04-26,26,2020,,,,,1905.3,,4.675,303.875,,
spain,13,31,Esteban Ocon,Renault,15,65,+1 lap,0,No,16,1,0,67,1996-09-17,24,2020,,,,,1905.3,,4.675,303.875,,
spain,14,7,Kimi Raikkönen,Alfa Romeo Racing Ferrari,14,65,+1 lap,0,No,16,1,0,332,1979-10-17,41,2020,,,,,1905.3,,4.675,303.875,,
spain,15,20,Kevin Magnussen,Haas Ferrari,16,65,+1 lap,0,No,16,1,0,120,1992-05-10,28,2020,,,,,1905.3,,4.675,303.875,,
spain,16,99,Antonio Giovinazzi,Alfa Romeo Racing Ferrari,20,65,+1 lap,0,No,16,1,0,40,1993-12-14,27,2020,,,,,1905.3,,4.675,303.875,,
spain,17,63,George Russell,Williams Mercedes,18,65,+1 lap,0,No,16,1,0,38,1998-02-15,22,2020,,,,,1905.3,,4.675,303.875,,
spain,18,6,Nicholas Latifi,Williams Mercedes,19,64,+2 laps,0,No,16,1,0,17,1995-06-29,25,2020,,,,,1905.3,,4.675,299.2,,
spain,19,8,Romain Grosjean,Haas Ferrari,17,64,+2 laps,0,No,16,1,0,181,1986-04-17,34,2020,,,,,1905.3,,4.675,299.2,,
spain,NC,16,Charles Leclerc,Ferrari,9,38,DNF,0,No,16,0,0,59,1997-10-16,23,2020,,,,,1905.3,,4.675,177.65,,
belgium,1,44,Lewis Hamilton,Mercedes,1,44,24:08.8,25,No,19,1,1,266,1985-07-01,35,2020,,,,,1448.8,1448.8,7.004,308.176,0.40244444444444444,765.7603533959139
belgium,2,77,Valtteri Bottas,Mercedes,2,44,8.448,18,No,19,1,1,157,1989-08-28,31,2020,,,,,1448.8,1457.248,7.004,308.176,0.4047911111111111,761.3210654603746
belgium,3,33,Max Verstappen,Red Bull Racing Honda,3,44,15.455,15,No,19,1,1,119,1997-09-30,23,2020,,,,,1448.8,1464.255,7.004,308.176,0.40673750000000003,757.6778634868925
belgium,4,3,Daniel Ricciardo,Renault,4,44,18.877,13,Yes,19,1,0,188,1989-01-07,31,2020,,,,,1448.8,1467.677,7.004,308.176,0.40768805555555554,755.9112802067485
belgium,5,31,Esteban Ocon,Renault,6,44,40.65,10,No,19,1,0,67,1996-09-17,24,2020,,,,,1448.8,1489.45,7.004,308.176,0.41373611111111114,744.8612575111617
belgium,6,23,Alexander Albon,Red Bull Racing Honda,5,44,42.712,8,No,19,1,0,38,1996-03-23,24,2020,,,,,1448.8,1491.512,7.004,308.176,0.4143088888888889,743.8314944834503
belgium,7,4,Lando Norris,McLaren Renault,10,44,43.774,6,No,19,1,0,38,1999-11-13,21,2020,,,,,1448.8,1492.574,7.004,308.176,0.4146038888888889,743.3022416309007
belgium,8,10,Pierre Gasly,AlphaTauri Honda,12,44,47.371,4,No,19,1,0,64,1996-07-02,24,2020,,,,,1448.8,1496.171,7.004,308.176,0.41560305555555555,741.5152412391365
belgium,9,18,Lance Stroll,Racing Point BWT Mercedes,9,44,52.603,2,No,19,1,0,78,1998-10-29,22,2020,,,,,1448.8,1501.403,7.004,308.176,0.4170563888888889,738.9312529680572
belgium,10,11,Sergio Perez,Racing Point BWT Mercedes,8,44,53.179,1,No,19,1,0,193,1990-01-26,30,2020,,,,,1448.8,1501.979,7.004,308.176,0.4172163888888889,738.6478772339692
belgium,11,26,Daniil Kvyat,AlphaTauri Honda,11,44,70.2,0,No,19,1,0,112,1994-04-26,26,2020,,,,,1448.8,1519,7.004,308.176,0.42194444444444446,730.3710335747202
belgium,12,7,Kimi Raikkönen,Alfa Romeo Racing Ferrari,16,44,71.504,0,No,19,1,0,332,1979-10-17,41,2020,,,,,1448.8,1520.304,7.004,308.176,0.42230666666666666,729.7445774003094
belgium,13,5,Sebastian Vettel,Ferrari,14,44,72.894,0,No,19,1,0,258,1987-03-07,33,2020,,,,,1448.8,1521.694,7.004,308.176,0.42269277777777775,729.0779880843323
belgium,14,16,Charles Leclerc,Ferrari,13,44,74.92,0,No,19,1,0,59,1997-10-16,23,2020,,,,,1448.8,1523.72,7.004,308.176,0.42325555555555555,728.1085763788623
belgium,15,8,Romain Grosjean,Haas Ferrari,17,44,76.793,0,No,19,1,0,181,1986-04-17,34,2020,,,,,1448.8,1525.5929999999998,7.004,308.176,0.4237758333333333,727.2146634
belgium,16,6,Nicholas Latifi,Williams Mercedes,19,44,77.795,0,No,19,1,0,17,1995-06-29,25,2020,,,,,1448.8,1526.595,7.004,308.176,0.4240541666666667,726.7373468405176
belgium,17,20,Kevin Magnussen,Haas Ferrari,20,44,85.54,0,No,19,1,0,120,1992-05-10,28,2020,,,,,1448.8,1534.34,7.004,308.176,0.42620555555555556,723.0689416948003
belgium,NC,99,Antonio Giovinazzi,Alfa Romeo Racing Ferrari,18,9,DNF,0,No,19,0,0,40,1993-12-14,27,2020,,,,,1448.8,,7.004,63.035999999999994,,
belgium,NC,63,George Russell,Williams Mercedes,15,9,DNF,0,No,19,0,0,38,1998-02-15,22,2020,,,,,1448.8,,7.004,63.035999999999994,,
belgium,NC,55,Carlos Sainz,McLaren Renault,7,0,DNS,0,No,19,0,0,119,1994-01-09,26,2020,,,,,1448.8,,7.004,0,,
italy,1,10,Pierre Gasly,AlphaTauri Honda,1,53,47:06.1,25,No,11,1,1,64,1996-07-02,24,2020,,,,,2826.1,2826.1,5.793,307.029,0.7850277777777778,391.1059056650508
italy,2,55,Carlos Sainz,McLaren Renault,3,53,0.415,18,No,11,1,1,119,1994-01-09,26,2020,,,,,2826.1,2826.515,5.793,307.029,0.7851430555555555,391.0484819645394
italy,3,18,Lance Stroll,Racing Point BWT Mercedes,8,53,3.358,15,No,11,1,1,78,1998-10-29,22,2020,,,,,2826.1,2829.458,5.793,307.029,0.7859605555555556,390.6417412804855
italy,4,4,Lando Norris,McLaren Renault,6,53,6,12,No,11,1,0,38,1999-11-13,21,2020,,,,,2826.1,2832.1,5.793,307.029,0.7866944444444445,390.2773207160764
italy,5,77,Valtteri Bottas,Mercedes,2,53,7.108,10,No,11,1,0,157,1989-08-28,31,2020,,,,,2826.1,2833.208,5.793,307.029,0.7870022222222223,390.12469257463624
italy,6,3,Daniel Ricciardo,Renault,7,53,8.391,8,No,11,1,0,188,1989-01-07,31,2020,,,,,2826.1,2834.491,5.793,307.029,0.7873586111111112,389.9481070851874
italy,7,44,Lewis Hamilton,Mercedes,1,53,17.245,7,Yes,11,1,0,266,1985-07-01,35,2020,,,,,2826.1,2843.345,5.793,307.029,0.7898180555555555,388.73383286235054
italy,8,31,Esteban Ocon,Renault,12,53,18.691,4,No,11,1,0,67,1996-09-17,24,2020,,,,,2826.1,2844.791,5.793,307.029,0.7902197222222223,388.5362404478923
italy,9,26,Daniil Kvyat,AlphaTauri Honda,11,53,22.208,2,No,11,1,0,112,1994-04-26,26,2020,,,,,2826.1,2848.308,5.793,307.029,0.7911966666666667,388.05648827303787
italy,10,11,Sergio Perez,Racing Point BWT Mercedes,4,53,23.224,1,No,11,1,0,193,1990-01-26,30,2020,,,,,2826.1,2849.324,5.793,307.029,0.791478889,387.9181167
italy,11,6,Nicholas Latifi,Williams Mercedes,20,53,32.876,0,No,11,1,0,17,1995-06-29,25,2020,,,,,2826.1,2858.976,5.793,307.029,0.79416,386.60849199153824
italy,12,8,Romain Grosjean,Haas Ferrari,16,53,35.164,0,No,11,1,0,181,1986-04-17,34,2020,,,,,2826.1,2861.264,5.793,307.029,0.7947955555555556,386.29934182934534
italy,13,7,Kimi Raikkönen,Alfa Romeo Racing Ferrari,14,53,36.312,0,No,11,1,0,332,1979-10-17,41,2020,,,,,2826.1,2862.412,5.793,307.029,0.7951144444444443,386.1444124745145
italy,14,63,George Russell,Williams Mercedes,19,53,36.593,0,No,11,1,0,38,1998-02-15,22,2020,,,,,2826.1,2862.693,5.793,307.029,0.7951925000000001,386.10650880132795
italy,15,23,Alexander Albon,Red Bull Racing Honda,9,53,37.533,0,No,11,1,0,38,1996-03-23,24,2020,,,,,2826.1,2863.633,5.793,307.029,0.795453611,385.97976765877473
italy,16,99,Antonio Giovinazzi,Alfa Romeo Racing Ferrari,18,53,55.199,0,No,11,1,0,40,1993-12-14,27,2020,,,,,2826.1,2881.299,5.793,307.029,0.8003608333333333,383.61322445188785
italy,NC,33,Max Verstappen,Red Bull Racing Honda,5,30,DNF,0,No,11,0,0,119,1997-09-30,23,2020,,,,,2826.1,,5.793,173.79,,
italy,NC,16,Charles Leclerc,Ferrari,13,23,DNF,0,No,11,0,0,59,1997-10-16,23,2020,,,,,2826.1,,5.793,133.239,,
italy,NC,20,Kevin Magnussen,Haas Ferrari,15,17,DNF,0,No,11,0,0,120,1992-05-10,28,2020,,,,,2826.1,,5.793,98.48100000000001,,
italy,NC,5,Sebastian Vettel,Ferrari,17,6,DNF,0,No,11,0,0,258,1987-03-07,33,2020,,,,,2826.1,,5.793,34.758,,
tuscany,1,44,Lewis Hamilton,Mercedes,1,59,19:35.1,26,Yes,15,1,1,266,1985-07-01,35,2020,,,,,1175.1,1175.1,5.245,309.455,0.32641666666666663,948.0367628286955
tuscany,2,77,Valtteri Bottas,Mercedes,2,59,4.88,18,No,15,1,1,157,1989-08-28,31,2020,,,,,1175.1,1179.98,5.245,309.455,0.32777222222222224,944.116002
tuscany,3,23,Alexander Albon,Red Bull Racing Honda,4,59,8.064,15,No,15,1,1,38,1996-03-23,24,2020,,,,,1175.1,1183.164,5.245,309.455,0.32865666666666665,941.5753015
tuscany,4,3,Daniel Ricciardo,Renault,8,59,10.417,12,No,15,1,0,188,1989-01-07,31,2020,,,,,1175.1,1185.5169999999998,5.245,309.455,0.3293102777777777,939.7064740530926
tuscany,5,11,Sergio Perez,Racing Point BWT Mercedes,7,59,15.65,10,No,15,1,0,193,1990-01-26,30,2020,,,,,1175.1,1190.75,5.245,309.455,0.3307638888888889,935.5767373504093
tuscany,6,4,Lando Norris,McLaren Renault,11,59,18.883,8,No,15,1,0,38,1999-11-13,21,2020,,,,,1175.1,1193.983,5.245,309.455,0.3316619444444444,933.0434352917923
tuscany,7,26,Daniil Kvyat,AlphaTauri Honda,12,59,21.756,6,No,15,1,0,112,1994-04-26,26,2020,,,,,1175.1,1196.856,5.245,309.455,0.33246,930.8037057089575
tuscany,8,16,Charles Leclerc,Ferrari,5,59,28.345,4,No,15,1,0,59,1997-10-16,23,2020,,,,,1175.1,1203.445,5.245,309.455,0.33429027777777776,925.7074482007903
tuscany,9,7,Kimi Raikkönen,Alfa Romeo Racing Ferrari,13,59,29.77,2,No,15,1,0,332,1979-10-17,41,2020,,,,,1175.1,1204.87,5.245,309.455,0.3346861111111111,924.6126138089587
tuscany,10,5,Sebastian Vettel,Ferrari,14,59,29.983,1,No,15,1,0,258,1987-03-07,33,2020,,,,,1175.1,1205.083,5.245,309.455,0.3347452777777778,924.4491873
tuscany,11,63,George Russell,Williams Mercedes,18,59,32.404,0,No,15,1,0,38,1998-02-15,22,2020,,,,,1175.1,1207.504,5.245,309.455,0.33541777777777776,922.5957015463302
tuscany,12,8,Romain Grosjean,Haas Ferrari,15,59,42.036,0,No,15,1,0,181,1986-04-17,34,2020,,,,,1175.1,1217.136,5.245,309.455,0.3380933333333333,915.2945932089758
tuscany,NC,18,Lance Stroll,Racing Point BWT Mercedes,6,42,DNF,0,No,15,0,0,78,1998-10-29,22,2020,,,,,1175.1,,5.245,220.29,,
tuscany,NC,31,Esteban Ocon,Renault,10,7,DNF,0,No,15,0,0,67,1996-09-17,24,2020,,,,,1175.1,,5.245,36.715,,
tuscany,NC,6,Nicholas Latifi,Williams Mercedes,19,6,DNF,0,No,15,0,0,17,1995-06-29,25,2020,,,,,1175.1,,5.245,31.47,,
tuscany,NC,20,Kevin Magnussen,Haas Ferrari,20,5,DNF,0,No,15,0,0,120,1992-05-10,28,2020,,,,,1175.1,,5.245,26.225,,
tuscany,NC,99,Antonio Giovinazzi,Alfa Romeo Racing Ferrari,17,5,DNF,0,No,15,0,0,40,1993-12-14,27,2020,,,,,1175.1,,5.245,26.225,,
tuscany,NC,55,Carlos Sainz,McLaren Renault,9,5,DNF,0,No,15,0,0,119,1994-01-09,26,2020,,,,,1175.1,,5.245,26.225,,
tuscany,NC,33,Max Verstappen,Red Bull Racing Honda,3,0,DNF,0,No,15,0,0,119,1997-09-30,23,2020,,,,,1175.1,,5.245,0,,
tuscany,NC,10,Pierre Gasly,AlphaTauri Honda,16,0,DNF,0,No,15,0,0,64,1996-07-02,24,2020,,,,,1175.1,,5.245,0,,
russia,1,77,Valtteri Bottas,Mercedes,3,53,34:00.4,26,Yes,18,1,1,157,1989-08-28,31,2020,,,,,2040.4,2040.4,5.848,309.944,0.5667777777777778,546.852774
russia,2,33,Max Verstappen,Red Bull Racing Honda,2,53,7.729,18,No,18,1,1,119,1997-09-30,23,2020,,,,,2040.4,2048.129,5.848,309.944,0.5689247222222222,544.7891221695509
russia,3,44,Lewis Hamilton,Mercedes,1,53,22.729,15,No,18,1,1,266,1985-07-01,35,2020,,,,,2040.4,2063.129,5.848,309.944,0.5730913888888889,540.8282274
russia,4,11,Sergio Perez,Racing Point BWT Mercedes,4,53,30.558,12,No,18,1,0,193,1990-01-26,30,2020,,,,,2040.4,2070.958,5.848,309.944,0.5752661111111111,538.7836933438534
russia,5,3,Daniel Ricciardo,Renault,5,53,52.065,10,No,18,1,0,188,1989-01-07,31,2020,,,,,2040.4,2092.465,5.848,309.944,0.5812402777777779,533.2459085
russia,6,16,Charles Leclerc,Ferrari,10,53,62.186,8,No,18,1,0,59,1997-10-16,23,2020,,,,,2040.4,2102.586,5.848,309.944,0.5840516666666666,530.6790780496018
russia,7,31,Esteban Ocon,Renault,7,53,68.006,6,No,18,1,0,67,1996-09-17,24,2020,,,,,2040.4,2108.406,5.848,309.944,0.5856683333333333,529.2142025776819
russia,8,26,Daniil Kvyat,AlphaTauri Honda,11,53,68.74,4,No,18,1,0,112,1994-04-26,26,2020,,,,,2040.4,2109.14,5.848,309.944,0.5858722222222222,529.0300311975498
russia,9,10,Pierre Gasly,AlphaTauri Honda,9,53,89.766,2,No,18,1,0,64,1996-07-02,24,2020,,,,,2040.4,2130.166,5.848,309.944,0.5917127777777779,523.8081914742794
russia,10,23,Alexander Albon,Red Bull Racing Honda,15,53,97.86,1,No,18,1,0,38,1996-03-23,24,2020,,,,,2040.4,2138.26,5.848,309.944,0.5939611111111112,521.8254094450627
russia,11,99,Antonio Giovinazzi,Alfa Romeo Racing Ferrari,17,52,+1 lap,0,No,18,1,0,40,1993-12-14,27,2020,,,,,2040.4,,5.848,304.096,,
russia,12,20,Kevin Magnussen,Haas Ferrari,18,52,+1 lap,0,No,18,1,0,120,1992-05-10,28,2020,,,,,2040.4,,5.848,304.096,,
russia,13,5,Sebastian Vettel,Ferrari,14,52,+1 lap,0,No,18,1,0,258,1987-03-07,33,2020,,,,,2040.4,,5.848,304.096,,
russia,14,7,Kimi Raikkönen,Alfa Romeo Racing Ferrari,19,52,+1 lap,0,No,18,1,0,332,1979-10-17,41,2020,,,,,2040.4,,5.848,304.096,,
russia,15,4,Lando Norris,McLaren Renault,8,52,+1 lap,0,No,18,1,0,38,1999-11-13,21,2020,,,,,2040.4,,5.848,304.096,,
russia,16,6,Nicholas Latifi,Williams Mercedes,20,52,+1 lap,0,No,18,1,0,17,1995-06-29,25,2020,,,,,2040.4,,5.848,304.096,,
russia,17,8,Romain Grosjean,Haas Ferrari,16,52,+1 lap,0,No,18,1,0,181,1986-04-17,34,2020,,,,,2040.4,,5.848,304.096,,
russia,18,63,George Russell,Williams Mercedes,13,52,+1 lap,0,No,18,1,0,38,1998-02-15,22,2020,,,,,2040.4,,5.848,304.096,,
russia,NC,55,Carlos Sainz,McLaren Renault,6,0,DNF,0,No,18,0,0,119,1994-01-09,26,2020,,,,,2040.4,,5.848,0,,
russia,NC,18,Lance Stroll,Racing Point BWT Mercedes,12,0,DNF,0,No,18,0,0,78,1998-10-29,22,2020,,,,,2040.4,,5.848,0,,
eifel,1,44,Lewis Hamilton,Mercedes,2,60,35:49.6,25,No,15,1,1,266,1985-07-01,35,2020,,,,,2149.6,2149.6,5.148,308.88,0.597111111,517.2906587272051
eifel,2,33,Max Verstappen,Red Bull Racing Honda,3,60,4.47,19,Yes,15,1,1,119,1997-09-30,23,2020,,,,,2149.6,2154.07,5.148,308.88,0.5983527777777778,516.2172074259424
eifel,3,3,Daniel Ricciardo,Renault,6,60,14.631,15,No,15,1,1,188,1989-01-07,31,2020,,,,,2149.6,2164.231,5.148,308.88,0.6011752777777778,513.7935830324951
eifel,4,11,Sergio Perez,Racing Point BWT Mercedes,9,60,16.07,12,No,15,1,0,193,1990-01-26,30,2020,,,,,2149.6,2165.67,5.148,308.88,0.601575,513.452188
eifel,5,55,Carlos Sainz,McLaren Renault,10,60,21.905,10,No,15,1,0,119,1994-01-09,26,2020,,,,,2149.6,2171.505,5.148,308.88,0.6031958333333334,512.0725027112533
eifel,6,10,Pierre Gasly,AlphaTauri Honda,12,60,22.766,8,No,15,1,0,64,1996-07-02,24,2020,,,,,2149.6,2172.366,5.148,308.88,0.6034349999999999,511.86954684431635
eifel,7,16,Charles Leclerc,Ferrari,4,60,30.841,6,No,15,1,0,59,1997-10-16,23,2020,,,,,2149.6,2180.441,5.148,308.88,0.6056780555555555,509.97389977532066
eifel,8,27,Nico Hulkenberg,Racing Point BWT Mercedes,20,60,32.596,4,No,15,1,0,182,1987-08-19,33,2020,,,,,2149.6,2182.196,5.148,308.88,0.6061655555555555,509.5637605421328
eifel,9,8,Romain Grosjean,Haas Ferrari,16,60,39.081,2,No,15,1,0,181,1986-04-17,34,2020,,,,,2149.6,2188.681,5.148,308.88,0.6079669444444444,508.0539375084811
eifel,10,99,Antonio Giovinazzi,Alfa Romeo Racing Ferrari,14,60,40.035,1,No,15,1,0,40,1993-12-14,27,2020,,,,,2149.6,2189.635,5.148,308.88,0.6082319444444445,507.8325839694743
eifel,11,5,Sebastian Vettel,Ferrari,11,60,40.81,0,No,15,1,0,258,1987-03-07,33,2020,,,,,2149.6,2190.41,5.148,308.88,0.6084472222222221,507.65290516387347
eifel,12,7,Kimi Raikkönen,Alfa Romeo Racing Ferrari,19,60,41.476,0,No,15,1,0,332,1979-10-17,41,2020,,,,,2149.6,2191.076,5.148,308.88,0.6086322222222222,507.4985989
eifel,13,20,Kevin Magnussen,Haas Ferrari,15,60,49.585,0,No,15,1,0,120,1992-05-10,28,2020,,,,,2149.6,2199.185,5.148,308.88,0.6108847222222222,505.62731193601263
eifel,14,6,Nicholas Latifi,Williams Mercedes,18,60,54.449,0,No,15,1,0,17,1995-06-29,25,2020,,,,,2149.6,2204.049,5.148,308.88,0.6122358333333333,504.5114695725912
eifel,15,26,Daniil Kvyat,AlphaTauri Honda,13,60,55.588,0,No,15,1,0,112,1994-04-26,26,2020,,,,,2149.6,2205.188,5.148,308.88,0.6125522222222223,504.25088473182325
eifel,NC,4,Lando Norris,McLaren Renault,8,42,DNF,0,No,15,0,0,38,1999-11-13,21,2020,,,,,2149.6,,5.148,216.21599999999998,,
eifel,NC,23,Alexander Albon,Red Bull Racing Honda,5,23,DNF,0,No,15,0,0,38,1996-03-23,24,2020,,,,,2149.6,,5.148,118.404,,
eifel,NC,31,Esteban Ocon,Renault,7,22,DNF,0,No,15,0,0,67,1996-09-17,24,2020,,,,,2149.6,,5.148,113.256,,
eifel,NC,77,Valtteri Bottas,Mercedes,1,18,DNF,0,No,15,0,0,157,1989-08-28,31,2020,,,,,2149.6,,5.148,92.66399999999999,,
eifel,NC,63,George Russell,Williams Mercedes,17,12,DNF,0,No,15,0,0,38,1998-02-15,22,2020,,,,,2149.6,,5.148,61.775999999999996,,
portugal,1,44,Lewis Hamilton,Mercedes,1,66,29:56.8,26,Yes,15,1,1,266,1985-07-01,35,2020,,,,,1796.8,1796.8,4.653,307.09799999999996,0.4991111111111111,615.2898486197683
portugal,2,77,Valtteri Bottas,Mercedes,2,66,25.592,18,No,15,1,1,157,1989-08-28,31,2020,,,,,1796.8,1822.392,4.653,307.09799999999996,0.50622,606.6492829204693
portugal,3,33,Max Verstappen,Red Bull Racing Honda,3,66,34.508,15,No,15,1,1,119,1997-09-30,23,2020,,,,,1796.8,1831.308,4.653,307.09799999999996,0.5086966666666667,603.6957191253464
portugal,4,16,Charles Leclerc,Ferrari,4,66,65.312,12,No,15,1,0,59,1997-10-16,23,2020,,,,,1796.8,1862.112,4.653,307.09799999999996,0.5172533333333333,593.7090787235138
portugal,5,10,Pierre Gasly,AlphaTauri Honda,9,65,+1 lap,10,No,15,1,0,64,1996-07-02,24,2020,,,,,1796.8,,4.653,302.445,,
portugal,6,55,Carlos Sainz,McLaren Renault,7,65,+1 lap,8,No,15,1,0,119,1994-01-09,26,2020,,,,,1796.8,,4.653,302.445,,
portugal,7,11,Sergio Perez,Racing Point BWT Mercedes,5,65,+1 lap,6,No,15,1,0,193,1990-01-26,30,2020,,,,,1796.8,,4.653,302.445,,
portugal,8,31,Esteban Ocon,Renault,11,65,+1 lap,4,No,15,1,0,67,1996-09-17,24,2020,,,,,1796.8,,4.653,302.445,,
portugal,9,3,Daniel Ricciardo,Renault,10,65,+1 lap,2,No,15,1,0,188,1989-01-07,31,2020,,,,,1796.8,,4.653,302.445,,
portugal,10,5,Sebastian Vettel,Ferrari,15,65,+1 lap,1,No,15,1,0,258,1987-03-07,33,2020,,,,,1796.8,,4.653,302.445,,
portugal,11,7,Kimi Raikkönen,Alfa Romeo Racing Ferrari,16,65,+1 lap,0,No,15,1,0,332,1979-10-17,41,2020,,,,,1796.8,,4.653,302.445,,
portugal,12,23,Alexander Albon,Red Bull Racing Honda,6,65,+1 lap,0,No,15,1,0,38,1996-03-23,24,2020,,,,,1796.8,,4.653,302.445,,
portugal,13,4,Lando Norris,McLaren Renault,8,65,+1 lap,0,No,15,1,0,38,1999-11-13,21,2020,,,,,1796.8,,4.653,302.445,,
portugal,14,63,George Russell,Williams Mercedes,14,65,+1 lap,0,No,15,1,0,38,1998-02-15,22,2020,,,,,1796.8,,4.653,302.445,,
portugal,15,99,Antonio Giovinazzi,Alfa Romeo Racing Ferrari,17,65,+1 lap,0,No,15,1,0,40,1993-12-14,27,2020,,,,,1796.8,,4.653,302.445,,
portugal,16,20,Kevin Magnussen,Haas Ferrari,19,65,+1 lap,0,No,15,1,0,120,1992-05-10,28,2020,,,,,1796.8,,4.653,302.445,,
portugal,17,8,Romain Grosjean,Haas Ferrari,18,65,+1 lap,0,No,15,1,0,181,1986-04-17,34,2020,,,,,1796.8,,4.653,302.445,,
portugal,18,6,Nicholas Latifi,Williams Mercedes,20,64,+2 laps,0,No,15,1,0,17,1995-06-29,25,2020,,,,,1796.8,,4.653,297.792,,
portugal,19,26,Daniil Kvyat,AlphaTauri Honda,13,64,+2 laps,0,No,15,1,0,112,1994-04-26,26,2020,,,,,1796.8,,4.653,297.792,,
portugal,NC,18,Lance Stroll,Racing Point BWT Mercedes,12,51,DNF,0,No,15,0,0,78,1998-10-29,22,2020,,,,,1796.8,,4.653,237.30299999999997,,
emilia romagna,1,44,Lewis Hamilton,Mercedes,2,63,28:32.4,26,Yes,19,1,1,266,1985-07-01,35,2020,,,,,1712.4,1712.4,4.909,309.267,0.4756666666666667,650.1758935
emilia romagna,2,77,Valtteri Bottas,Mercedes,1,63,5.783,18,No,19,1,1,157,1989-08-28,31,2020,,,,,1712.4,1718.183,4.909,309.267,0.47727305555555555,647.9875542942748
emilia romagna,3,3,Daniel Ricciardo,Renault,5,63,14.32,15,No,19,1,1,188,1989-01-07,31,2020,,,,,1712.4,1726.72,4.909,309.267,0.47964444444444443,644.7838676797628
emilia romagna,4,26,Daniil Kvyat,AlphaTauri Honda,8,63,15.141,12,No,19,1,0,112,1994-04-26,26,2020,,,,,1712.4,1727.5410000000002,4.909,309.267,0.47987250000000004,644.4774393198193
emilia romagna,5,16,Charles Leclerc,Ferrari,7,63,19.111,10,No,19,1,0,59,1997-10-16,23,2020,,,,,1712.4,1731.5110000000002,4.909,309.267,0.4809752777777778,642.9997845812126
emilia romagna,6,11,Sergio Perez,Racing Point BWT Mercedes,11,63,19.652,8,No,19,1,0,193,1990-01-26,30,2020,,,,,1712.4,1732.052,4.909,309.267,0.48112555555555553,642.7989459900742
emilia romagna,7,55,Carlos Sainz,McLaren Renault,10,63,20.23,6,No,19,1,0,119,1994-01-09,26,2020,,,,,1712.4,1732.63,4.909,309.267,0.48128611111111114,642.5845102531988
emilia romagna,8,4,Lando Norris,McLaren Renault,9,63,21.131,4,No,19,1,0,38,1999-11-13,21,2020,,,,,1712.4,1733.5310000000002,4.909,309.267,0.48153638888888894,642.2505279686374
emilia romagna,9,7,Kimi Raikkönen,Alfa Romeo Racing Ferrari,18,63,22.224,2,No,19,1,0,332,1979-10-17,41,2020,,,,,1712.4,1734.624,4.909,309.267,0.48184,641.8458409430516
emilia romagna,10,99,Antonio Giovinazzi,Alfa Romeo Racing Ferrari,20,63,26.398,1,No,19,1,0,40,1993-12-14,27,2020,,,,,1712.4,1738.798,4.909,309.267,0.4829994444444444,640.3050843168672
emilia romagna,11,6,Nicholas Latifi,Williams Mercedes,19,63,27.135,0,No,19,1,0,17,1995-06-29,25,2020,,,,,1712.4,1739.535,4.909,309.267,0.4832041666666667,640.0338021367778
emilia romagna,12,5,Sebastian Vettel,Ferrari,14,63,28.453,0,No,19,1,0,258,1987-03-07,33,2020,,,,,1712.4,1740.853,4.909,309.267,0.4835702777777778,639.5492324739654
emilia romagna,13,18,Lance Stroll,Racing Point BWT Mercedes,15,63,29.163,0,No,19,1,0,78,1998-10-29,22,2020,,,,,1712.4,1741.563,4.909,309.267,0.4837675,639.2885011911713
emilia romagna,14,8,Romain Grosjean,Haas Ferrari,16,63,32.935,0,No,19,1,0,181,1986-04-17,34,2020,,,,,1712.4,1745.335,4.909,309.267,0.4848152777777778,637.9068774762438
emilia romagna,15,23,Alexander Albon,Red Bull Racing Honda,6,63,57.284,0,No,19,1,0,38,1996-03-23,24,2020,,,,,1712.4,1769.6840000000002,4.909,309.267,0.49157888888888895,629.1299463633054
emilia romagna,NC,63,George Russell,Williams Mercedes,13,51,DNF,0,No,19,0,0,38,1998-02-15,22,2020,,,,,1712.4,,4.909,250.35899999999998,,
emilia romagna,NC,33,Max Verstappen,Red Bull Racing Honda,3,50,DNF,0,No,19,0,0,119,1997-09-30,23,2020,,,,,1712.4,,4.909,245.45,,
emilia romagna,NC,20,Kevin Magnussen,Haas Ferrari,17,47,DNF,0,No,19,0,0,120,1992-05-10,28,2020,,,,,1712.4,,4.909,230.72299999999998,,
emilia romagna,NC,31,Esteban Ocon,Renault,12,27,DNF,0,No,19,0,0,67,1996-09-17,24,2020,,,,,1712.4,,4.909,132.543,,
emilia romagna,NC,10,Pierre Gasly,AlphaTauri Honda,4,8,DNF,0,No,19,0,0,64,1996-07-02,24,2020,,,,,1712.4,,4.909,39.272,,
turkey,1,44,Lewis Hamilton,Mercedes,6,58,42:19.3,25,No,14,1,1,266,1985-07-01,35,2020,,,,,2539.3,2539.3,5.338,309.604,0.7053611111111112,438.9297837986846
turkey,2,11,Sergio Perez,Racing Point BWT Mercedes,3,58,31.633,18,No,14,1,1,193,1990-01-26,30,2020,,,,,2539.3,2570.933,5.338,309.604,0.7141480555555556,433.5291507013212
turkey,3,5,Sebastian Vettel,Ferrari,11,58,31.96,15,No,14,1,1,258,1987-03-07,33,2020,,,,,2539.3,2571.26,5.338,309.604,0.714238889,433.4740166
turkey,4,16,Charles Leclerc,Ferrari,12,58,33.858,12,No,14,1,0,59,1997-10-16,23,2020,,,,,2539.3,2573.1580000000004,5.338,309.604,0.7147661111111112,433.1542796827866
turkey,5,55,Carlos Sainz,McLaren Renault,15,58,34.363,10,No,14,1,0,119,1994-01-09,26,2020,,,,,2539.3,2573.663,5.338,309.604,0.7149063888888889,433.0692868491329
turkey,6,33,Max Verstappen,Red Bull Racing Honda,2,58,44.873,8,No,14,1,0,119,1997-09-30,23,2020,,,,,2539.3,2584.173,5.338,309.604,0.7178258333333333,431.3079658366526
turkey,7,23,Alexander Albon,Red Bull Racing Honda,4,58,46.484,6,No,14,1,0,38,1996-03-23,24,2020,,,,,2539.3,2585.784,5.338,309.604,0.7182733333333333,431.0392515384116
turkey,8,4,Lando Norris,McLaren Renault,14,58,61.259,5,Yes,14,1,0,38,1999-11-13,21,2020,,,,,2539.3,2600.559,5.338,309.604,0.7223775,428.59031462081805
turkey,9,18,Lance Stroll,Racing Point BWT Mercedes,1,58,72.353,2,No,14,1,0,78,1998-10-29,22,2020,,,,,2539.3,2611.653,5.338,309.604,0.7254591666666667,426.7697125154069
turkey,10,3,Daniel Ricciardo,Renault,5,58,95.46,1,No,14,1,0,188,1989-01-07,31,2020,,,,,2539.3,2634.76,5.338,309.604,0.7318777777777778,423.0269170626546
turkey,11,31,Esteban Ocon,Renault,7,57,+1 lap,0,No,14,1,0,67,1996-09-17,24,2020,,,,,2539.3,,5.338,304.266,,
turkey,12,26,Daniil Kvyat,AlphaTauri Honda,16,57,+1 lap,0,No,14,1,0,112,1994-04-26,26,2020,,,,,2539.3,,5.338,304.266,,
turkey,13,10,Pierre Gasly,AlphaTauri Honda,19,57,+1 lap,0,No,14,1,0,64,1996-07-02,24,2020,,,,,2539.3,,5.338,304.266,,
turkey,14,77,Valtteri Bottas,Mercedes,9,57,+1 lap,0,No,14,1,0,157,1989-08-28,31,2020,,,,,2539.3,,5.338,304.266,,
turkey,15,7,Kimi Raikkönen,Alfa Romeo Racing Ferrari,8,57,+1 lap,0,No,14,1,0,332,1979-10-17,41,2020,,,,,2539.3,,5.338,304.266,,
turkey,16,63,George Russell,Williams Mercedes,20,57,+1 lap,0,No,14,1,0,38,1998-02-15,22,2020,,,,,2539.3,,5.338,304.266,,
turkey,17,20,Kevin Magnussen,Haas Ferrari,13,55,DNF,0,No,14,0,0,120,1992-05-10,28,2020,,,,,2539.3,,5.338,293.59000000000003,,
turkey,NC,8,Romain Grosjean,Haas Ferrari,17,49,DNF,0,No,14,0,0,181,1986-04-17,34,2020,,,,,2539.3,,5.338,261.562,,
turkey,NC,6,Nicholas Latifi,Williams Mercedes,18,39,DNF,0,No,14,0,0,17,1995-06-29,25,2020,,,,,2539.3,,5.338,208.18200000000002,,
turkey,NC,99,Antonio Giovinazzi,Alfa Romeo Racing Ferrari,10,11,DNF,0,No,14,0,0,40,1993-12-14,27,2020,,,,,2539.3,,5.338,58.718,,
bahrain,1,44,Lewis Hamilton,Mercedes,1,57,59:47.5,25,No,15,1,1,266,1985-07-01,35,2020,,,,,3587.5,3587.5,5.412,308.484,0.9965277777777778,309.5588571428571
bahrain,2,33,Max Verstappen,Red Bull Racing Honda,3,57,1.254,19,Yes,15,1,1,119,1997-09-30,23,2020,,,,,3587.5,3588.754,5.412,308.484,0.9968761111111111,309.45068957080923
bahrain,3,23,Alexander Albon,Red Bull Racing Honda,4,57,8.005,15,No,15,1,1,38,1996-03-23,24,2020,,,,,3587.5,3595.505,5.412,308.484,0.9987513888888889,308.86965808697244
bahrain,4,4,Lando Norris,McLaren Renault,9,57,11.337,12,No,15,1,0,38,1999-11-13,21,2020,,,,,3587.5,3598.837,5.412,308.484,0.9996769444444444,308.58368967530345
bahrain,5,55,Carlos Sainz,McLaren Renault,15,57,11.787,10,No,15,1,0,119,1994-01-09,26,2020,,,,,3587.5,3599.287,5.412,308.484,0.9998019444444444,308.5451090729914
bahrain,6,10,Pierre Gasly,AlphaTauri Honda,8,57,11.942,8,No,15,1,0,64,1996-07-02,24,2020,,,,,3587.5,3599.442,5.412,308.484,0.999845,308.53182243247704
bahrain,7,3,Daniel Ricciardo,Renault,6,57,19.368,6,No,15,1,0,188,1989-01-07,31,2020,,,,,3587.5,3606.868,5.412,308.484,1.0019077777777778,307.8966017054131
bahrain,8,77,Valtteri Bottas,Mercedes,2,57,19.68,4,No,15,1,0,157,1989-08-28,31,2020,,,,,3587.5,3607.18,5.412,308.484,1.0019944444444444,307.8699704
bahrain,9,31,Esteban Ocon,Renault,7,57,22.803,2,No,15,1,0,67,1996-09-17,24,2020,,,,,3587.5,3610.303,5.412,308.484,1.0028619444444444,307.6036554272591
bahrain,10,16,Charles Leclerc,Ferrari,12,56,+1 lap,1,No,15,1,0,59,1997-10-16,23,2020,,,,,3587.5,,5.412,303.072,,
bahrain,11,26,Daniil Kvyat,AlphaTauri Honda,10,56,+1 lap,0,No,15,1,0,112,1994-04-26,26,2020,,,,,3587.5,,5.412,303.072,,
bahrain,12,63,George Russell,Williams Mercedes,14,56,+1 lap,0,No,15,1,0,38,1998-02-15,22,2020,,,,,3587.5,,5.412,303.072,,
bahrain,13,5,Sebastian Vettel,Ferrari,11,56,+1 lap,0,No,15,1,0,258,1987-03-07,33,2020,,,,,3587.5,,5.412,303.072,,
bahrain,14,6,Nicholas Latifi,Williams Mercedes,20,56,+1 lap,0,No,15,1,0,17,1995-06-29,25,2020,,,,,3587.5,,5.412,303.072,,
bahrain,15,7,Kimi Raikkönen,Alfa Romeo Racing Ferrari,17,56,+1 lap,0,No,15,1,0,332,1979-10-17,41,2020,,,,,3587.5,,5.412,303.072,,
bahrain,16,99,Antonio Giovinazzi,Alfa Romeo Racing Ferrari,16,56,+1 lap,0,No,15,1,0,40,1993-12-14,27,2020,,,,,3587.5,,5.412,303.072,,
bahrain,17,20,Kevin Magnussen,Haas Ferrari,18,56,+1 lap,0,No,15,1,0,120,1992-05-10,28,2020,,,,,3587.5,,5.412,303.072,,
bahrain,18,11,Sergio Perez,Racing Point BWT Mercedes,5,53,DNF,0,No,15,0,0,193,1990-01-26,30,2020,,,,,3587.5,,5.412,286.836,,
bahrain,NC,18,Lance Stroll,Racing Point BWT Mercedes,13,2,DNF,0,No,15,0,0,78,1998-10-29,22,2020,,,,,3587.5,,5.412,10.824,,
bahrain,NC,8,Romain Grosjean,Haas Ferrari,19,0,DNF,0,No,15,0,0,181,1986-04-17,34,2020,,,,,3587.5,,5.412,0,,
sakhir,1,11,Sergio Perez,Racing Point BWT Mercedes,5,87,31:15.1,25,No,11,1,1,193,1990-01-26,30,2020,,,,,1875.1,1875.1,3.543,308.241,0.5208611111111111,591.7911578
sakhir,2,31,Esteban Ocon,Renault,11,87,10.518,18,No,11,1,1,67,1996-09-17,24,2020,,,,,1875.1,1885.618,3.543,308.241,0.5237827777777777,588.4901395722782
sakhir,3,18,Lance Stroll,Racing Point BWT Mercedes,10,87,11.869,15,No,11,1,1,78,1998-10-29,22,2020,,,,,1875.1,1886.969,3.543,308.241,0.5241580555555556,588.0688024021591
sakhir,4,55,Carlos Sainz,McLaren Renault,8,87,12.58,12,No,11,1,0,119,1994-01-09,26,2020,,,,,1875.1,1887.68,3.543,308.241,0.5243555555555556,587.8473046
sakhir,5,3,Daniel Ricciardo,Renault,7,87,13.33,10,No,11,1,0,188,1989-01-07,31,2020,,,,,1875.1,1888.43,3.543,308.241,0.5245638888888889,587.613838
sakhir,6,23,Alexander Albon,Red Bull Racing Honda,12,87,13.842,8,No,11,1,0,38,1996-03-23,24,2020,,,,,1875.1,1888.942,3.543,308.241,0.5247061111111111,587.4545645128331
sakhir,7,26,Daniil Kvyat,AlphaTauri Honda,6,87,14.534,6,No,11,1,0,112,1994-04-26,26,2020,,,,,1875.1,1889.634,3.543,308.241,0.5248983333333334,587.2394336681072
sakhir,8,77,Valtteri Bottas,Mercedes,1,87,15.389,4,No,11,1,0,157,1989-08-28,31,2020,,,,,1875.1,1890.489,3.543,308.241,0.5251358333333334,586.9738464492519
sakhir,9,63,George Russell,Mercedes,2,87,18.556,3,Yes,11,1,0,38,1998-02-15,22,2020,,,,,1875.1,1893.656,3.543,308.241,0.5260155555555556,585.9921759812764
sakhir,10,4,Lando Norris,McLaren Renault,15,87,19.541,1,No,11,1,0,38,1999-11-13,21,2020,,,,,1875.1,1894.641,3.543,308.241,0.5262891666666667,585.6875260273581
sakhir,11,10,Pierre Gasly,AlphaTauri Honda,9,87,20.527,0,No,11,1,0,64,1996-07-02,24,2020,,,,,1875.1,1895.627,3.543,308.241,0.5265630555555555,585.3828838690313
sakhir,12,5,Sebastian Vettel,Ferrari,13,87,22.611,0,No,11,1,0,258,1987-03-07,33,2020,,,,,1875.1,1897.711,3.543,308.241,0.5271419444444444,584.7400368127708
sakhir,13,99,Antonio Giovinazzi,Alfa Romeo Racing Ferrari,14,87,24.111,0,No,11,1,0,40,1993-12-14,27,2020,,,,,1875.1,1899.211,3.543,308.241,0.5275586111111111,584.2782081611784
sakhir,14,7,Kimi Raikkönen,Alfa Romeo Racing Ferrari,19,87,26.153,0,No,11,1,0,332,1979-10-17,41,2020,,,,,1875.1,1901.253,3.543,308.241,0.5281258333333333,583.6506766853228
sakhir,15,20,Kevin Magnussen,Haas Ferrari,16,87,32.37,0,No,11,1,0,120,1992-05-10,28,2020,,,,,1875.1,1907.47,3.543,308.241,0.5298527777777778,581.7483892276156
sakhir,16,89,Jack Aitken,Williams Mercedes,18,87,33.674,0,No,11,1,0,1,,,2020,,,,,1875.1,1908.774,3.543,308.241,0.530215,581.3509614024499
sakhir,17,51,Pietro Fittipaldi,Haas Ferrari,20,87,36.858,0,No,11,1,0,2,,,2020,,,,,1875.1,1911.958,3.543,308.241,0.5310994444444445,580.3828326772868
sakhir,NC,6,Nicholas Latifi,Williams Mercedes,17,52,DNF,0,No,11,0,0,17,1995-06-29,25,2020,,,,,1875.1,,3.543,184.23600000000002,,
sakhir,NC,33,Max Verstappen,Red Bull Racing Honda,3,0,DNF,0,No,11,0,0,119,1997-09-30,23,2020,,,,,1875.1,,3.543,0,,
sakhir,NC,16,Charles Leclerc,Ferrari,4,0,DNF,0,No,11,0,0,59,1997-10-16,23,2020,,,,,1875.1,,3.543,0,,
abu dhabi,1,33,Max Verstappen,Red Bull Racing Honda,1,55,36:28.6,25,No,21,1,1,119,1997-09-30,23,2020,,,,,2188.6,2188.6,5.281,290.455,0.6079444444444444,477.7656949648177
abu dhabi,2,77,Valtteri Bottas,Mercedes,2,55,15.976,18,No,21,1,1,157,1989-08-28,31,2020,,,,,2188.6,2204.576,5.281,290.455,0.6123822222222223,474.30344882644096
abu dhabi,3,44,Lewis Hamilton,Mercedes,3,55,18.415,15,No,21,1,1,266,1985-07-01,35,2020,,,,,2188.6,2207.015,5.281,290.455,0.6130597222222222,473.7792901271627
abu dhabi,4,23,Alexander Albon,Red Bull Racing Honda,5,55,19.987,12,No,21,1,0,38,1996-03-23,24,2020,,,,,2188.6,2208.587,5.281,290.455,0.6134963888888889,473.44206952227825
abu dhabi,5,4,Lando Norris,McLaren Renault,4,55,60.729,10,No,21,1,0,38,1999-11-13,21,2020,,,,,2188.6,2249.329,5.281,290.455,0.6248136111111111,464.86663356049735
abu dhabi,6,55,Carlos Sainz,McLaren Renault,6,55,65.662,8,No,21,1,0,119,1994-01-09,26,2020,,,,,2188.6,2254.262,5.281,290.455,0.626183889,463.8493662227371
abu dhabi,7,3,Daniel Ricciardo,Renault,11,55,73.748,7,Yes,21,1,0,188,1989-01-07,31,2020,,,,,2188.6,2262.348,5.281,290.455,0.6284299999999999,462.1914930859444
abu dhabi,8,10,Pierre Gasly,AlphaTauri Honda,9,55,89.718,4,No,21,1,0,64,1996-07-02,24,2020,,,,,2188.6,2278.318,5.281,290.455,0.6328661111111111,458.9517354469393
abu dhabi,9,31,Esteban Ocon,Renault,10,55,101.069,2,No,21,1,0,67,1996-09-17,24,2020,,,,,2188.6,2289.669,5.281,290.455,0.6360191666666666,456.6764890471068
abu dhabi,10,18,Lance Stroll,Racing Point BWT Mercedes,8,55,102.738,1,No,21,1,0,78,1998-10-29,22,2020,,,,,2188.6,2291.338,5.281,290.455,0.6364827777777778,456.34384800496474
abu dhabi,11,26,Daniil Kvyat,AlphaTauri Honda,7,54,+1 lap,0,No,21,1,0,112,1994-04-26,26,2020,,,,,2188.6,,5.281,285.174,,
abu dhabi,12,7,Kimi Raikkönen,Alfa Romeo Racing Ferrari,15,54,+1 lap,0,No,21,1,0,332,1979-10-17,41,2020,,,,,2188.6,,5.281,285.174,,
abu dhabi,13,16,Charles Leclerc,Ferrari,12,54,+1 lap,0,No,21,1,0,59,1997-10-16,23,2020,,,,,2188.6,,5.281,285.174,,
abu dhabi,14,5,Sebastian Vettel,Ferrari,13,54,+1 lap,0,No,21,1,0,258,1987-03-07,33,2020,,,,,2188.6,,5.281,285.174,,
abu dhabi,15,63,George Russell,Williams Mercedes,16,54,+1 lap,0,No,21,1,0,38,1998-02-15,22,2020,,,,,2188.6,,5.281,285.174,,
abu dhabi,16,99,Antonio Giovinazzi,Alfa Romeo Racing Ferrari,14,54,+1 lap,0,No,21,1,0,40,1993-12-14,27,2020,,,,,2188.6,,5.281,285.174,,
abu dhabi,17,6,Nicholas Latifi,Williams Mercedes,18,54,+1 lap,0,No,21,1,0,17,1995-06-29,25,2020,,,,,2188.6,,5.281,285.174,,
abu dhabi,18,20,Kevin Magnussen,Haas Ferrari,20,54,+1 lap,0,No,21,1,0,120,1992-05-10,28,2020,,,,,2188.6,,5.281,285.174,,
abu dhabi,19,51,Pietro Fittipaldi,Haas Ferrari,17,53,+2 laps,0,No,21,1,0,2,,,2020,,,,,2188.6,,5.281,279.893,,
abu dhabi,NC,11,Sergio Perez,Racing Point BWT Mercedes,19,8,DNF,0,No,21,0,0,193,1990-01-26,30,2020,,,,,2188.6,,5.281,42.248,,
bahrain,1,44,Lewis Hamilton,Mercedes,2,56,32:03.9,25,01:34.0,15,1,1,288,1985-01-07,,2021,36,,,,1923.9,1923.9,5.412,303.072,0.5344166666666667,567.1080617495712
bahrain,2,33,Max Verstappen,Red Bull Racing Honda,1,56,0.745,18,01:33.2,15,1,1,141,1997-09-30,,2021,24,,,,1923.9,1924.645,5.412,303.072,0.5346236111111111,566.8885431
bahrain,3,77,Valtteri Bottas,Mercedes,3,56,37.383,16,01:32.1,15,1,1,178,1989-08-28,,2021,32,,,,1923.9,1961.283,5.412,303.072,0.5448008333333333,556.2987085494547
bahrain,4,4,Lando Norris,McLaren Mercedes,7,56,46.466,12,01:34.4,15,1,0,60,1999-11-13,,2021,22,,,,1923.9,1970.366,5.412,303.072,0.5473238888888888,553.7342808391944
bahrain,5,11,Sergio Perez,Red Bull Racing Honda,11,56,52.047,10,01:34.0,15,1,0,214,1990-01-26,,2021,31,,,,1923.9,1975.947,5.412,303.072,0.5488741666666667,552.1702758221754
bahrain,6,16,Charles Leclerc,Ferrari,4,56,59.09,8,01:35.0,15,1,0,81,1997-10-16,,2021,24,,,,1923.9,1982.99,5.412,303.072,0.5508305555555556,550.2091286390753
bahrain,7,3,Daniel Ricciardo,McLaren Mercedes,6,56,66.004,6,01:34.9,15,1,0,210,1989-07-01,,2021,32,,,,1923.9,1989.904,5.412,303.072,0.5527511111111111,548.2974053019643
bahrain,8,55,Carlos Sainz,Ferrari,8,56,67.1,4,01:34.5,15,1,0,141,1994-09-01,,2021,27,,,,1923.9,1991,5.412,303.072,0.5530555555555555,547.9955801104973
bahrain,9,22,Yuki Tsunoda,AlphaTauri Honda,13,56,85.692,2,01:34.8,15,1,0,22,2000-05-11,,2021,21,,,,1923.9,2009.592,5.412,303.072,0.55822,542.9257282075167
bahrain,10,18,Lance Stroll,Aston Martin Mercedes,10,56,86.713,1,01:34.9,15,1,0,100,1998-10-29,,2021,23,,,,1923.9,2010.613,5.412,303.072,0.5585036111111111,542.6500276283899
bahrain,11,7,Kimi Raikkönen,Alfa Romeo Racing Ferrari,14,56,88.864,0,01:35.2,15,1,0,352,1979-10-17,,2021,42,,,,1923.9,2012.764,5.412,303.072,0.559101111,542.0701085671246
bahrain,12,99,Antonio Giovinazzi,Alfa Romeo Racing Ferrari,12,55,+1 lap,0,01:35.1,15,1,0,62,1993-12-14,,2021,28,,,,1923.9,,5.412,297.65999999999997,,
bahrain,13,31,Esteban Ocon,Alpine Renault,16,55,+1 lap,0,01:35.3,15,1,0,89,1996-09-17,,2021,25,,,,1923.9,,5.412,297.65999999999997,,
bahrain,14,63,George Russell,Williams Mercedes,15,55,+1 lap,0,01:35.0,15,1,0,60,1998-02-15,,2021,23,,,,1923.9,,5.412,297.65999999999997,,
bahrain,15,5,Sebastian Vettel,Aston Martin Mercedes,20,55,+1 lap,0,01:35.6,15,1,0,280,1987-07-03,,2021,34,,,,1923.9,,5.412,297.65999999999997,,
bahrain,16,47,Mick Schumacher,Haas Ferrari,18,55,+1 lap,0,01:36.1,15,1,0,22,1999-03-22,,2021,22,,,,1923.9,,5.412,297.65999999999997,,
bahrain,17,10,Pierre Gasly,AlphaTauri Honda,5,52,DNF,0,01:34.1,15,0,0,86,1996-02-07,,2021,25,,,,1923.9,,5.412,281.424,,
bahrain,18,6,Nicholas Latifi,Williams Mercedes,17,51,DNF,0,01:36.6,15,0,0,39,1995-06-29,,2021,26,,,,1923.9,,5.412,276.012,,
bahrain,NC,14,Fernando Alonso,Alpine Renault,9,32,DNF,0,01:36.1,15,0,0,336,1981-07-29,,2021,40,,,,1923.9,,5.412,173.184,,
bahrain,NC,9,Nikita Mazepin,Haas Ferrari,19,0,DNF,0,,15,0,0,21,1999-03-02,,2021,22,,,,1923.9,,5.412,0,,
emilia romagna,1,33,Max Verstappen,Red Bull Racing Honda,2,63,02:34.6,25,01:17.5,19,1,1,141,1997-09-30,,2021,24,,,,154.6,154.6,4.909,309.267,0.042944444444444445,7201.560155239327
emilia romagna,2,44,Lewis Hamilton,Mercedes,1,63,22,19,01:16.7,19,1,1,288,1985-01-07,,2021,36,,,,154.6,176.6,4.909,309.267,0.049055555555555554,6304.423556
emilia romagna,3,4,Lando Norris,McLaren Mercedes,7,63,23.702,15,01:18.3,19,1,1,60,1999-11-13,,2021,22,,,,154.6,178.302,4.909,309.267,0.049528333333333334,6244.244035400612
emilia romagna,4,16,Charles Leclerc,Ferrari,4,63,25.579,12,01:18.4,19,1,0,81,1997-10-16,,2021,24,,,,154.6,180.179,4.909,309.267,0.050049722222222225,6179.195133728125
emilia romagna,5,55,Carlos Sainz,Ferrari,11,63,27.036,10,01:18.5,19,1,0,141,1994-09-01,,2021,27,,,,154.6,181.636,4.909,309.267,0.050454444,6129.628487744721
emilia romagna,6,3,Daniel Ricciardo,McLaren Mercedes,6,63,51.22,8,01:19.3,19,1,0,210,1989-07-01,,2021,32,,,,154.6,205.82,4.909,309.267,0.057172222,5409.392673209601
emilia romagna,7,10,Pierre Gasly,AlphaTauri Honda,5,63,52.818,6,01:18.8,19,1,0,86,1996-02-07,,2021,25,,,,154.6,207.418,4.909,309.267,0.057616111,5367.717363006103
emilia romagna,8,18,Lance Stroll,Aston Martin Mercedes,10,63,56.909,4,01:19.0,19,1,0,100,1998-10-29,,2021,23,,,,154.6,211.509,4.909,309.267,0.0587525,5263.895153397728
emilia romagna,9,31,Esteban Ocon,Alpine Renault,9,63,65.704,2,01:19.4,19,1,0,89,1996-09-17,,2021,25,,,,154.6,220.304,4.909,309.267,0.061195556,5053.749364514489
emilia romagna,10,14,Fernando Alonso,Alpine Renault,15,63,66.561,1,01:19.4,19,1,0,336,1981-07-29,,2021,40,,,,154.6,221.161,4.909,309.267,0.061433611,5034.166060019624
emilia romagna,11,11,Sergio Perez,Red Bull Racing Honda,2,63,67.151,0,01:18.3,19,1,0,214,1990-01-26,,2021,31,,,,154.6,221.751,4.909,309.267,0.0615975,5020.771947
emilia romagna,12,22,Yuki Tsunoda,AlphaTauri Honda,20,63,73.184,0,01:18.4,19,1,0,22,2000-05-11,,2021,21,,,,154.6,227.784,4.909,309.267,0.063273333,4887.793699294068
emilia romagna,13,7,Kimi Raikkönen,Alfa Romeo Racing Ferrari,16,63,94.773,0,01:19.4,19,1,0,352,1979-10-17,,2021,42,,,,154.6,249.373,4.909,309.267,0.069270278,4464.642122443087
emilia romagna,14,99,Antonio Giovinazzi,Alfa Romeo Racing Ferrari,17,62,+1 lap,0,01:19.5,19,1,0,62,1993-12-14,,2021,28,,,,154.6,,4.909,304.358,,
emilia romagna,15,5,Sebastian Vettel,Aston Martin Mercedes,13,61,DNF,0,01:19.1,19,0,0,280,1987-07-03,,2021,34,,,,154.6,,4.909,299.449,,
emilia romagna,16,47,Mick Schumacher,Haas Ferrari,18,61,+2 laps,0,01:19.2,19,1,0,22,1999-03-22,,2021,22,,,,154.6,,4.909,299.449,,
emilia romagna,17,9,Nikita Mazepin,Haas Ferrari,19,61,+2 laps,0,01:20.4,19,1,0,21,1999-03-02,,2021,22,,,,154.6,,4.909,299.449,,
emilia romagna,NC,77,Valtteri Bottas,Mercedes,8,30,DNF,0,01:28.5,19,0,0,178,1989-08-28,,2021,32,,,,154.6,,4.909,147.26999999999998,,
emilia romagna,NC,63,George Russell,Williams Mercedes,12,30,DNF,0,01:26.5,19,0,0,60,1998-02-15,,2021,23,,,,154.6,,4.909,147.26999999999998,,
emilia romagna,NC,6,Nicholas Latifi,Williams Mercedes,14,0,DNF,0,,19,0,0,39,1995-06-29,,2021,26,,,,154.6,,4.909,0,,
portugal,1,44,Lewis Hamilton,Mercedes,2,66,34:31.4,25,01:20.9,15,1,1,288,1985-01-07,,2021,36,,,,2071.4,2071.4,4.653,307.09799999999996,0.575388889,533.7225065173311
portugal,2,33,Max Verstappen,Red Bull Racing Honda,3,66,29.148,18,01:20.7,15,1,1,141,1997-09-30,,2021,24,,,,2071.4,2100.548,4.653,307.09799999999996,0.5834855555555555,526.3163707756262
portugal,3,77,Valtteri Bottas,Mercedes,1,66,33.53,16,01:19.9,15,1,1,178,1989-08-28,,2021,32,,,,2071.4,2104.9300000000003,4.653,307.09799999999996,0.5847027777777779,525.2206961751696
portugal,4,11,Sergio Perez,Red Bull Racing Honda,4,66,39.735,12,01:20.6,15,1,0,214,1990-01-26,,2021,31,,,,2071.4,2111.135,4.653,307.09799999999996,0.586426389,523.6769794447061
portugal,5,4,Lando Norris,McLaren Mercedes,7,66,51.369,10,01:21.7,15,1,0,60,1999-11-13,,2021,22,,,,2071.4,2122.769,4.653,307.09799999999996,0.5896580555555555,520.8069272
portugal,6,16,Charles Leclerc,Ferrari,8,66,55.781,8,01:21.5,15,1,0,81,1997-10-16,,2021,24,,,,2071.4,2127.181,4.653,307.09799999999996,0.5908836111111111,519.7267181307091
portugal,7,31,Esteban Ocon,Alpine Renault,6,66,63.749,6,01:21.9,15,1,0,89,1996-09-17,,2021,25,,,,2071.4,2135.149,4.653,307.09799999999996,0.5930969444444444,517.7871895591361
portugal,8,14,Fernando Alonso,Alpine Renault,13,66,64.808,4,01:21.0,15,1,0,336,1981-07-29,,2021,40,,,,2071.4,2136.208,4.653,307.09799999999996,0.5933911111111111,517.5305026476822
portugal,9,3,Daniel Ricciardo,McLaren Mercedes,16,66,75.369,2,01:22.0,15,1,0,210,1989-07-01,,2021,32,,,,2071.4,2146.769,4.653,307.09799999999996,0.5963247222222222,514.9845185951539
portugal,10,10,Pierre Gasly,AlphaTauri Honda,9,66,76.463,1,01:22.0,15,1,0,86,1996-02-07,,2021,25,,,,2071.4,2147.8630000000003,4.653,307.09799999999996,0.5966286111111112,514.7222145918988
portugal,11,55,Carlos Sainz,Ferrari,5,66,78.955,0,01:22.3,15,1,0,141,1994-09-01,,2021,27,,,,2071.4,2150.355,4.653,307.09799999999996,0.5973208333333333,514.1257141262721
portugal,12,99,Antonio Giovinazzi,Alfa Romeo Racing Ferrari,12,65,+1 lap,0,01:22.2,15,1,0,62,1993-12-14,,2021,28,,,,2071.4,,4.653,302.445,,
portugal,13,5,Sebastian Vettel,Aston Martin Mercedes,10,65,+1 lap,0,01:22.4,15,1,0,280,1987-07-03,,2021,34,,,,2071.4,,4.653,302.445,,
portugal,14,18,Lance Stroll,Aston Martin Mercedes,17,65,+1 lap,0,01:22.0,15,1,0,100,1998-10-29,,2021,23,,,,2071.4,,4.653,302.445,,
portugal,15,22,Yuki Tsunoda,AlphaTauri Honda,14,65,+1 lap,0,01:22.1,15,1,0,22,2000-05-11,,2021,21,,,,2071.4,,4.653,302.445,,
portugal,16,63,George Russell,Williams Mercedes,11,65,+1 lap,0,01:22.7,15,1,0,60,1998-02-15,,2021,23,,,,2071.4,,4.653,302.445,,
portugal,17,47,Mick Schumacher,Haas Ferrari,19,64,+2 laps,0,01:22.8,15,1,0,22,1999-03-22,,2021,22,,,,2071.4,,4.653,297.792,,
portugal,18,6,Nicholas Latifi,Williams Mercedes,18,64,+2 laps,0,01:23.2,15,1,0,39,1995-06-29,,2021,26,,,,2071.4,,4.653,297.792,,
portugal,19,9,Nikita Mazepin,Haas Ferrari,20,64,+2 laps,0,01:23.6,15,1,0,21,1999-03-02,,2021,22,,,,2071.4,,4.653,297.792,,
portugal,NC,7,Kimi Raikkönen,Alfa Romeo Racing Ferrari,15,1,DNF,0,,15,0,0,352,1979-10-17,,2021,42,,,,2071.4,,4.653,4.653,,
spain,1,44,Lewis Hamilton,Mercedes,1,66,33:07.7,25,01:20.7,16,1,1,288,1985-01-07,,2021,36,,,,1987.7,1987.7,4.675,308.55,0.552138889,558.8267847260653
spain,2,33,Max Verstappen,Red Bull Racing Honda,2,66,15.841,19,01:18.1,16,1,1,141,1997-09-30,,2021,24,,,,1987.7,2003.541,4.675,308.55,0.5565391666666667,554.4084198925801
spain,3,77,Valtteri Bottas,Mercedes,3,66,26.61,15,01:19.4,16,1,1,178,1989-08-28,,2021,32,,,,1987.7,2014.31,4.675,308.55,0.5595305555555555,551.4444152091784
spain,4,16,Charles Leclerc,Ferrari,4,66,54.616,12,01:20.5,16,1,0,81,1997-10-16,,2021,24,,,,1987.7,2042.316,4.675,308.55,0.56731,543.8825333591864
spain,5,11,Sergio Perez,Red Bull Racing Honda,8,66,63.671,10,01:19.5,16,1,0,214,1990-01-26,,2021,31,,,,1987.7,2051.371,4.675,308.55,0.5698252777777778,541.4817699967485
spain,6,3,Daniel Ricciardo,McLaren Mercedes,7,66,73.768,8,01:21.9,16,1,0,210,1989-07-01,,2021,32,,,,1987.7,2061.468,4.675,308.55,0.57263,538.8296107
spain,7,55,Carlos Sainz,Ferrari,6,66,74.67,6,01:21.6,16,1,0,141,1994-09-01,,2021,27,,,,1987.7,2062.37,4.675,308.55,0.5728805555555555,538.5939477397363
spain,8,4,Lando Norris,McLaren Mercedes,9,65,+1 lap,4,01:21.3,16,1,0,60,1999-11-13,,2021,22,,,,1987.7,,4.675,303.875,,
spain,9,31,Esteban Ocon,Alpine Renault,5,65,+1 lap,2,01:23.3,16,1,0,89,1996-09-17,,2021,25,,,,1987.7,,4.675,303.875,,
spain,10,10,Pierre Gasly,AlphaTauri Honda,12,65,+1 lap,1,01:21.4,16,1,0,86,1996-02-07,,2021,25,,,,1987.7,,4.675,303.875,,
spain,11,18,Lance Stroll,Aston Martin Mercedes,11,65,+1 lap,0,01:22.6,16,1,0,100,1998-10-29,,2021,23,,,,1987.7,,4.675,303.875,,
spain,12,7,Kimi Raikkönen,Alfa Romeo Racing Ferrari,17,65,+1 lap,0,01:22.9,16,1,0,352,1979-10-17,,2021,42,,,,1987.7,,4.675,303.875,,
spain,13,5,Sebastian Vettel,Aston Martin Mercedes,13,65,+1 lap,0,01:22.8,16,1,0,280,1987-07-03,,2021,34,,,,1987.7,,4.675,303.875,,
spain,14,63,George Russell,Williams Mercedes,15,65,+1 lap,0,01:23.2,16,1,0,60,1998-02-15,,2021,23,,,,1987.7,,4.675,303.875,,
spain,15,99,Antonio Giovinazzi,Alfa Romeo Racing Ferrari,14,65,+1 lap,0,01:22.8,16,1,0,62,1993-12-14,,2021,28,,,,1987.7,,4.675,303.875,,
spain,16,6,Nicholas Latifi,Williams Mercedes,19,65,+1 lap,0,01:22.9,16,1,0,39,1995-06-29,,2021,26,,,,1987.7,,4.675,303.875,,
spain,17,14,Fernando Alonso,Alpine Renault,10,65,+1 lap,0,01:21.2,16,1,0,336,1981-07-29,,2021,40,,,,1987.7,,4.675,303.875,,
spain,18,47,Mick Schumacher,Haas Ferrari,18,64,+2 laps,0,01:22.6,16,1,0,22,1999-03-22,,2021,22,,,,1987.7,,4.675,299.2,,
spain,19,9,Nikita Mazepin,Haas Ferrari,20,64,+2 laps,0,01:24.0,16,1,0,21,1999-03-02,,2021,22,,,,1987.7,,4.675,299.2,,
spain,NC,22,Yuki Tsunoda,AlphaTauri Honda,16,6,DNF,0,01:24.8,16,0,0,22,2000-05-11,,2021,21,,,,1987.7,,4.675,28.049999999999997,,
monaco,1,33,Max Verstappen,Red Bull Racing Honda,2,78,38:56.8,25,01:14.6,19,1,1,141,1997-09-30,,2021,24,,,,2336.8,2336.8,3.337,260.286,0.6491111111111112,400.9883601506333
monaco,2,55,Carlos Sainz,Ferrari,4,78,8.968,18,01:14.6,19,1,1,141,1994-09-01,,2021,27,,,,2336.8,2345.768,3.337,260.286,0.6516022222222222,399.45535960930494
monaco,3,4,Lando Norris,McLaren Mercedes,5,78,19.427,15,01:14.7,19,1,1,60,1999-11-13,,2021,22,,,,2336.8,2356.2270000000003,3.337,260.286,0.6545075000000001,397.68222671245167
monaco,4,11,Sergio Perez,Red Bull Racing Honda,9,78,20.49,12,01:14.6,19,1,0,214,1990-01-26,,2021,31,,,,2336.8,2357.29,3.337,260.286,0.6548027777777777,397.5028952738102
monaco,5,5,Sebastian Vettel,Aston Martin Mercedes,8,78,52.591,10,01:15.3,19,1,0,280,1987-07-03,,2021,34,,,,2336.8,2389.391,3.337,260.286,0.6637197222222222,392.16252174717323
monaco,6,10,Pierre Gasly,AlphaTauri Honda,6,78,53.896,8,01:15.4,19,1,0,86,1996-02-07,,2021,25,,,,2336.8,2390.6960000000004,3.337,260.286,0.6640822222222224,391.94845350475333
monaco,7,44,Lewis Hamilton,Mercedes,7,78,68.231,7,01:12.9,19,1,0,288,1985-01-07,,2021,36,,,,2336.8,2405.031,3.337,260.286,0.6680641666666667,389.6122752679695
monaco,8,18,Lance Stroll,Aston Martin Mercedes,13,77,+1 lap,4,01:14.7,19,1,0,100,1998-10-29,,2021,23,,,,2336.8,,3.337,256.949,,
monaco,9,31,Esteban Ocon,Alpine Renault,11,77,+1 lap,2,01:15.3,19,1,0,89,1996-09-17,,2021,25,,,,2336.8,,3.337,256.949,,
monaco,10,99,Antonio Giovinazzi,Alfa Romeo Racing Ferrari,10,77,+1 lap,1,01:15.3,19,1,0,62,1993-12-14,,2021,28,,,,2336.8,,3.337,256.949,,
monaco,11,7,Kimi Raikkönen,Alfa Romeo Racing Ferrari,14,77,+1 lap,0,01:15.0,19,1,0,352,1979-10-17,,2021,42,,,,2336.8,,3.337,256.949,,
monaco,12,3,Daniel Ricciardo,McLaren Mercedes,12,77,+1 lap,0,01:14.6,19,1,0,210,1989-07-01,,2021,32,,,,2336.8,,3.337,256.949,,
monaco,13,14,Fernando Alonso,Alpine Renault,17,77,+1 lap,0,01:15.0,19,1,0,336,1981-07-29,,2021,40,,,,2336.8,,3.337,256.949,,
monaco,14,63,George Russell,Williams Mercedes,15,77,+1 lap,0,01:15.5,19,1,0,60,1998-02-15,,2021,23,,,,2336.8,,3.337,256.949,,
monaco,15,6,Nicholas Latifi,Williams Mercedes,18,77,+1 lap,0,01:15.4,19,1,0,39,1995-06-29,,2021,26,,,,2336.8,,3.337,256.949,,
monaco,16,22,Yuki Tsunoda,AlphaTauri Honda,16,77,+1 lap,0,01:14.0,19,1,0,22,2000-05-11,,2021,21,,,,2336.8,,3.337,256.949,,
monaco,17,9,Nikita Mazepin,Haas Ferrari,19,75,+3 laps,0,01:16.9,19,1,0,21,1999-03-02,,2021,22,,,,2336.8,,3.337,250.275,,
monaco,18,47,Mick Schumacher,Haas Ferrari,20,75,+3 laps,0,01:16.4,19,1,0,22,1999-03-22,,2021,22,,,,2336.8,,3.337,250.275,,
monaco,NC,77,Valtteri Bottas,Mercedes,3,29,DNF,0,01:15.7,19,0,0,178,1989-08-28,,2021,32,,,,2336.8,,3.337,96.77300000000001,,
monaco,NC,16,Charles Leclerc,Ferrari,1,0,DNS,0,,19,0,0,81,1997-10-16,,2021,24,,,,2336.8,,3.337,0,,
azerbaijan,1,11,Sergio Perez,Red Bull Racing Honda,6,51,13:36.4,25,01:44.7,20,1,1,214,1990-01-26,,2021,31,,,,816.4,816.4,6.003,306.153,0.22677777777777777,1350.0132288094073
azerbaijan,2,5,Sebastian Vettel,Aston Martin Mercedes,11,51,1.385,18,01:44.9,20,1,1,280,1987-07-03,,2021,34,,,,816.4,817.785,6.003,306.153,0.2271625,1347.7268475210478
azerbaijan,3,10,Pierre Gasly,AlphaTauri Honda,4,51,2.762,15,01:45.2,20,1,1,86,1996-02-07,,2021,25,,,,816.4,819.1619999999999,6.003,306.153,0.22754499999999997,1345.4613373178934
azerbaijan,4,16,Charles Leclerc,Ferrari,1,51,3.828,12,01:45.4,20,1,0,81,1997-10-16,,2021,24,,,,816.4,820.228,6.003,306.153,0.2278411111111111,1343.712723779242
azerbaijan,5,4,Lando Norris,McLaren Mercedes,9,51,4.754,10,01:45.3,20,1,0,60,1999-11-13,,2021,22,,,,816.4,821.154,6.003,306.153,0.22809833333333332,1342.1974440847882
azerbaijan,6,14,Fernando Alonso,Alpine Renault,8,51,6.382,8,01:45.6,20,1,0,336,1981-07-29,,2021,40,,,,816.4,822.7819999999999,6.003,306.153,0.22855055555555553,1339.5417012039643
azerbaijan,7,22,Yuki Tsunoda,AlphaTauri Honda,7,51,6.624,6,01:44.9,20,1,0,22,2000-05-11,,2021,21,,,,816.4,823.024,6.003,306.153,0.22861777777777778,1339.1478255798131
azerbaijan,8,55,Carlos Sainz,Ferrari,5,51,7.709,4,01:45.7,20,1,0,141,1994-09-01,,2021,27,,,,816.4,824.1089999999999,6.003,306.153,0.22891916666666665,1337.3847391546508
azerbaijan,9,3,Daniel Ricciardo,McLaren Mercedes,13,51,8.874,2,01:45.7,20,1,0,210,1989-07-01,,2021,32,,,,816.4,825.274,6.003,306.153,0.22924277777777777,1335.4968168147793
azerbaijan,10,7,Kimi Raikkönen,Alfa Romeo Racing Ferrari,14,51,9.576,1,01:45.6,20,1,0,352,1979-10-17,,2021,42,,,,816.4,825.976,6.003,306.153,0.22943777777777777,1334.3617732234352
azerbaijan,11,99,Antonio Giovinazzi,Alfa Romeo Racing Ferrari,20,51,10.254,0,01:45.6,20,1,0,62,1993-12-14,,2021,28,,,,816.4,826.654,6.003,306.153,0.22962611111111111,1333.2673645805864
azerbaijan,12,77,Valtteri Bottas,Mercedes,10,51,11.264,0,01:45.7,20,1,0,178,1989-08-28,,2021,32,,,,816.4,827.664,6.003,306.153,0.22990666666666668,1331.6403758046745
azerbaijan,13,47,Mick Schumacher,Haas Ferrari,17,51,14.241,0,01:47.6,20,1,0,22,1999-03-22,,2021,22,,,,816.4,830.641,6.003,306.153,0.2307336111111111,1326.8678045027877
azerbaijan,14,9,Nikita Mazepin,Haas Ferrari,18,51,14.315,0,01:47.7,20,1,0,21,1999-03-02,,2021,22,,,,816.4,830.715,6.003,306.153,0.23075416666666668,1326.749607
azerbaijan,15,44,Lewis Hamilton,Mercedes,2,51,17.668,0,01:44.8,20,1,0,288,1985-01-07,,2021,36,,,,816.4,834.068,6.003,306.153,0.23168555555555556,1321.4159996547044
azerbaijan,16,6,Nicholas Latifi,Williams Mercedes,16,51,42.379,0,01:46.6,20,1,0,39,1995-06-29,,2021,26,,,,816.4,858.779,6.003,306.153,0.23854972222222223,1283.3928170111287
azerbaijan,17,63,George Russell,Williams Mercedes,15,48,DNF,0,01:46.0,20,0,0,60,1998-02-15,,2021,23,,,,816.4,,6.003,288.144,,
azerbaijan,18,33,Max Verstappen,Red Bull Racing Honda,3,45,DNF,0,01:44.5,20,0,0,141,1997-09-30,,2021,24,,,,816.4,,6.003,270.135,,
azerbaijan,NC,18,Lance Stroll,Aston Martin Mercedes,19,29,DNF,0,01:46.2,20,0,0,100,1998-10-29,,2021,23,,,,816.4,,6.003,174.087,,
azerbaijan,NC,31,Esteban Ocon,Alpine Renault,12,3,DNF,0,01:50.9,20,0,0,89,1996-09-17,,2021,25,,,,816.4,,6.003,18.009,,
france,1,33,Max Verstappen,Red Bull Racing Honda,1,53,27:25.8,26,01:36.4,15,1,1,141,1997-09-30,,2021,24,,,,1645.8,1645.8,5.842,309.626,0.45716666666666667,677.2716004374772
france,2,44,Lewis Hamilton,Mercedes,2,53,2.904,18,01:37.4,15,1,1,288,1985-01-07,,2021,36,,,,1645.8,1648.704,5.842,309.626,0.45797333333333334,676.0786654244788
france,3,11,Sergio Perez,Red Bull Racing Honda,4,53,8.811,15,01:36.7,15,1,1,214,1990-01-26,,2021,31,,,,1645.8,1654.611,5.842,309.626,0.4596141666666667,673.6650487637274
france,4,77,Valtteri Bottas,Mercedes,3,53,14.618,12,01:37.0,15,1,0,178,1989-08-28,,2021,32,,,,1645.8,1660.418,5.842,309.626,0.4612272222222222,671.3090318221075
france,5,4,Lando Norris,McLaren Mercedes,8,53,64.032,10,01:37.4,15,1,0,60,1999-11-13,,2021,22,,,,1645.8,1709.832,5.842,309.626,0.47495333333333334,651.9082576533834
france,6,3,Daniel Ricciardo,McLaren Mercedes,10,53,75.857,8,01:38.3,15,1,0,210,1989-07-01,,2021,32,,,,1645.8,1721.657,5.842,309.626,0.47823805555555554,647.4307019342413
france,7,10,Pierre Gasly,AlphaTauri Honda,6,53,76.596,6,01:38.1,15,1,0,86,1996-02-07,,2021,25,,,,1645.8,1722.396,5.842,309.626,0.47844333333333333,647.1529195376672
france,8,14,Fernando Alonso,Alpine Renault,9,53,77.695,4,01:37.6,15,1,0,336,1981-07-29,,2021,40,,,,1645.8,1723.495,5.842,309.626,0.47874861111111106,646.7402574420001
france,9,5,Sebastian Vettel,Aston Martin Mercedes,12,53,79.666,2,01:37.1,15,1,0,280,1987-07-03,,2021,34,,,,1645.8,1725.466,5.842,309.626,0.4792961111111111,646.0014859753828
france,10,18,Lance Stroll,Aston Martin Mercedes,19,53,91.946,1,01:37.8,15,1,0,100,1998-10-29,,2021,23,,,,1645.8,1737.746,5.842,309.626,0.48270722222222223,641.4364354744594
france,11,55,Carlos Sainz,Ferrari,5,53,99.337,0,01:38.9,15,1,0,141,1994-09-01,,2021,27,,,,1645.8,1745.137,5.842,309.626,0.48476027777777775,638.7198254349086
france,12,63,George Russell,Williams Mercedes,14,52,+1 lap,0,01:38.3,15,1,0,60,1998-02-15,,2021,23,,,,1645.8,,5.842,303.784,,
france,13,22,Yuki Tsunoda,AlphaTauri Honda,20,52,+1 lap,0,01:39.0,15,1,0,22,2000-05-11,,2021,21,,,,1645.8,,5.842,303.784,,
france,14,31,Esteban Ocon,Alpine Renault,11,52,+1 lap,0,01:38.6,15,1,0,89,1996-09-17,,2021,25,,,,1645.8,,5.842,303.784,,
france,15,99,Antonio Giovinazzi,Alfa Romeo Racing Ferrari,13,52,+1 lap,0,01:38.7,15,1,0,62,1993-12-14,,2021,28,,,,1645.8,,5.842,303.784,,
france,16,16,Charles Leclerc,Ferrari,7,52,+1 lap,0,01:37.7,15,1,0,81,1997-10-16,,2021,24,,,,1645.8,,5.842,303.784,,
france,17,7,Kimi Raikkönen,Alfa Romeo Racing Ferrari,17,52,+1 lap,0,01:38.0,15,1,0,352,1979-10-17,,2021,42,,,,1645.8,,5.842,303.784,,
france,18,6,Nicholas Latifi,Williams Mercedes,16,52,+1 lap,0,01:38.3,15,1,0,39,1995-06-29,,2021,26,,,,1645.8,,5.842,303.784,,
france,19,47,Mick Schumacher,Haas Ferrari,15,52,+1 lap,0,01:38.8,15,1,0,22,1999-03-22,,2021,22,,,,1645.8,,5.842,303.784,,
france,20,9,Nikita Mazepin,Haas Ferrari,18,52,+1 lap,0,01:39.3,15,1,0,21,1999-03-02,,2021,22,,,,1645.8,,5.842,303.784,,
styria,1,33,Max Verstappen,Red Bull Racing Honda,1,71,22:18.9,25,01:08.0,10,1,1,141,1997-09-30,,2021,24,,,,1338.9,1338.9,4.318,306.578,0.3719166666666667,824.3190678915527
styria,2,44,Lewis Hamilton,Mercedes,2,71,35.743,19,01:07.1,10,1,1,288,1985-01-07,,2021,36,,,,1338.9,1374.643,4.318,306.578,0.38184527777777777,802.8854037011791
styria,3,77,Valtteri Bottas,Mercedes,5,71,46.907,15,01:08.6,10,1,1,178,1989-08-28,,2021,32,,,,1338.9,1385.807,4.318,306.578,0.3849463888888889,796.4173943413476
styria,4,11,Sergio Perez,Red Bull Racing Honda,4,71,47.434,12,01:07.9,10,1,0,214,1990-01-26,,2021,31,,,,1338.9,1386.334,4.318,306.578,0.3850927777777778,796.1146448114234
styria,5,4,Lando Norris,McLaren Mercedes,3,70,+1 lap,10,01:08.9,10,1,0,60,1999-11-13,,2021,22,,,,1338.9,,4.318,302.26,,
styria,6,55,Carlos Sainz,Ferrari,12,70,+1 lap,8,01:08.6,10,1,0,141,1994-09-01,,2021,27,,,,1338.9,,4.318,302.26,,
styria,7,16,Charles Leclerc,Ferrari,7,70,+1 lap,6,01:08.7,10,1,0,81,1997-10-16,,2021,24,,,,1338.9,,4.318,302.26,,
styria,8,18,Lance Stroll,Aston Martin Mercedes,9,70,+1 lap,4,01:09.8,10,1,0,100,1998-10-29,,2021,23,,,,1338.9,,4.318,302.26,,
styria,9,14,Fernando Alonso,Alpine Renault,8,70,+1 lap,2,01:09.7,10,1,0,336,1981-07-29,,2021,40,,,,1338.9,,4.318,302.26,,
styria,10,22,Yuki Tsunoda,AlphaTauri Honda,11,70,+1 lap,1,01:09.7,10,1,0,22,2000-05-11,,2021,21,,,,1338.9,,4.318,302.26,,
styria,11,7,Kimi Raikkönen,Alfa Romeo Racing Ferrari,18,70,+1 lap,0,01:09.1,10,1,0,352,1979-10-17,,2021,42,,,,1338.9,,4.318,302.26,,
styria,12,5,Sebastian Vettel,Aston Martin Mercedes,14,70,+1 lap,0,01:09.8,10,1,0,280,1987-07-03,,2021,34,,,,1338.9,,4.318,302.26,,
styria,13,3,Daniel Ricciardo,McLaren Mercedes,13,70,+1 lap,0,01:09.3,10,1,0,210,1989-07-01,,2021,32,,,,1338.9,,4.318,302.26,,
styria,14,31,Esteban Ocon,Alpine Renault,17,70,+1 lap,0,01:09.6,10,1,0,89,1996-09-17,,2021,25,,,,1338.9,,4.318,302.26,,
styria,15,99,Antonio Giovinazzi,Alfa Romeo Racing Ferrari,15,70,+1 lap,0,01:09.7,10,1,0,62,1993-12-14,,2021,28,,,,1338.9,,4.318,302.26,,
styria,16,47,Mick Schumacher,Haas Ferrari,19,69,+2 laps,0,01:10.0,10,1,0,22,1999-03-22,,2021,22,,,,1338.9,,4.318,297.94199999999995,,
styria,17,6,Nicholas Latifi,Williams Mercedes,16,68,+3 laps,0,01:10.1,10,1,0,39,1995-06-29,,2021,26,,,,1338.9,,4.318,293.62399999999997,,
styria,18,9,Nikita Mazepin,Haas Ferrari,20,68,+3 laps,0,01:11.0,10,1,0,21,1999-03-02,,2021,22,,,,1338.9,,4.318,293.62399999999997,,
styria,NC,63,George Russell,Williams Mercedes,10,36,DNF,0,01:10.5,10,0,0,60,1998-02-15,,2021,23,,,,1338.9,,4.318,155.44799999999998,,
styria,NC,10,Pierre Gasly,AlphaTauri Honda,6,1,DNF,0,,10,0,0,86,1996-02-07,,2021,25,,,,1338.9,,4.318,4.318,,
austria,1,33,Max Verstappen,Red Bull Racing Honda,1,71,23:54.5,26,01:06.2,10,1,1,141,1997-09-30,,2021,24,,,,1434.5,1434.5,4.318,306.578,0.3984722222222222,769.3836179853607
austria,2,77,Valtteri Bottas,Mercedes,5,71,17.973,18,01:08.4,10,1,1,178,1989-08-28,,2021,32,,,,1434.5,1452.473,4.318,306.578,0.4034647222222222,759.8632126036077
austria,3,4,Lando Norris,McLaren Mercedes,2,71,20.019,15,01:08.5,10,1,1,60,1999-11-13,,2021,22,,,,1434.5,1454.519,4.318,306.578,0.4040330555555556,758.7943505722509
austria,4,44,Lewis Hamilton,Mercedes,4,71,46.452,12,01:08.1,10,1,0,288,1985-01-07,,2021,36,,,,1434.5,1480.952,4.318,306.578,0.41137555555555555,745.2508926690399
austria,5,55,Carlos Sainz,Ferrari,10,71,57.144,10,01:07.8,10,1,0,141,1994-09-01,,2021,27,,,,1434.5,1491.644,4.318,306.578,0.4143455555555556,739.9089863
austria,6,11,Sergio Perez,Red Bull Racing Honda,3,71,57.915,8,01:08.2,10,1,0,214,1990-01-26,,2021,31,,,,1434.5,1492.415,4.318,306.578,0.4145597222222222,739.5267402163607
austria,7,3,Daniel Ricciardo,McLaren Mercedes,13,71,60.395,6,01:08.8,10,1,0,210,1989-07-01,,2021,32,,,,1434.5,1494.895,4.318,306.578,0.4152486111111111,738.2998805936202
austria,8,16,Charles Leclerc,Ferrari,12,71,61.195,4,01:08.7,10,1,0,81,1997-10-16,,2021,24,,,,1434.5,1495.695,4.318,306.578,0.4154708333333333,737.9049873
austria,9,10,Pierre Gasly,AlphaTauri Honda,6,71,61.844,2,01:08.1,10,1,0,86,1996-02-07,,2021,25,,,,1434.5,1496.344,4.318,306.578,0.41565111111111114,737.5849403613072
austria,10,14,Fernando Alonso,Alpine Renault,14,70,+1 lap,1,01:08.4,10,1,0,336,1981-07-29,,2021,40,,,,1434.5,,4.318,302.26,,
austria,11,63,George Russell,Williams Mercedes,8,70,+1 lap,0,01:08.9,10,1,0,60,1998-02-15,,2021,23,,,,1434.5,,4.318,302.26,,
austria,12,22,Yuki Tsunoda,AlphaTauri Honda,7,70,+1 lap,0,01:08.5,10,1,0,22,2000-05-11,,2021,21,,,,1434.5,,4.318,302.26,,
austria,13,18,Lance Stroll,Aston Martin Mercedes,9,70,+1 lap,0,01:08.7,10,1,0,100,1998-10-29,,2021,23,,,,1434.5,,4.318,302.26,,
austria,14,99,Antonio Giovinazzi,Alfa Romeo Racing Ferrari,15,70,+1 lap,0,01:09.0,10,1,0,62,1993-12-14,,2021,28,,,,1434.5,,4.318,302.26,,
austria,15,7,Kimi Raikkönen,Alfa Romeo Racing Ferrari,16,70,+1 lap,0,01:08.5,10,1,0,352,1979-10-17,,2021,42,,,,1434.5,,4.318,302.26,,
austria,16,6,Nicholas Latifi,Williams Mercedes,18,70,+1 lap,0,01:08.9,10,1,0,39,1995-06-29,,2021,26,,,,1434.5,,4.318,302.26,,
austria,17,5,Sebastian Vettel,Aston Martin Mercedes,11,69,DNF,0,01:08.4,10,0,0,280,1987-07-03,,2021,34,,,,1434.5,,4.318,297.94199999999995,,
austria,18,47,Mick Schumacher,Haas Ferrari,19,69,+2 laps,0,01:09.4,10,1,0,22,1999-03-22,,2021,22,,,,1434.5,,4.318,297.94199999999995,,
austria,19,9,Nikita Mazepin,Haas Ferrari,20,69,+2 laps,0,01:09.8,10,1,0,21,1999-03-02,,2021,22,,,,1434.5,,4.318,297.94199999999995,,
austria,NC,31,Esteban Ocon,Alpine Renault,17,0,DNF,0,,10,0,0,89,1996-09-17,,2021,25,,,,1434.5,,4.318,0,,
great britain,1,44,Lewis Hamilton,Mercedes,2,52,58:23.3,25,01:29.7,18,1,1,288,1985-01-07,,2021,36,,,,3503.3,3503.3,5.891,306.332,0.9731388888888889,314.7875431735792
great britain,2,16,Charles Leclerc,Ferrari,4,52,3.871,18,01:30.6,18,1,1,81,1997-10-16,,2021,24,,,,3503.3,3507.1710000000003,5.891,306.332,0.9742141666666667,314.44010001223205
great britain,3,77,Valtteri Bottas,Mercedes,3,52,11.215,15,01:30.5,18,1,1,178,1989-08-28,,2021,32,,,,3503.3,3514.5150000000003,5.891,306.332,0.9762541666666668,313.78303976508846
great britain,4,4,Lando Norris,McLaren Mercedes,5,52,28.573,12,01:31.4,18,1,0,60,1999-11-13,,2021,22,,,,3503.3,3531.873,5.891,306.332,0.9810758333333334,312.24089880921537
great britain,5,3,Daniel Ricciardo,McLaren Mercedes,6,52,42.624,10,01:31.3,18,1,0,210,1989-07-01,,2021,32,,,,3503.3,3545.924,5.891,306.332,0.9849788888888888,311.00361993094043
great britain,6,55,Carlos Sainz,Ferrari,10,52,43.454,8,01:31.2,18,1,0,141,1994-09-01,,2021,27,,,,3503.3,3546.7540000000004,5.891,306.332,0.9852094444444446,310.9308398608981
great britain,7,14,Fernando Alonso,Alpine Renault,7,52,72.093,6,01:31.7,18,1,0,336,1981-07-29,,2021,40,,,,3503.3,3575.393,5.891,306.332,0.9931647222222222,308.44027495718655
great britain,8,18,Lance Stroll,Aston Martin Mercedes,14,52,74.289,4,01:32.0,18,1,0,100,1998-10-29,,2021,23,,,,3503.3,3577.5890000000004,5.891,306.332,0.9937747222222223,308.25094777516364
great britain,9,31,Esteban Ocon,Alpine Renault,9,52,76.162,2,01:32.2,18,1,0,89,1996-09-17,,2021,25,,,,3503.3,3579.462,5.891,306.332,0.994295,308.08965146158835
great britain,10,22,Yuki Tsunoda,AlphaTauri Honda,,52,82.065,1,01:30.8,18,1,0,22,2000-05-11,,2021,21,,,,3503.3,3585.365,5.891,306.332,0.9959347222222221,307.58240792778423
great britain,11,10,Pierre Gasly,AlphaTauri Honda,11,52,85.327,0,01:30.3,18,1,0,86,1996-02-07,,2021,25,,,,3503.3,3588.6270000000004,5.891,306.332,0.9968408333333334,307.30282082813284
great britain,12,63,George Russell,Williams Mercedes,12,51,+1 lap,0,01:32.0,18,1,0,60,1998-02-15,,2021,23,,,,3503.3,,5.891,300.441,,
great britain,13,99,Antonio Giovinazzi,Alfa Romeo Racing Ferrari,15,51,+1 lap,0,01:32.3,18,1,0,62,1993-12-14,,2021,28,,,,3503.3,,5.891,300.441,,
great britain,14,6,Nicholas Latifi,Williams Mercedes,17,51,+1 lap,0,01:32.5,18,1,0,39,1995-06-29,,2021,26,,,,3503.3,,5.891,300.441,,
great britain,15,7,Kimi Raikkönen,Alfa Romeo Racing Ferrari,13,51,+1 lap,0,01:31.9,18,1,0,352,1979-10-17,,2021,42,,,,3503.3,,5.891,300.441,,
great britain,16,11,Sergio Perez,Red Bull Racing Honda,20,51,+1 lap,0,01:28.6,18,1,0,214,1990-01-26,,2021,31,,,,3503.3,,5.891,300.441,,
great britain,17,9,Nikita Mazepin,Haas Ferrari,19,51,+1 lap,0,01:32.9,18,1,0,21,1999-03-02,,2021,22,,,,3503.3,,5.891,300.441,,
great britain,18,47,Mick Schumacher,Haas Ferrari,18,51,+1 lap,0,01:32.9,18,1,0,22,1999-03-22,,2021,22,,,,3503.3,,5.891,300.441,,
great britain,NC,5,Sebastian Vettel,Aston Martin Mercedes,8,40,DNF,0,01:33.1,18,0,0,280,1987-07-03,,2021,34,,,,3503.3,,5.891,235.64,,
great britain,NC,33,Max Verstappen,Red Bull Racing Honda,1,0,DNF,0,,18,0,0,141,1997-09-30,,2021,24,,,,3503.3,,5.891,0,,
hungary,1,31,Esteban Ocon,Alpine Renault,8,70,04:43.2,25,01:21.4,14,1,1,89,1996-09-17,,2021,25,,,,283.2,283.2,4.381,306.67,0.078666667,3898.347457627119
hungary,DQ,5,Sebastian Vettel,Aston Martin Mercedes,10,70,1.859,0,01:21.5,14,1,0,280,1987-07-03,,2021,34,,,,283.2,285.059,4.381,306.67,0.079183056,3872.924552461069
hungary,2,44,Lewis Hamilton,Mercedes,1,70,2.736,18,01:18.7,14,1,1,288,1985-01-07,,2021,36,,,,283.2,285.936,4.381,306.67,0.079426667,3861.0458284371334
hungary,3,55,Carlos Sainz,Ferrari,15,70,15.018,15,01:21.4,14,1,1,141,1994-09-01,,2021,27,,,,283.2,298.218,4.381,306.67,0.082838333,3702.030058547774
hungary,4,14,Fernando Alonso,Alpine Renault,9,70,15.651,12,01:20.4,14,1,0,336,1981-07-29,,2021,40,,,,283.2,298.851,4.381,306.67,0.083014167,3694.1887428852506
hungary,5,10,Pierre Gasly,AlphaTauri Honda,5,70,63.614,11,01:18.4,14,1,0,86,1996-02-07,,2021,25,,,,283.2,346.814,4.381,306.67,0.096337222,3183.2970987330386
hungary,6,22,Yuki Tsunoda,AlphaTauri Honda,16,70,75.803,8,01:22.5,14,1,0,22,2000-05-11,,2021,21,,,,283.2,359.003,4.381,306.67,0.099723056,3075.2166416436635
hungary,7,6,Nicholas Latifi,Williams Mercedes,18,70,77.91,6,01:22.8,14,1,0,39,1995-06-29,,2021,26,,,,283.2,361.11,4.381,306.67,0.10030833333333333,3057.2734069950984
hungary,8,63,George Russell,Williams Mercedes,17,70,79.094,4,01:22.1,14,1,0,60,1998-02-15,,2021,23,,,,283.2,362.294,4.381,306.67,0.10063722222222221,3047.2820416567765
hungary,9,33,Max Verstappen,Red Bull Racing Honda,3,70,80.244,2,01:20.9,14,1,0,141,1997-09-30,,2021,24,,,,283.2,363.444,4.381,306.67,0.10095666666666667,3037.639911513191
hungary,10,7,Kimi Raikkönen,Alfa Romeo Racing Ferrari,13,69,+1 lap,1,01:21.5,14,1,0,352,1979-10-17,,2021,42,,,,283.2,,4.381,302.289,,
hungary,11,3,Daniel Ricciardo,McLaren Mercedes,11,69,+1 lap,0,01:22.8,14,1,0,210,1989-07-01,,2021,32,,,,283.2,,4.381,302.289,,
hungary,12,47,Mick Schumacher,Haas Ferrari,20,69,+1 lap,0,01:22.7,14,1,0,22,1999-03-22,,2021,22,,,,283.2,,4.381,302.289,,
hungary,13,99,Antonio Giovinazzi,Alfa Romeo Racing Ferrari,14,69,+1 lap,0,01:22.7,14,1,0,62,1993-12-14,,2021,28,,,,283.2,,4.381,302.289,,
hungary,NC,9,Nikita Mazepin,Haas Ferrari,19,3,DNF,0,,14,0,0,21,1999-03-02,,2021,22,,,,283.2,,4.381,13.143,,
hungary,NC,4,Lando Norris,McLaren Mercedes,6,2,DNF,0,,14,0,0,60,1999-11-13,,2021,22,,,,283.2,,4.381,8.762,,
hungary,NC,77,Valtteri Bottas,Mercedes,2,0,DNF,0,,14,0,0,178,1989-08-28,,2021,32,,,,283.2,,4.381,0,,
hungary,NC,11,Sergio Perez,Red Bull Racing Honda,4,0,DNF,0,,14,0,0,214,1990-01-26,,2021,31,,,,283.2,,4.381,0,,
hungary,NC,16,Charles Leclerc,Ferrari,7,0,DNF,0,,14,0,0,81,1997-10-16,,2021,24,,,,283.2,,4.381,0,,
hungary,NC,18,Lance Stroll,Aston Martin Mercedes,12,0,DNF,0,,14,0,0,100,1998-10-29,,2021,23,,,,283.2,,4.381,0,,
belgium,1,33,Max Verstappen,Red Bull Racing Honda,1,1,03:27.1,12.5,,19,1,1,141,1997-09-30,,2021,24,,,,207.1,207.1,7.004,7.004,0.057527777777777775,121.74987928536939
belgium,2,63,George Russell,Williams Mercedes,2,1,1.995,9,,19,1,1,60,1998-02-15,,2021,23,,,,207.1,209.095,7.004,7.004,0.058081944,120.5882493603386
belgium,3,44,Lewis Hamilton,Mercedes,3,1,2.601,7.5,,19,1,1,288,1985-01-07,,2021,36,,,,207.1,209.701,7.004,7.004,0.058250277777777776,120.23976995817854
belgium,4,3,Daniel Ricciardo,McLaren Mercedes,4,1,4.496,6,,19,1,0,210,1989-07-01,,2021,32,,,,207.1,211.596,7.004,7.004,0.058776666666666665,119.16293313673226
belgium,5,5,Sebastian Vettel,Aston Martin Mercedes,5,1,7.479,5,,19,1,0,280,1987-07-03,,2021,34,,,,207.1,214.579,7.004,7.004,0.059605278,117.50637294423032
belgium,6,10,Pierre Gasly,AlphaTauri Honda,6,1,10.177,4,,19,1,0,86,1996-02-07,,2021,25,,,,207.1,217.277,7.004,7.004,0.060354722,116.04725764807135
belgium,7,31,Esteban Ocon,Alpine Renault,8,1,11.579,3,,19,1,0,89,1996-09-17,,2021,25,,,,207.1,218.679,7.004,7.004,0.060744167,115.30325271288051
belgium,8,16,Charles Leclerc,Ferrari,9,1,12.608,2,,19,1,0,81,1997-10-16,,2021,24,,,,207.1,219.708,7.004,7.004,0.06103,114.76323119777157
belgium,9,6,Nicholas Latifi,Williams Mercedes,10,1,15.484,1,,19,1,0,39,1995-06-29,,2021,26,,,,207.1,222.584,7.004,7.004,0.061828889,113.28037954210544
belgium,10,55,Carlos Sainz,Ferrari,11,1,16.166,0.5,,19,1,0,141,1994-09-01,,2021,27,,,,207.1,223.266,7.004,7.004,0.062018333,112.93434737040123
belgium,11,14,Fernando Alonso,Alpine Renault,12,1,20.59,0,,19,1,0,336,1981-07-29,,2021,40,,,,207.1,227.69,7.004,7.004,0.063247222,110.7400412842022
belgium,12,77,Valtteri Bottas,Mercedes,13,1,22.414,0,,19,1,0,178,1989-08-28,,2021,32,,,,207.1,229.514,7.004,7.004,0.063753889,109.8599649694572
belgium,13,99,Antonio Giovinazzi,Alfa Romeo Racing Ferrari,14,1,24.163,0,,19,1,0,62,1993-12-14,,2021,28,,,,207.1,231.263,7.004,7.004,0.064239722,109.02911403899455
belgium,14,4,Lando Norris,McLaren Mercedes,15,1,27.109,0,,19,1,0,60,1999-11-13,,2021,22,,,,207.1,234.209,7.004,7.004,0.065058056,107.6576903534877
belgium,15,22,Yuki Tsunoda,AlphaTauri Honda,16,1,28.329,0,,19,1,0,22,2000-05-11,,2021,21,,,,207.1,235.429,7.004,7.004,0.065396944,107.09980503676267
belgium,16,47,Mick Schumacher,Haas Ferrari,17,1,29.507,0,,19,1,0,22,1999-03-22,,2021,22,,,,207.1,236.607,7.004,7.004,0.065724167,106.5665850968061
belgium,17,9,Nikita Mazepin,Haas Ferrari,18,1,31.993,0,,19,1,0,21,1999-03-02,,2021,22,,,,207.1,239.093,7.004,7.004,0.066414722,105.45854541956477
belgium,18,7,Kimi Raikkönen,Alfa Romeo Racing Ferrari,20,1,36.054,0,,19,1,0,352,1979-10-17,,2021,42,,,,207.1,243.154,7.004,7.004,0.067542778,103.69724536713359
belgium,19,11,Sergio Perez,Red Bull Racing Honda,7,1,38.205,0,,19,1,0,214,1990-01-26,,2021,31,,,,207.1,245.305,7.004,7.004,0.068140278,102.7879578483928
belgium,20,18,Lance Stroll,Aston Martin Mercedes,19,1,44.108,0,,19,1,0,100,1998-10-29,,2021,23,,,,207.1,251.208,7.004,7.004,0.06978,100.3725995987389
netherlands,1,33,Max Verstappen,Red Bull Racing Honda,1,72,30:05.4,25,01:13.3,14,1,1,141,1997-09-30,,2021,24,,,,1805.4,1805.4,4.259,306.648,0.5015000000000001,611.4616151545364
netherlands,2,44,Lewis Hamilton,Mercedes,2,72,20.932,19,01:11.1,14,1,1,288,1985-01-07,,2021,36,,,,1805.4,1826.332,4.259,306.648,0.5073144444444445,604.4535166661921
netherlands,3,77,Valtteri Bottas,Mercedes,3,72,56.46,15,01:12.5,14,1,1,178,1989-08-28,,2021,32,,,,1805.4,1861.86,4.259,306.648,0.5171833333333333,592.9193387257903
netherlands,4,10,Pierre Gasly,AlphaTauri Honda,4,71,+1 lap,12,01:14.8,14,1,0,86,1996-02-07,,2021,25,,,,1805.4,,4.259,302.389,,
netherlands,5,16,Charles Leclerc,Ferrari,5,71,+1 lap,10,01:14.8,14,1,0,81,1997-10-16,,2021,24,,,,1805.4,,4.259,302.389,,
netherlands,6,14,Fernando Alonso,Alpine Renault,9,71,+1 lap,8,01:14.3,14,1,0,336,1981-07-29,,2021,40,,,,1805.4,,4.259,302.389,,
netherlands,7,55,Carlos Sainz,Ferrari,6,71,+1 lap,6,01:15.3,14,1,0,141,1994-09-01,,2021,27,,,,1805.4,,4.259,302.389,,
netherlands,8,11,Sergio Perez,Red Bull Racing Honda,20,71,+1 lap,4,01:13.5,14,1,0,214,1990-01-26,,2021,31,,,,1805.4,,4.259,302.389,,
netherlands,9,31,Esteban Ocon,Alpine Renault,8,71,+1 lap,2,01:14.7,14,1,0,89,1996-09-17,,2021,25,,,,1805.4,,4.259,302.389,,
netherlands,10,4,Lando Norris,McLaren Mercedes,13,71,+1 lap,1,01:14.2,14,1,0,60,1999-11-13,,2021,22,,,,1805.4,,4.259,302.389,,
netherlands,11,3,Daniel Ricciardo,McLaren Mercedes,10,71,+1 lap,0,01:14.9,14,1,0,210,1989-07-01,,2021,32,,,,1805.4,,4.259,302.389,,
netherlands,12,18,Lance Stroll,Aston Martin Mercedes,12,70,+2 laps,0,01:15.6,14,1,0,100,1998-10-29,,2021,23,,,,1805.4,,4.259,298.13,,
netherlands,13,5,Sebastian Vettel,Aston Martin Mercedes,15,70,+2 laps,0,01:14.0,14,1,0,280,1987-07-03,,2021,34,,,,1805.4,,4.259,298.13,,
netherlands,14,99,Antonio Giovinazzi,Alfa Romeo Racing Ferrari,7,70,+2 laps,0,01:15.1,14,1,0,62,1993-12-14,,2021,28,,,,1805.4,,4.259,298.13,,
netherlands,15,88,Robert Kubica,Alfa Romeo Racing Ferrari,16,70,+2 laps,0,01:15.4,14,1,0,99,1984-12-07,,2021,37,,,,1805.4,,4.259,298.13,,
netherlands,16,6,Nicholas Latifi,Williams Mercedes,19,70,+2 laps,0,01:15.8,14,1,0,39,1995-06-29,,2021,26,,,,1805.4,,4.259,298.13,,
netherlands,17,63,George Russell,Williams Mercedes,11,69,DNF,0,01:15.6,14,0,0,60,1998-02-15,,2021,23,,,,1805.4,,4.259,293.87100000000004,,
netherlands,18,47,Mick Schumacher,Haas Ferrari,17,69,+3 laps,0,01:15.9,14,1,0,22,1999-03-22,,2021,22,,,,1805.4,,4.259,293.87100000000004,,
netherlands,NC,22,Yuki Tsunoda,AlphaTauri Honda,14,48,DNF,0,01:15.8,14,0,0,22,2000-05-11,,2021,21,,,,1805.4,,4.259,204.43200000000002,,
netherlands,NC,9,Nikita Mazepin,Haas Ferrari,18,41,DNF,0,01:16.1,14,0,0,21,1999-03-02,,2021,22,,,,1805.4,,4.259,174.61900000000003,,
italy,1,3,Daniel Ricciardo,McLaren Mercedes,2,53,21:54.4,26,01:24.8,11,1,1,210,1989-07-01,,2021,32,,,,1314.4,1314.4,5.793,307.029,0.36511111111111116,840.9193548387095
italy,2,4,Lando Norris,McLaren Mercedes,3,53,1.747,18,01:25.0,11,1,1,60,1999-11-13,,2021,22,,,,1314.4,1316.1470000000002,5.793,307.029,0.36559638888888896,839.8031526873516
italy,3,77,Valtteri Bottas,Mercedes,19,53,4.921,15,01:24.9,11,1,1,178,1989-08-28,,2021,32,,,,1314.4,1319.321,5.793,307.029,0.3664780555555555,837.7827685604944
italy,4,16,Charles Leclerc,Ferrari,5,53,7.309,12,01:25.3,11,1,0,81,1997-10-16,,2021,24,,,,1314.4,1321.709,5.793,307.029,0.3671413888888889,836.2691031081728
italy,5,11,Sergio Perez,Red Bull Racing Honda,8,53,8.723,10,01:25.2,11,1,0,214,1990-01-26,,2021,31,,,,1314.4,1323.123,5.793,307.029,0.36753416666666666,835.3753959382461
italy,6,55,Carlos Sainz,Ferrari,6,53,10.535,8,01:25.6,11,1,0,141,1994-09-01,,2021,27,,,,1314.4,1324.9350000000002,5.793,307.029,0.3680375000000001,834.2329246340385
italy,7,18,Lance Stroll,Aston Martin Mercedes,9,53,15.804,6,01:25.9,11,1,0,100,1998-10-29,,2021,23,,,,1314.4,1330.2040000000002,5.793,307.029,0.36950111111111117,830.9284892
italy,8,14,Fernando Alonso,Alpine Renault,10,53,17.201,4,01:25.5,11,1,0,336,1981-07-29,,2021,40,,,,1314.4,1331.601,5.793,307.029,0.3698891666666667,830.0567512340407
italy,9,63,George Russell,Williams Mercedes,14,53,19.742,2,01:25.8,11,1,0,60,1998-02-15,,2021,23,,,,1314.4,1334.142,5.793,307.029,0.370595,828.4758294094631
italy,10,31,Esteban Ocon,Alpine Renault,12,53,20.868,1,01:25.6,11,1,0,89,1996-09-17,,2021,25,,,,1314.4,1335.268,5.793,307.029,0.3709077777777778,827.7771952896347
italy,11,6,Nicholas Latifi,Williams Mercedes,13,53,23.743,0,01:26.0,11,1,0,39,1995-06-29,,2021,26,,,,1314.4,1338.143,5.793,307.029,0.3717063888888889,825.9987161312356
italy,12,5,Sebastian Vettel,Aston Martin Mercedes,11,53,24.601,0,01:25.9,11,1,0,280,1987-07-03,,2021,34,,,,1314.4,1339.0010000000002,5.793,307.029,0.3719447222222223,825.4694357957909
italy,13,99,Antonio Giovinazzi,Alfa Romeo Racing Ferrari,7,53,27.216,0,01:25.7,11,1,0,62,1993-12-14,,2021,28,,,,1314.4,1341.616,5.793,307.029,0.3726711111111111,823.8604787062766
italy,14,88,Robert Kubica,Alfa Romeo Racing Ferrari,17,53,29.769,0,01:25.8,11,1,0,99,1984-12-07,,2021,37,,,,1314.4,1344.169,5.793,307.029,0.3733802777777778,822.2957083521491
italy,15,47,Mick Schumacher,Haas Ferrari,18,53,51.088,0,01:26.7,11,1,0,22,1999-03-22,,2021,22,,,,1314.4,1365.488,5.793,307.029,0.37930222222222226,809.4574247
italy,NC,9,Nikita Mazepin,Haas Ferrari,16,41,DNF,0,01:27.2,11,0,0,21,1999-03-02,,2021,22,,,,1314.4,,5.793,237.513,,
italy,NC,44,Lewis Hamilton,Mercedes,4,25,DNF,0,01:25.9,11,0,0,288,1985-01-07,,2021,36,,,,1314.4,,5.793,144.82500000000002,,
italy,NC,33,Max Verstappen,Red Bull Racing Honda,1,25,DNF,0,01:25.2,11,0,0,141,1997-09-30,,2021,24,,,,1314.4,,5.793,144.82500000000002,,
italy,NC,10,Pierre Gasly,AlphaTauri Honda,20,3,DNF,0,01:29.0,11,0,0,86,1996-02-07,,2021,25,,,,1314.4,,5.793,17.379,,
italy,NC,22,Yuki Tsunoda,AlphaTauri Honda,15,0,DNS,0,,11,0,0,22,2000-05-11,,2021,21,,,,1314.4,,5.793,0,,
russia,1,44,Lewis Hamilton,Mercedes,4,53,30:41.0,25,01:37.6,18,1,1,288,1985-01-07,,2021,36,,,,1841,1841,5.848,309.944,0.5113888888888889,606.0827810972298
russia,2,33,Max Verstappen,Red Bull Racing Honda,20,53,53.271,18,01:38.4,18,1,1,141,1997-09-30,,2021,24,,,,1841,1894.271,5.848,309.944,0.5261863888888889,589.0384216408318
russia,3,55,Carlos Sainz,Ferrari,2,53,62.475,15,01:39.3,18,1,1,141,1994-09-01,,2021,27,,,,1841,1903.475,5.848,309.944,0.5287430555555556,586.1902047570891
russia,4,3,Daniel Ricciardo,McLaren Mercedes,5,53,65.607,12,01:39.1,18,1,0,210,1989-07-01,,2021,32,,,,1841,1906.607,5.848,309.944,0.5296130555555556,585.2272649790964
russia,5,77,Valtteri Bottas,Mercedes,16,53,67.533,10,01:38.2,18,1,0,178,1989-08-28,,2021,32,,,,1841,1908.533,5.848,309.944,0.5301480555555556,584.6366816816895
russia,6,14,Fernando Alonso,Alpine Renault,6,53,81.321,8,01:38.7,18,1,0,336,1981-07-29,,2021,40,,,,1841,1922.321,5.848,309.944,0.5339780555555556,580.4433286636312
russia,7,4,Lando Norris,McLaren Mercedes,1,53,87.224,7,01:37.4,18,1,0,60,1999-11-13,,2021,22,,,,1841,1928.224,5.848,309.944,0.5356177777777777,578.6663790099076
russia,8,7,Kimi Raikkönen,Alfa Romeo Racing Ferrari,13,53,88.955,4,01:40.3,18,1,0,352,1979-10-17,,2021,42,,,,1841,1929.955,5.848,309.944,0.5360986111111111,578.1473661302983
russia,9,11,Sergio Perez,Red Bull Racing Honda,8,53,90.076,2,01:39.2,18,1,0,214,1990-01-26,,2021,31,,,,1841,1931.076,5.848,309.944,0.53641,577.8117484759791
russia,10,63,George Russell,Williams Mercedes,3,53,100.551,1,01:40.6,18,1,0,60,1998-02-15,,2021,23,,,,1841,1941.551,5.848,309.944,0.5393197222222222,574.6943551830469
russia,11,18,Lance Stroll,Aston Martin Mercedes,7,53,116.198,0,01:40.5,18,1,0,100,1998-10-29,,2021,23,,,,1841,1957.198,5.848,309.944,0.5436661111111112,570.0999081339752
russia,12,5,Sebastian Vettel,Aston Martin Mercedes,10,52,+1 lap,0,01:39.3,18,1,0,280,1987-07-03,,2021,34,,,,1841,,5.848,304.096,,
russia,13,10,Pierre Gasly,AlphaTauri Honda,11,52,+1 lap,0,01:38.3,18,1,0,86,1996-02-07,,2021,25,,,,1841,,5.848,304.096,,
russia,14,31,Esteban Ocon,Alpine Renault,9,52,+1 lap,0,01:40.6,18,1,0,89,1996-09-17,,2021,25,,,,1841,,5.848,304.096,,
russia,15,16,Charles Leclerc,Ferrari,19,52,+1 lap,0,01:39.0,18,1,0,81,1997-10-16,,2021,24,,,,1841,,5.848,304.096,,
russia,16,99,Antonio Giovinazzi,Alfa Romeo Racing Ferrari,17,52,+1 lap,0,01:39.1,18,1,0,62,1993-12-14,,2021,28,,,,1841,,5.848,304.096,,
russia,17,22,Yuki Tsunoda,AlphaTauri Honda,12,52,+1 lap,0,01:40.0,18,1,0,22,2000-05-11,,2021,21,,,,1841,,5.848,304.096,,
russia,18,9,Nikita Mazepin,Haas Ferrari,15,51,+2 laps,0,01:41.7,18,1,0,21,1999-03-02,,2021,22,,,,1841,,5.848,298.248,,
russia,19,6,Nicholas Latifi,Williams Mercedes,18,47,DNF,0,01:40.0,18,0,0,39,1995-06-29,,2021,26,,,,1841,,5.848,274.856,,
russia,NC,47,Mick Schumacher,Haas Ferrari,14,32,DNF,0,01:40.3,18,0,0,22,1999-03-22,,2021,22,,,,1841,,5.848,187.136,,
turkey,1,77,Valtteri Bottas,Mercedes,1,58,31:04.1,26,01:30.4,14,1,1,178,1989-08-28,,2021,32,,,,1864.1,1864.1,5.338,309.604,0.5178055555555555,597.9155624698246
turkey,2,33,Max Verstappen,Red Bull Racing Honda,2,58,14.584,18,01:32.8,14,1,1,141,1997-09-30,,2021,24,,,,1864.1,1878.684,5.338,309.604,0.5218566666666666,593.2740152149057
turkey,3,11,Sergio Perez,Red Bull Racing Honda,6,58,33.471,15,01:32.5,14,1,1,214,1990-01-26,,2021,31,,,,1864.1,1897.571,5.338,309.604,0.5271030555555555,587.3690101714245
turkey,4,16,Charles Leclerc,Ferrari,3,58,37.814,12,01:32.7,14,1,0,81,1997-10-16,,2021,24,,,,1864.1,1901.914,5.338,309.604,0.5283094444444444,586.0277594044736
turkey,5,44,Lewis Hamilton,Mercedes,11,58,41.812,10,01:32.8,14,1,0,288,1985-01-07,,2021,36,,,,1864.1,1905.912,5.338,309.604,0.52942,584.7984586906425
turkey,6,10,Pierre Gasly,AlphaTauri Honda,4,58,44.292,8,01:32.8,14,1,0,86,1996-02-07,,2021,25,,,,1864.1,1908.392,5.338,309.604,0.5301088888888889,584.0384994277905
turkey,7,4,Lando Norris,McLaren Mercedes,7,58,47.213,6,01:32.4,14,1,0,60,1999-11-13,,2021,22,,,,1864.1,1911.313,5.338,309.604,0.5309202777777778,583.1459316187353
turkey,8,55,Carlos Sainz,Ferrari,19,58,51.526,4,01:31.9,14,1,0,141,1994-09-01,,2021,27,,,,1864.1,1915.626,5.338,309.604,0.5321183333333334,581.8329882764172
turkey,9,18,Lance Stroll,Aston Martin Mercedes,8,58,82.018,2,01:32.6,14,1,0,100,1998-10-29,,2021,23,,,,1864.1,1946.118,5.338,309.604,0.5405883333333333,572.7167622929339
turkey,10,31,Esteban Ocon,Alpine Renault,12,57,+1 lap,1,01:34.6,14,1,0,89,1996-09-17,,2021,25,,,,1864.1,,5.338,304.266,,
turkey,11,99,Antonio Giovinazzi,Alfa Romeo Racing Ferrari,16,57,+1 lap,0,01:32.9,14,1,0,62,1993-12-14,,2021,28,,,,1864.1,,5.338,304.266,,
turkey,12,7,Kimi Raikkönen,Alfa Romeo Racing Ferrari,17,57,+1 lap,0,01:32.6,14,1,0,352,1979-10-17,,2021,42,,,,1864.1,,5.338,304.266,,
turkey,13,3,Daniel Ricciardo,McLaren Mercedes,20,57,+1 lap,0,01:33.3,14,1,0,210,1989-07-01,,2021,32,,,,1864.1,,5.338,304.266,,
turkey,14,22,Yuki Tsunoda,AlphaTauri Honda,9,57,+1 lap,0,01:32.8,14,1,0,22,2000-05-11,,2021,21,,,,1864.1,,5.338,304.266,,
turkey,15,63,George Russell,Williams Mercedes,13,57,+1 lap,0,01:33.4,14,1,0,60,1998-02-15,,2021,23,,,,1864.1,,5.338,304.266,,
turkey,16,14,Fernando Alonso,Alpine Renault,5,57,+1 lap,0,01:33.3,14,1,0,336,1981-07-29,,2021,40,,,,1864.1,,5.338,304.266,,
turkey,17,6,Nicholas Latifi,Williams Mercedes,15,57,+1 lap,0,01:33.7,14,1,0,39,1995-06-29,,2021,26,,,,1864.1,,5.338,304.266,,
turkey,18,5,Sebastian Vettel,Aston Martin Mercedes,10,57,+1 lap,0,01:32.7,14,1,0,280,1987-07-03,,2021,34,,,,1864.1,,5.338,304.266,,
turkey,19,47,Mick Schumacher,Haas Ferrari,14,56,+2 laps,0,01:34.2,14,1,0,22,1999-03-22,,2021,22,,,,1864.1,,5.338,298.928,,
turkey,20,9,Nikita Mazepin,Haas Ferrari,18,56,+2 laps,0,01:35.4,14,1,0,21,1999-03-02,,2021,22,,,,1864.1,,5.338,298.928,,
united states,1,33,Max Verstappen,Red Bull Racing Honda,1,56,34:36.6,25,01:39.1,20,1,1,141,1997-09-30,,2021,24,,,,2076.6,2076.6,5.513,308.728,0.5768333333333333,535.2117885004334
united states,2,44,Lewis Hamilton,Mercedes,2,56,1.333,19,01:38.5,20,1,1,288,1985-01-07,,2021,36,,,,2076.6,2077.933,5.513,308.728,0.5772036111111111,534.8684485977171
united states,3,11,Sergio Perez,Red Bull Racing Honda,3,56,42.223,15,01:39.6,20,1,1,214,1990-01-26,,2021,31,,,,2076.6,2118.823,5.513,308.728,0.5885619444444444,524.5463165162923
united states,4,16,Charles Leclerc,Ferrari,4,56,52.246,12,01:39.3,20,1,0,81,1997-10-16,,2021,24,,,,2076.6,2128.846,5.513,308.728,0.5913461111111111,522.0766556152957
united states,5,3,Daniel Ricciardo,McLaren Mercedes,6,56,76.854,10,01:40.3,20,1,0,210,1989-07-01,,2021,32,,,,2076.6,2153.454,5.513,308.728,0.5981816666666667,516.1107690250175
united states,6,77,Valtteri Bottas,Mercedes,9,56,80.128,8,01:40.1,20,1,0,178,1989-08-28,,2021,32,,,,2076.6,2156.728,5.513,308.728,0.5990911111111111,515.3272920831927
united states,7,55,Carlos Sainz,Ferrari,5,56,83.545,6,01:40.4,20,1,0,141,1994-09-01,,2021,27,,,,2076.6,2160.145,5.513,308.728,0.6000402777777778,514.5121277
united states,8,4,Lando Norris,McLaren Mercedes,7,56,94.395,4,01:40.2,20,1,0,60,1999-11-13,,2021,22,,,,2076.6,2170.995,5.513,308.728,0.6030541666666667,511.9407461
united states,9,22,Yuki Tsunoda,AlphaTauri Honda,10,55,+1 lap,2,01:41.2,20,1,0,22,2000-05-11,,2021,21,,,,2076.6,,5.513,303.215,,
united states,10,5,Sebastian Vettel,Aston Martin Mercedes,18,55,+1 lap,1,01:41.1,20,1,0,280,1987-07-03,,2021,34,,,,2076.6,,5.513,303.215,,
united states,11,99,Antonio Giovinazzi,Alfa Romeo Racing Ferrari,12,55,+1 lap,0,01:41.1,20,1,0,62,1993-12-14,,2021,28,,,,2076.6,,5.513,303.215,,
united states,12,18,Lance Stroll,Aston Martin Mercedes,13,55,+1 lap,0,01:41.2,20,1,0,100,1998-10-29,,2021,23,,,,2076.6,,5.513,303.215,,
united states,13,7,Kimi Raikkönen,Alfa Romeo Racing Ferrari,15,55,+1 lap,0,01:41.3,20,1,0,352,1979-10-17,,2021,42,,,,2076.6,,5.513,303.215,,
united states,14,63,George Russell,Williams Mercedes,20,55,+1 lap,0,01:41.1,20,1,0,60,1998-02-15,,2021,23,,,,2076.6,,5.513,303.215,,
united states,15,6,Nicholas Latifi,Williams Mercedes,14,55,+1 lap,0,01:41.8,20,1,0,39,1995-06-29,,2021,26,,,,2076.6,,5.513,303.215,,
united states,16,47,Mick Schumacher,Haas Ferrari,16,54,+2 laps,0,01:41.4,20,1,0,22,1999-03-22,,2021,22,,,,2076.6,,5.513,297.702,,
united states,17,9,Nikita Mazepin,Haas Ferrari,17,54,+2 laps,0,01:42.9,20,1,0,21,1999-03-02,,2021,22,,,,2076.6,,5.513,297.702,,
united states,NC,14,Fernando Alonso,Alpine Renault,19,49,DNF,0,01:40.1,20,0,0,336,1981-07-29,,2021,40,,,,2076.6,,5.513,270.137,,
united states,NC,31,Esteban Ocon,Alpine Renault,11,40,DNF,0,01:42.2,20,0,0,89,1996-09-17,,2021,25,,,,2076.6,,5.513,220.51999999999998,,
united states,NC,10,Pierre Gasly,AlphaTauri Honda,8,14,DNF,0,01:42.0,20,0,0,86,1996-02-07,,2021,25,,,,2076.6,,5.513,77.182,,
mexico,1,33,Max Verstappen,Red Bull Racing Honda,3,71,38:39.1,25,01:19.0,17,1,1,141,1997-09-30,,2021,24,,,,2319.1,2319.1,4.304,305.584,0.6441944444444444,474.3660902936484
mexico,2,44,Lewis Hamilton,Mercedes,2,71,16.555,18,01:19.8,17,1,1,288,1985-01-07,,2021,36,,,,2319.1,2335.655,4.304,305.584,0.6487930555555557,471.0038083535453
mexico,3,11,Sergio Perez,Red Bull Racing Honda,4,71,17.752,15,01:19.5,17,1,1,214,1990-01-26,,2021,31,,,,2319.1,2336.852,4.304,305.584,0.6491255555555555,470.7625472216469
mexico,4,10,Pierre Gasly,AlphaTauri Honda,5,71,63.845,12,01:20.5,17,1,0,86,1996-02-07,,2021,25,,,,2319.1,2382.945,4.304,305.584,0.6619291666666667,461.6566476
mexico,5,16,Charles Leclerc,Ferrari,8,71,81.037,10,01:20.7,17,1,0,81,1997-10-16,,2021,24,,,,2319.1,2400.137,4.304,305.584,0.6667047222222223,458.34983586353604
mexico,6,55,Carlos Sainz,Ferrari,6,70,+1 lap,8,01:20.1,17,1,0,141,1994-09-01,,2021,27,,,,2319.1,,4.304,301.28000000000003,,
mexico,7,5,Sebastian Vettel,Aston Martin Mercedes,9,70,+1 lap,6,01:20.5,17,1,0,280,1987-07-03,,2021,34,,,,2319.1,,4.304,301.28000000000003,,
mexico,8,7,Kimi Raikkönen,Alfa Romeo Racing Ferrari,10,70,+1 lap,4,01:20.7,17,1,0,352,1979-10-17,,2021,42,,,,2319.1,,4.304,301.28000000000003,,
mexico,9,14,Fernando Alonso,Alpine Renault,12,70,+1 lap,2,01:20.7,17,1,0,336,1981-07-29,,2021,40,,,,2319.1,,4.304,301.28000000000003,,
mexico,10,4,Lando Norris,McLaren Mercedes,18,70,+1 lap,1,01:20.6,17,1,0,60,1999-11-13,,2021,22,,,,2319.1,,4.304,301.28000000000003,,
mexico,11,99,Antonio Giovinazzi,Alfa Romeo Racing Ferrari,11,70,+1 lap,0,01:21.5,17,1,0,62,1993-12-14,,2021,28,,,,2319.1,,4.304,301.28000000000003,,
mexico,12,3,Daniel Ricciardo,McLaren Mercedes,7,70,+1 lap,0,01:21.1,17,1,0,210,1989-07-01,,2021,32,,,,2319.1,,4.304,301.28000000000003,,
mexico,13,31,Esteban Ocon,Alpine Renault,19,70,+1 lap,0,01:21.3,17,1,0,89,1996-09-17,,2021,25,,,,2319.1,,4.304,301.28000000000003,,
mexico,14,18,Lance Stroll,Aston Martin Mercedes,20,69,+2 laps,0,01:20.9,17,1,0,100,1998-10-29,,2021,23,,,,2319.1,,4.304,296.976,,
mexico,15,77,Valtteri Bottas,Mercedes,1,69,+2 laps,0,01:17.8,17,1,0,178,1989-08-28,,2021,32,,,,2319.1,,4.304,296.976,,
mexico,16,63,George Russell,Williams Mercedes,16,69,+2 laps,0,01:22.0,17,1,0,60,1998-02-15,,2021,23,,,,2319.1,,4.304,296.976,,
mexico,17,6,Nicholas Latifi,Williams Mercedes,13,69,+2 laps,0,01:21.5,17,1,0,39,1995-06-29,,2021,26,,,,2319.1,,4.304,296.976,,
mexico,18,9,Nikita Mazepin,Haas Ferrari,15,68,+3 laps,0,01:21.4,17,1,0,21,1999-03-02,,2021,22,,,,2319.1,,4.304,292.672,,
mexico,NC,47,Mick Schumacher,Haas Ferrari,14,0,DNF,0,,17,0,0,22,1999-03-22,,2021,22,,,,2319.1,,4.304,0,,
mexico,NC,22,Yuki Tsunoda,AlphaTauri Honda,17,0,DNF,0,,17,0,0,22,2000-05-11,,2021,21,,,,2319.1,,4.304,0,,
brazil,1,44,Lewis Hamilton,Mercedes,10,71,32:22.9,25,01:12.0,15,1,1,288,1985-01-07,,2021,36,,,,1942.9,1942.9,4.309,305.939,0.5396944444444445,566.8744660044264
brazil,2,33,Max Verstappen,Red Bull Racing Honda,2,71,10.496,18,01:12.5,15,1,1,141,1997-09-30,,2021,24,,,,1942.9,1953.396,4.309,305.939,0.54261,563.8285324634636
brazil,3,77,Valtteri Bottas,Mercedes,1,71,13.576,15,01:12.5,15,1,1,178,1989-08-28,,2021,32,,,,1942.9,1956.476,4.309,305.939,0.5434655555555555,562.9409203077371
brazil,4,11,Sergio Perez,Red Bull Racing Honda,4,71,39.94,13,01:11.0,15,1,0,214,1990-01-26,,2021,31,,,,1942.9,1982.84,4.309,305.939,0.5507888888888889,555.4560125880051
brazil,5,16,Charles Leclerc,Ferrari,6,71,49.517,10,01:12.8,15,1,0,81,1997-10-16,,2021,24,,,,1942.9,1992.417,4.309,305.939,0.5534491666666667,552.7860884543749
brazil,6,55,Carlos Sainz,Ferrari,3,71,51.82,8,01:12.7,15,1,0,141,1994-09-01,,2021,27,,,,1942.9,1994.72,4.309,305.939,0.5540888888888889,552.1478703777974
brazil,7,10,Pierre Gasly,AlphaTauri Honda,7,70,+1 lap,6,01:13.2,15,1,0,86,1996-02-07,,2021,25,,,,1942.9,,4.309,301.63,,
brazil,8,31,Esteban Ocon,Alpine Renault,8,70,+1 lap,4,01:14.4,15,1,0,89,1996-09-17,,2021,25,,,,1942.9,,4.309,301.63,,
brazil,9,14,Fernando Alonso,Alpine Renault,12,70,+1 lap,2,01:13.9,15,1,0,336,1981-07-29,,2021,40,,,,1942.9,,4.309,301.63,,
brazil,10,4,Lando Norris,McLaren Mercedes,5,70,+1 lap,1,01:13.8,15,1,0,60,1999-11-13,,2021,22,,,,1942.9,,4.309,301.63,,
brazil,11,5,Sebastian Vettel,Aston Martin Mercedes,9,70,+1 lap,0,01:13.6,15,1,0,280,1987-07-03,,2021,34,,,,1942.9,,4.309,301.63,,
brazil,12,7,Kimi Raikkönen,Alfa Romeo Racing Ferrari,20,70,+1 lap,0,01:12.6,15,1,0,352,1979-10-17,,2021,42,,,,1942.9,,4.309,301.63,,
brazil,13,63,George Russell,Williams Mercedes,17,70,+1 lap,0,01:14.4,15,1,0,60,1998-02-15,,2021,23,,,,1942.9,,4.309,301.63,,
brazil,14,99,Antonio Giovinazzi,Alfa Romeo Racing Ferrari,13,70,+1 lap,0,01:14.2,15,1,0,62,1993-12-14,,2021,28,,,,1942.9,,4.309,301.63,,
brazil,15,22,Yuki Tsunoda,AlphaTauri Honda,15,70,+1 lap,0,01:14.2,15,1,0,22,2000-05-11,,2021,21,,,,1942.9,,4.309,301.63,,
brazil,16,6,Nicholas Latifi,Williams Mercedes,16,70,+1 lap,0,01:14.6,15,1,0,39,1995-06-29,,2021,26,,,,1942.9,,4.309,301.63,,
brazil,17,9,Nikita Mazepin,Haas Ferrari,19,69,+2 laps,0,01:15.0,15,1,0,21,1999-03-02,,2021,22,,,,1942.9,,4.309,297.321,,
brazil,18,47,Mick Schumacher,Haas Ferrari,18,69,+2 laps,0,01:13.8,15,1,0,22,1999-03-22,,2021,22,,,,1942.9,,4.309,297.321,,
brazil,NC,3,Daniel Ricciardo,McLaren Mercedes,11,49,DNF,0,01:14.4,15,0,0,210,1989-07-01,,2021,32,,,,1942.9,,4.309,211.14100000000002,,
brazil,NC,18,Lance Stroll,Aston Martin Mercedes,14,47,DNF,0,01:15.3,15,0,0,100,1998-10-29,,2021,23,,,,1942.9,,4.309,202.523,,
qatar,1,44,Lewis Hamilton,Mercedes,1,57,24:28.5,25,01:25.1,16,1,1,288,1985-01-07,,2021,36,,,,1468.5,1468.5,5.419,308.883,0.40791666666666665,757.2208375893769
qatar,2,33,Max Verstappen,Red Bull Racing Honda,7,57,25.743,19,01:23.2,16,1,1,141,1997-09-30,,2021,24,,,,1468.5,1494.243,5.419,308.883,0.4150675,744.1753449740103
qatar,3,14,Fernando Alonso,Alpine Renault,3,57,59.457,15,01:26.7,16,1,1,336,1981-07-29,,2021,40,,,,1468.5,1527.957,5.419,308.883,0.42443250000000005,727.7552967786396
qatar,4,11,Sergio Perez,Red Bull Racing Honda,11,57,62.306,12,01:25.6,16,1,0,214,1990-01-26,,2021,31,,,,1468.5,1530.806,5.419,308.883,0.4252238888888889,726.4008633360464
qatar,5,31,Esteban Ocon,Alpine Renault,9,57,80.57,10,01:27.1,16,1,0,89,1996-09-17,,2021,25,,,,1468.5,1549.07,5.419,308.883,0.4302972222222222,717.8363792
qatar,6,18,Lance Stroll,Aston Martin Mercedes,12,57,81.274,8,01:27.4,16,1,0,100,1998-10-29,,2021,23,,,,1468.5,1549.774,5.419,308.883,0.4304927777777777,717.5102950494718
qatar,7,55,Carlos Sainz,Ferrari,5,57,81.911,6,01:26.6,16,1,0,141,1994-09-01,,2021,27,,,,1468.5,1550.411,5.419,308.883,0.4306697222222222,717.2154996
qatar,8,16,Charles Leclerc,Ferrari,13,57,83.126,4,01:26.6,16,1,0,81,1997-10-16,,2021,24,,,,1468.5,1551.626,5.419,308.883,0.4310072222222222,716.6538843767763
qatar,9,4,Lando Norris,McLaren Mercedes,4,56,+1 lap,2,01:25.7,16,1,0,60,1999-11-13,,2021,22,,,,1468.5,,5.419,303.464,,
qatar,10,5,Sebastian Vettel,Aston Martin Mercedes,10,56,+1 lap,1,01:26.4,16,1,0,280,1987-07-03,,2021,34,,,,1468.5,,5.419,303.464,,
qatar,11,10,Pierre Gasly,AlphaTauri Honda,2,56,+1 lap,0,01:27.0,16,1,0,86,1996-02-07,,2021,25,,,,1468.5,,5.419,303.464,,
qatar,12,3,Daniel Ricciardo,McLaren Mercedes,14,56,+1 lap,0,01:27.2,16,1,0,210,1989-07-01,,2021,32,,,,1468.5,,5.419,303.464,,
qatar,13,22,Yuki Tsunoda,AlphaTauri Honda,8,56,+1 lap,0,01:27.0,16,1,0,22,2000-05-11,,2021,21,,,,1468.5,,5.419,303.464,,
qatar,14,7,Kimi Raikkönen,Alfa Romeo Racing Ferrari,16,56,+1 lap,0,01:26.4,16,1,0,352,1979-10-17,,2021,42,,,,1468.5,,5.419,303.464,,
qatar,15,99,Antonio Giovinazzi,Alfa Romeo Racing Ferrari,18,56,+1 lap,0,01:27.8,16,1,0,62,1993-12-14,,2021,28,,,,1468.5,,5.419,303.464,,
qatar,16,47,Mick Schumacher,Haas Ferrari,19,56,+1 lap,0,01:28.4,16,1,0,22,1999-03-22,,2021,22,,,,1468.5,,5.419,303.464,,
qatar,17,63,George Russell,Williams Mercedes,15,55,+2 laps,0,01:25.8,16,1,0,60,1998-02-15,,2021,23,,,,1468.5,,5.419,298.04499999999996,,
qatar,18,9,Nikita Mazepin,Haas Ferrari,20,55,+2 laps,0,01:27.3,16,1,0,21,1999-03-02,,2021,22,,,,1468.5,,5.419,298.04499999999996,,
qatar,NC,6,Nicholas Latifi,Williams Mercedes,17,50,DNF,0,01:28.7,16,0,0,39,1995-06-29,,2021,26,,,,1468.5,,5.419,270.95,,
qatar,NC,77,Valtteri Bottas,Mercedes,6,48,DNF,0,01:27.2,16,0,0,178,1989-08-28,,2021,32,,,,1468.5,,5.419,260.11199999999997,,
saudi arabia,1,44,Lewis Hamilton,Mercedes,1,50,06:15.1,26,01:30.7,27,1,1,288,1985-01-07,,2021,36,,,,375.1,375.1,6.174,308.70000000000005,0.10419444444444445,2962.729938683018
saudi arabia,2,33,Max Verstappen,Red Bull Racing Honda,3,50,21.825,18,01:31.5,27,1,1,141,1997-09-30,,2021,24,,,,375.1,396.925,6.174,308.70000000000005,0.11025694444444445,2799.8236442652897
saudi arabia,3,77,Valtteri Bottas,Mercedes,2,50,27.531,15,01:31.4,27,1,1,178,1989-08-28,,2021,32,,,,375.1,402.631,6.174,308.70000000000005,0.11184194444444444,2760.1451453067452
saudi arabia,4,31,Esteban Ocon,Alpine Renault,9,50,27.633,12,01:31.8,27,1,0,89,1996-09-17,,2021,25,,,,375.1,402.733,6.174,308.70000000000005,0.11187027777777778,2759.446084626788
saudi arabia,5,3,Daniel Ricciardo,McLaren Mercedes,11,50,40.121,10,01:32.7,27,1,0,210,1989-07-01,,2021,32,,,,375.1,415.221,6.174,308.70000000000005,0.11533916666666667,2676.4542255810766
saudi arabia,6,10,Pierre Gasly,AlphaTauri Honda,6,50,41.613,8,01:32.3,27,1,0,86,1996-02-07,,2021,25,,,,375.1,416.713,6.174,308.70000000000005,0.11575361111111111,2666.8714438954394
saudi arabia,7,16,Charles Leclerc,Ferrari,4,50,44.475,6,01:31.6,27,1,0,81,1997-10-16,,2021,24,,,,375.1,419.5750000000001,6.174,308.70000000000005,0.11654861111111114,2648.680212119406
saudi arabia,8,55,Carlos Sainz,Ferrari,15,50,46.606,4,01:31.9,27,1,0,141,1994-09-01,,2021,27,,,,375.1,421.706,6.174,308.70000000000005,0.11714055555555557,2635.295679928671
saudi arabia,9,99,Antonio Giovinazzi,Alfa Romeo Racing Ferrari,10,50,58.505,2,01:32.9,27,1,0,62,1993-12-14,,2021,28,,,,375.1,433.605,6.174,308.70000000000005,0.12044583333333334,2562.977825440205
saudi arabia,10,4,Lando Norris,McLaren Mercedes,7,50,61.358,1,01:31.9,27,1,0,60,1999-11-13,,2021,22,,,,375.1,436.458,6.174,308.70000000000005,0.12123833333333334,2546.2243789780464
saudi arabia,11,18,Lance Stroll,Aston Martin Mercedes,18,50,77.212,0,01:32.8,27,1,0,100,1998-10-29,,2021,23,,,,375.1,452.312,6.174,308.70000000000005,0.12564222222222224,2456.9766002228553
saudi arabia,12,6,Nicholas Latifi,Williams Mercedes,16,50,83.249,0,01:32.8,27,1,0,39,1995-06-29,,2021,26,,,,375.1,458.3490000000001,6.174,308.70000000000005,0.1273191666666667,2424.6153040586973
saudi arabia,13,14,Fernando Alonso,Alpine Renault,13,49,+1 lap,0,01:31.6,27,1,0,336,1981-07-29,,2021,40,,,,375.1,,6.174,302.526,,
saudi arabia,14,22,Yuki Tsunoda,AlphaTauri Honda,8,49,+1 lap,0,01:32.5,27,1,0,22,2000-05-11,,2021,21,,,,375.1,,6.174,302.526,,
saudi arabia,15,7,Kimi Raikkönen,Alfa Romeo Racing Ferrari,12,49,+1 lap,0,01:32.8,27,1,0,352,1979-10-17,,2021,42,,,,375.1,,6.174,302.526,,
saudi arabia,NC,5,Sebastian Vettel,Aston Martin Mercedes,17,44,DNF,0,01:34.0,27,0,0,280,1987-07-03,,2021,34,,,,375.1,,6.174,271.656,,
saudi arabia,NC,11,Sergio Perez,Red Bull Racing Honda,5,14,DNF,0,01:34.1,27,0,0,214,1990-01-26,,2021,31,,,,375.1,,6.174,86.436,,
saudi arabia,NC,9,Nikita Mazepin,Haas Ferrari,20,14,DNF,0,01:37.0,27,0,0,21,1999-03-02,,2021,22,,,,375.1,,6.174,86.436,,
saudi arabia,NC,63,George Russell,Williams Mercedes,14,14,DNF,0,01:36.1,27,0,0,60,1998-02-15,,2021,23,,,,375.1,,6.174,86.436,,
saudi arabia,NC,47,Mick Schumacher,Haas Ferrari,19,8,DNF,0,01:36.0,27,0,0,22,1999-03-22,,2021,22,,,,375.1,,6.174,49.392,,
abu dhabi,1,33,Max Verstappen,Red Bull Racing Honda,1,58,30:17.3,26,01:26.1,16,1,1,141,1997-09-30,,2021,24,,,,1817.3,1817.3,5.281,306.298,0.5048055555555555,606.7643206955374
abu dhabi,2,44,Lewis Hamilton,Mercedes,2,58,2.256,18,01:26.6,16,1,1,288,1985-01-07,,2021,36,,,,1817.3,1819.556,5.281,306.298,0.5054322222222223,606.0120161182177
abu dhabi,3,55,Carlos Sainz,Ferrari,5,58,5.173,15,01:27.6,16,1,1,141,1994-09-01,,2021,27,,,,1817.3,1822.473,5.281,306.298,0.5062425,605.04205
abu dhabi,4,22,Yuki Tsunoda,AlphaTauri Honda,8,58,5.692,12,01:27.5,16,1,0,22,2000-05-11,,2021,21,,,,1817.3,1822.992,5.281,306.298,0.5063866666666667,604.8697964664683
abu dhabi,5,10,Pierre Gasly,AlphaTauri Honda,12,58,6.531,10,01:27.3,16,1,0,86,1996-02-07,,2021,25,,,,1817.3,1823.831,5.281,306.298,0.5066197222222222,604.5915438437005
abu dhabi,6,77,Valtteri Bottas,Mercedes,6,58,7.463,8,01:26.9,16,1,0,178,1989-08-28,,2021,32,,,,1817.3,1824.763,5.281,306.298,0.5068786111111111,604.2827479513778
abu dhabi,7,4,Lando Norris,McLaren Mercedes,3,58,59.2,6,01:26.8,16,1,0,60,1999-11-13,,2021,22,,,,1817.3,1876.5,5.281,306.298,0.52125,587.6220623501199
abu dhabi,8,14,Fernando Alonso,Alpine Renault,11,58,61.708,4,01:27.6,16,1,0,336,1981-07-29,,2021,40,,,,1817.3,1879.008,5.281,306.298,0.5219466666666667,586.8377356562612
abu dhabi,9,31,Esteban Ocon,Alpine Renault,9,58,64.026,2,01:28.2,16,1,0,89,1996-09-17,,2021,25,,,,1817.3,1881.326,5.281,306.298,0.5225905555555556,586.1146871940323
abu dhabi,10,16,Charles Leclerc,Ferrari,7,58,66.057,1,01:28.4,16,1,0,81,1997-10-16,,2021,24,,,,1817.3,1883.357,5.281,306.298,0.5231547222222223,585.4826249086074
abu dhabi,11,5,Sebastian Vettel,Aston Martin Mercedes,15,58,67.527,0,01:28.3,16,1,0,280,1987-07-03,,2021,34,,,,1817.3,1884.827,5.281,306.298,0.5235630555555556,585.0259997336625
abu dhabi,12,3,Daniel Ricciardo,McLaren Mercedes,10,57,+1 lap,0,01:28.7,16,1,0,210,1989-07-01,,2021,32,,,,1817.3,,5.281,301.017,,
abu dhabi,13,18,Lance Stroll,Aston Martin Mercedes,13,57,+1 lap,0,01:28.6,16,1,0,100,1998-10-29,,2021,23,,,,1817.3,,5.281,301.017,,
abu dhabi,14,47,Mick Schumacher,Haas Ferrari,19,57,+1 lap,0,01:29.5,16,1,0,22,1999-03-22,,2021,22,,,,1817.3,,5.281,301.017,,
abu dhabi,15,11,Sergio Perez,Red Bull Racing Honda,4,55,DNF,0,01:26.4,16,0,0,214,1990-01-26,,2021,31,,,,1817.3,,5.281,290.455,,
abu dhabi,NC,6,Nicholas Latifi,Williams Mercedes,16,50,DNF,0,01:29.3,16,0,0,39,1995-06-29,,2021,26,,,,1817.3,,5.281,264.05,,
abu dhabi,NC,99,Antonio Giovinazzi,Alfa Romeo Racing Ferrari,14,33,DNF,0,01:29.4,16,0,0,62,1993-12-14,,2021,28,,,,1817.3,,5.281,174.273,,
abu dhabi,NC,63,George Russell,Williams Mercedes,17,26,DNF,0,01:30.6,16,0,0,60,1998-02-15,,2021,23,,,,1817.3,,5.281,137.30599999999998,,
abu dhabi,NC,7,Kimi Raikkönen,Alfa Romeo Racing Ferrari,18,25,DNF,0,01:29.7,16,0,0,352,1979-10-17,,2021,42,,,,1817.3,,5.281,132.025,,
abu dhabi,NC,9,Nikita Mazepin,Haas Ferrari,20,0,DNS,0,,16,0,0,21,1999-03-02,,2021,22,,,,1817.3,,5.281,0,,
Bahrain,1,16,Charles Leclerc,Ferrari,1,57,37:33.6,26,01:34.6,15,1,1,103,1997-10-16,,2022,,25,,,2253.6,2253.6,5.412,308.484,0.626,492.78594249201274
Bahrain,2,55,Carlos Sainz,Ferrari,3,57,5.598,18,01:35.7,15,1,1,163,1994-09-01,,2022,,28,,,2253.6,2259.198,5.412,308.484,0.627555,491.56488275928007
Bahrain,3,44,Lewis Hamilton,Mercedes,5,57,9.675,15,01:36.2,15,1,1,310,1985-01-07,,2022,,37,,,2253.6,2263.275,5.412,308.484,0.6286875000000001,490.67939158962116
Bahrain,4,63,George Russell,Mercedes,9,57,11.211,12,01:36.3,15,1,0,82,1998-02-15,,2022,,24,,,2253.6,2264.811,5.412,308.484,0.6291141666666668,490.3466117040229
Bahrain,5,20,Kevin Magnussen,Haas Ferrari,7,57,14.754,10,01:36.6,15,1,0,142,1992-10-05,,2022,,30,,,2253.6,2268.354,5.412,308.484,0.6300983333333333,489.5807268177718
Bahrain,6,77,Valtteri Bottas,Alfa Romeo Ferrari,6,57,16.119,8,01:36.6,15,1,0,200,1989-08-28,,2022,,33,,,2253.6,2269.719,5.412,308.484,0.6304775,489.28629491139645
Bahrain,7,31,Esteban Ocon,Alpine Renault,11,57,19.423,6,01:37.1,15,1,0,111,1996-09-17,,2022,,26,,,2253.6,2273.023,5.412,308.484,0.6313952777777778,488.5750826102507
Bahrain,8,22,Yuki Tsunoda,AlphaTauri RBPT,16,57,20.386,4,01:37.1,15,1,0,44,2000-05-11,,2022,,22,,,2253.6,2273.986,5.412,308.484,0.6316627777777778,488.36817816820326
Bahrain,9,14,Fernando Alonso,Alpine Renault,8,57,22.39,2,01:36.7,15,1,0,358,1981-07-29,,2022,,41,,,2253.6,2275.99,5.412,308.484,0.6322194444444443,487.9381719603338
Bahrain,10,24,Guanyu Zhou,Alfa Romeo Ferrari,15,57,23.064,1,01:36.7,15,1,0,22,1999-05-30,,2022,,23,,,2253.6,2276.664,5.412,308.484,0.6324066666666667,487.7937192312963
Bahrain,11,47,Mick Schumacher,Haas Ferrari,12,57,32.574,0,01:37.0,15,1,0,43,1999-03-22,,2022,,23,,,2253.6,2286.174,5.412,308.484,0.6350483333333333,485.76460059470537
Bahrain,12,18,Lance Stroll,Aston Martin Aramco Mercedes,19,57,45.873,0,01:37.1,15,1,0,122,1998-10-29,,2022,,24,,,2253.6,2299.473,5.412,308.484,0.6387425,482.95518146984114
Bahrain,13,23,Alexander Albon,Williams Mercedes,14,57,53.932,0,01:37.4,15,1,0,59,1996-03-23,,2022,,26,,,2253.6,2307.532,5.412,308.484,0.6409811111111111,481.26847211652967
Bahrain,14,3,Daniel Ricciardo,McLaren Mercedes,18,57,54.975,0,01:37.3,15,1,0,232,1989-07-01,,2022,,33,,,2253.6,2308.575,5.412,308.484,0.6412708333333332,481.05103797797346
Bahrain,15,4,Lando Norris,McLaren Mercedes,13,57,56.335,0,01:37.0,15,1,0,82,1999-11-13,,2022,,23,,,2253.6,2309.935,5.412,308.484,0.641648611,480.7678138129428
Bahrain,16,6,Nicholas Latifi,Williams Mercedes,20,57,61.795,0,01:38.3,15,1,0,61,1995-06-29,,2022,,27,,,2253.6,2315.395,5.412,308.484,0.6431652777777778,479.6341013088479
Bahrain,17,27,Nico Hulkenberg,Aston Martin Aramco Mercedes,17,57,63.829,0,01:38.2,15,1,0,184,1987-08-19,,2022,,35,,,2253.6,2317.429,5.412,308.484,0.6437302777777778,479.2131279965858
Bahrain,18,11,Sergio Perez,Red Bull Racing RBPT,4,56,DNF,0,01:36.1,15,0,0,236,1990-01-26,,2022,,32,,,2253.6,,5.412,303.072,,
Bahrain,19,1,Max Verstappen,Red Bull Racing RBPT,2,54,DNF,0,01:35.4,15,0,0,163,1997-09-30,,2022,,25,,,2253.6,,5.412,292.248,,
Bahrain,0,10,Pierre Gasly,AlphaTauri RBPT,10,44,DNF,0,01:37.3,15,0,0,108,1996-02-07,,2022,,26,,,2253.6,,5.412,238.128,,
Saudi Arabia,1,1,Max Verstappen,Red Bull Racing RBPT,4,50,24:19.3,25,01:31.8,27,1,1,163,1997-09-30,,2022,,25,,,1459.3,1459.3,6.174,308.70000000000005,0.4053611111111111,761.5432056
Saudi Arabia,2,16,Charles Leclerc,Ferrari,2,50,0.549,19,01:31.6,27,1,1,103,1997-10-16,,2022,,25,,,1459.3,1459.849,6.174,308.70000000000005,0.4055136111111111,761.2568149171593
Saudi Arabia,3,55,Carlos Sainz,Ferrari,3,50,8.097,15,01:31.9,27,1,1,163,1994-09-01,,2022,,28,,,1459.3,1467.397,6.174,308.70000000000005,0.40761027777777775,757.3410603946991
Saudi Arabia,4,11,Sergio Perez,Red Bull Racing RBPT,1,50,10.8,12,01:32.0,27,1,0,236,1990-01-26,,2022,,32,,,1459.3,1470.1,6.174,308.70000000000005,0.40836111111111106,755.9485749
Saudi Arabia,5,63,George Russell,Mercedes,6,50,32.732,10,01:32.8,27,1,0,82,1998-02-15,,2022,,24,,,1459.3,1492.032,6.174,308.70000000000005,0.41445333333333334,744.8365718697723
Saudi Arabia,6,31,Esteban Ocon,Alpine Renault,5,50,56.017,8,01:33.1,27,1,0,111,1996-09-17,,2022,,26,,,1459.3,1515.317,6.174,308.70000000000005,0.4209213888888889,733.3910990241646
Saudi Arabia,7,4,Lando Norris,McLaren Mercedes,11,50,56.124,6,01:32.8,27,1,0,82,1999-11-13,,2022,,23,,,1459.3,1515.424,6.174,308.70000000000005,0.4209511111111111,733.3393162573644
Saudi Arabia,8,10,Pierre Gasly,AlphaTauri RBPT,9,50,62.946,4,01:33.5,27,1,0,108,1996-02-07,,2022,,26,,,1459.3,1522.246,6.174,308.70000000000005,0.42284611111111114,730.0528298317092
Saudi Arabia,9,20,Kevin Magnussen,Haas Ferrari,10,50,64.308,2,01:32.8,27,1,0,142,1992-10-05,,2022,,30,,,1459.3,1523.608,6.174,308.70000000000005,0.4232244444444444,729.4002132
Saudi Arabia,10,44,Lewis Hamilton,Mercedes,15,50,73.948,1,01:33.0,27,1,0,310,1985-01-07,,2022,,37,,,1459.3,1533.248,6.174,308.70000000000005,0.42590222222222224,724.8142505322036
Saudi Arabia,11,24,Guanyu Zhou,Alfa Romeo Ferrari,12,50,82.215,0,01:33.9,27,1,0,22,1999-05-30,,2022,,23,,,1459.3,1541.515,6.174,308.70000000000005,0.4281986111111111,720.9271398591646
Saudi Arabia,12,27,Nico Hulkenberg,Aston Martin Aramco Mercedes,17,50,91.742,0,01:33.7,27,1,0,184,1987-08-19,,2022,,35,,,1459.3,1551.042,6.174,308.70000000000005,0.430845,716.4989729485083
Saudi Arabia,13,18,Lance Stroll,Aston Martin Aramco Mercedes,13,49,+1 lap,0,01:34.4,27,1,0,122,1998-10-29,,2022,,24,,,1459.3,,6.174,302.526,,
Saudi Arabia,14,23,Alexander Albon,Williams Mercedes,16,47,DNF,0,01:34.4,27,0,0,59,1996-03-23,,2022,,26,,,1459.3,,6.174,290.178,,
Saudi Arabia,0,77,Valtteri Bottas,Alfa Romeo Ferrari,8,36,DNF,0,01:34.0,27,0,0,200,1989-08-28,,2022,,33,,,1459.3,,6.174,222.264,,
Saudi Arabia,0,14,Fernando Alonso,Alpine Renault,7,35,DNF,0,01:33.8,27,0,0,358,1981-07-29,,2022,,41,,,1459.3,,6.174,216.09,,
Saudi Arabia,0,3,Daniel Ricciardo,McLaren Mercedes,14,35,DNF,0,01:34.5,27,0,0,232,1989-07-01,,2022,,33,,,1459.3,,6.174,216.09,,
Saudi Arabia,0,6,Nicholas Latifi,Williams Mercedes,18,14,DNF,0,01:37.5,27,0,0,61,1995-06-29,,2022,,27,,,1459.3,,6.174,86.436,,
Saudi Arabia,0,22,Yuki Tsunoda,AlphaTauri RBPT,19,0,DNS,0,,27,1,0,44,2000-05-11,,2022,,22,,,1459.3,,6.174,0,,
Saudi Arabia,0,47,Mick Schumacher,Haas Ferrari,20,0,DNS,0,,27,1,0,43,1999-03-22,,2022,,23,,,1459.3,,6.174,0,,
Australia,1,16,Charles Leclerc,Ferrari,1,58,27:46.5,26,01:20.3,14,1,1,103,1997-10-16,,2022,,25,,,1666.5,1666.5,5.278,306.12399999999997,0.46291666666666664,661.2939693969397
Australia,2,11,Sergio Perez,Red Bull Racing RBPT,3,58,20.524,18,01:21.1,14,1,1,236,1990-01-26,,2022,,32,,,1666.5,1687.024,5.278,306.12399999999997,0.46861777777777774,653.2487978831361
Australia,3,63,George Russell,Mercedes,6,58,25.593,15,01:21.5,14,1,1,82,1998-02-15,,2022,,24,,,1666.5,1692.093,5.278,306.12399999999997,0.47002583333333336,651.2918616175351
Australia,4,44,Lewis Hamilton,Mercedes,5,58,28.543,12,01:21.9,14,1,0,310,1985-01-07,,2022,,37,,,1666.5,1695.043,5.278,306.12399999999997,0.47084527777777774,650.1583735633845
Australia,5,4,Lando Norris,McLaren Mercedes,4,58,53.303,10,01:22.2,14,1,0,82,1999-11-13,,2022,,23,,,1666.5,1719.803,5.278,306.12399999999997,0.4777230555555556,640.7980448923508
Australia,6,3,Daniel Ricciardo,McLaren Mercedes,7,58,53.737,8,01:22.5,14,1,0,232,1989-07-01,,2022,,33,,,1666.5,1720.237,5.278,306.12399999999997,0.4778436111111111,640.6363774
Australia,7,31,Esteban Ocon,Alpine Renault,8,58,61.683,6,01:22.5,14,1,0,111,1996-09-17,,2022,,26,,,1666.5,1728.183,5.278,306.12399999999997,0.4800508333333333,637.6908001062387
Australia,8,77,Valtteri Bottas,Alfa Romeo Ferrari,12,58,68.439,4,01:21.7,14,1,0,200,1989-08-28,,2022,,33,,,1666.5,1734.939,5.278,306.12399999999997,0.4819275,635.2075779033153
Australia,9,10,Pierre Gasly,AlphaTauri RBPT,11,58,76.221,2,01:22.7,14,1,0,108,1996-02-07,,2022,,26,,,1666.5,1742.721,5.278,306.12399999999997,0.4840891666666667,632.3711024
Australia,10,23,Alexander Albon,Williams Mercedes,20,58,79.382,1,01:22.6,14,1,0,59,1996-03-23,,2022,,26,,,1666.5,1745.882,5.278,306.12399999999997,0.4849672222222222,631.2261653422166
Australia,11,24,Guanyu Zhou,Alfa Romeo Ferrari,14,58,81.695,0,01:22.5,14,1,0,22,1999-05-30,,2022,,23,,,1666.5,1748.195,5.278,306.12399999999997,0.4856097222222222,630.3910032919669
Australia,12,18,Lance Stroll,Aston Martin Aramco Mercedes,19,58,88.598,0,01:23.6,14,1,0,122,1998-10-29,,2022,,24,,,1666.5,1755.098,5.278,306.12399999999997,0.4875272222222222,627.9116037964831
Australia,13,47,Mick Schumacher,Haas Ferrari,15,57,+1 lap,0,01:23.0,14,1,0,43,1999-03-22,,2022,,23,,,1666.5,,5.278,300.846,,
Australia,14,20,Kevin Magnussen,Haas Ferrari,16,57,+1 lap,0,01:23.1,14,1,0,142,1992-10-05,,2022,,30,,,1666.5,,5.278,300.846,,
Australia,15,22,Yuki Tsunoda,AlphaTauri RBPT,13,57,+1 lap,0,01:23.3,14,1,0,44,2000-05-11,,2022,,22,,,1666.5,,5.278,300.846,,
Australia,16,6,Nicholas Latifi,Williams Mercedes,18,57,+1 lap,0,01:23.9,14,1,0,61,1995-06-29,,2022,,27,,,1666.5,,5.278,300.846,,
Australia,17,14,Fernando Alonso,Alpine Renault,10,57,+1 lap,0,01:20.8,14,1,0,358,1981-07-29,,2022,,41,,,1666.5,,5.278,300.846,,
Australia,0,1,Max Verstappen,Red Bull Racing RBPT,2,38,DNF,0,01:21.7,14,0,0,163,1997-09-30,,2022,,25,,,1666.5,,5.278,200.564,,
Australia,0,5,Sebastian Vettel,Aston Martin Aramco Mercedes,17,22,DNF,0,01:25.2,14,0,0,300,1987-07-03,,2022,,35,,,1666.5,,5.278,116.11599999999999,,
Australia,0,55,Carlos Sainz,Ferrari,9,1,DNF,0,,14,0,0,163,1994-09-01,,2022,,28,,,1666.5,,5.278,5.278,,
Emilia Romagna,1,1,Max Verstappen,Red Bull Racing RBPT,1,63,32:08.0,26,01:18.4,18,1,1,163,1997-09-30,,2022,,25,,,1928,1928,4.909,309.267,0.5355555555555556,577.4695020746888
Emilia Romagna,2,11,Sergio Perez,Red Bull Racing RBPT,3,63,16.527,18,01:18.9,18,1,1,236,1990-01-26,,2022,,32,,,1928,1944.527,4.909,309.267,0.5401463888888889,572.5614506766941
Emilia Romagna,3,4,Lando Norris,McLaren Mercedes,5,63,34.834,15,01:20.9,18,1,1,82,1999-11-13,,2022,,23,,,1928,1962.834,4.909,309.267,0.5452316666666667,567.2212729145715
Emilia Romagna,4,63,George Russell,Mercedes,11,63,42.506,12,01:21.0,18,1,0,82,1998-02-15,,2022,,24,,,1928,1970.506,4.909,309.267,0.5473627777777778,565.0128444166118
Emilia Romagna,5,77,Valtteri Bottas,Alfa Romeo Ferrari,7,63,43.181,10,01:20.8,18,1,0,200,1989-08-28,,2022,,33,,,1928,1971.181,4.909,309.267,0.5475502777777778,564.8193646347038
Emilia Romagna,6,16,Charles Leclerc,Ferrari,2,63,56.072,8,01:18.6,18,1,0,103,1997-10-16,,2022,,25,,,1928,1984.072,4.909,309.267,0.5511311111111111,561.1495954
Emilia Romagna,7,22,Yuki Tsunoda,AlphaTauri RBPT,12,63,61.11,6,01:20.5,18,1,0,44,2000-05-11,,2022,,22,,,1928,1989.11,4.909,309.267,0.5525305555555555,559.7283207062455
Emilia Romagna,8,5,Sebastian Vettel,Aston Martin Aramco Mercedes,13,63,70.892,4,01:21.2,18,1,0,300,1987-07-03,,2022,,35,,,1928,1998.892,4.909,309.267,0.5552477777777778,556.9891720012887
Emilia Romagna,9,20,Kevin Magnussen,Haas Ferrari,8,63,75.26,2,01:21.2,18,1,0,142,1992-10-05,,2022,,30,,,1928,2003.26,4.909,309.267,0.5564611111111111,555.7746872597667
Emilia Romagna,10,18,Lance Stroll,Aston Martin Aramco Mercedes,15,62,+1 lap,1,01:21.8,18,1,0,122,1998-10-29,,2022,,24,,,1928,,4.909,304.358,,
Emilia Romagna,11,23,Alexander Albon,Williams Mercedes,18,62,+1 lap,0,01:21.8,18,1,0,59,1996-03-23,,2022,,26,,,1928,,4.909,304.358,,
Emilia Romagna,12,10,Pierre Gasly,AlphaTauri RBPT,17,62,+1 lap,0,01:21.7,18,1,0,108,1996-02-07,,2022,,26,,,1928,,4.909,304.358,,
Emilia Romagna,13,44,Lewis Hamilton,Mercedes,14,62,+1 lap,0,01:21.4,18,1,0,310,1985-01-07,,2022,,37,,,1928,,4.909,304.358,,
Emilia Romagna,14,31,Esteban Ocon,Alpine Renault,16,62,+1 lap,0,01:21.9,18,1,0,111,1996-09-17,,2022,,26,,,1928,,4.909,304.358,,
Emilia Romagna,15,24,Guanyu Zhou,Alfa Romeo Ferrari,20,62,+1 lap,0,01:21.3,18,1,0,22,1999-05-30,,2022,,23,,,1928,,4.909,304.358,,
Emilia Romagna,16,6,Nicholas Latifi,Williams Mercedes,19,62,+1 lap,0,01:21.3,18,1,0,61,1995-06-29,,2022,,27,,,1928,,4.909,304.358,,
Emilia Romagna,17,47,Mick Schumacher,Haas Ferrari,10,62,+1 lap,0,01:19.0,18,1,0,43,1999-03-22,,2022,,23,,,1928,,4.909,304.358,,
Emilia Romagna,18,3,Daniel Ricciardo,McLaren Mercedes,6,62,+1 lap,0,01:21.6,18,1,0,232,1989-07-01,,2022,,33,,,1928,,4.909,304.358,,
Emilia Romagna,0,14,Fernando Alonso,Alpine Renault,9,6,DNF,0,01:39.7,18,0,0,358,1981-07-29,,2022,,41,,,1928,,4.909,29.454,,
Emilia Romagna,0,55,Carlos Sainz,Ferrari,4,0,DNF,0,,18,0,0,163,1994-09-01,,2022,,28,,,1928,,4.909,0,,
Miami,1,1,Max Verstappen,Red Bull Racing RBPT,3,57,34:24.3,26,01:31.4,19,1,1,163,1997-09-30,,2022,,25,,,2064.3,2064.3,5.412,308.484,0.5734166666666667,537.9752942886208
Miami,2,16,Charles Leclerc,Ferrari,1,57,3.786,18,01:31.5,19,1,1,103,1997-10-16,,2022,,25,,,2064.3,2068.086,5.412,308.484,0.5744683333333332,536.9904346337629
Miami,3,55,Carlos Sainz,Ferrari,2,57,8.229,15,01:31.8,19,1,1,163,1994-09-01,,2022,,28,,,2064.3,2072.529,5.412,308.484,0.5757025,535.8392572552664
Miami,4,11,Sergio Perez,Red Bull Racing RBPT,4,57,10.638,12,01:31.8,19,1,0,236,1990-01-26,,2022,,32,,,2064.3,2074.938,5.412,308.484,0.5763716666666667,535.2171486569719
Miami,5,63,George Russell,Mercedes,12,57,18.582,10,01:32.2,19,1,0,82,1998-02-15,,2022,,24,,,2064.3,2082.882,5.412,308.484,0.5785783333333333,533.1758592
Miami,6,44,Lewis Hamilton,Mercedes,6,57,21.368,8,01:32.9,19,1,0,310,1985-01-07,,2022,,37,,,2064.3,2085.668,5.412,308.484,0.5793522222222223,532.4636519330976
Miami,7,77,Valtteri Bottas,Alfa Romeo Ferrari,5,57,25.073,6,01:33.2,19,1,0,200,1989-08-28,,2022,,33,,,2064.3,2089.373,5.412,308.484,0.5803813888888889,531.5194558367509
Miami,8,31,Esteban Ocon,Alpine Renault,20,57,28.386,4,01:33.2,19,1,0,111,1996-09-17,,2022,,26,,,2064.3,2092.686,5.412,308.484,0.5813016666666667,530.6779899134413
Miami,9,23,Alexander Albon,Williams Mercedes,18,57,32.365,2,01:33.4,19,1,0,59,1996-03-23,,2022,,26,,,2064.3,2096.665,5.412,308.484,0.5824069444444444,529.6708820913212
Miami,10,18,Lance Stroll,Aston Martin Aramco Mercedes,10,57,37.026,1,01:33.3,19,1,0,122,1998-10-29,,2022,,24,,,2064.3,2101.326,5.412,308.484,0.5837016666666667,528.4960068071304
Miami,11,14,Fernando Alonso,Alpine Renault,11,57,37.128,0,01:33.3,19,1,0,358,1981-07-29,,2022,,41,,,2064.3,2101.4280000000003,5.412,308.484,0.5837300000000001,528.4703544446918
Miami,12,22,Yuki Tsunoda,AlphaTauri RBPT,9,57,40.146,0,01:33.0,19,1,0,44,2000-05-11,,2022,,22,,,2064.3,2104.4460000000004,5.412,308.484,0.5845683333333335,527.7124715958498
Miami,13,3,Daniel Ricciardo,McLaren Mercedes,14,57,40.902,0,01:33.3,19,1,0,232,1989-07-01,,2022,,33,,,2064.3,2105.202,5.412,308.484,0.5847783333333334,527.5229645421199
Miami,14,6,Nicholas Latifi,Williams Mercedes,19,57,49.936,0,01:34.2,19,1,0,61,1995-06-29,,2022,,27,,,2064.3,2114.2360000000003,5.412,308.484,0.5872877777777779,525.2688914577179
Miami,15,47,Mick Schumacher,Haas Ferrari,15,57,73.305,0,01:32.5,19,1,0,43,1999-03-22,,2022,,23,,,2064.3,2137.605,5.412,308.484,0.5937791666666666,519.5264794010119
Miami,16,20,Kevin Magnussen,Haas Ferrari,16,56,DNF,0,01:33.5,19,0,0,142,1992-10-05,,2022,,30,,,2064.3,,5.412,303.072,,
Miami,17,5,Sebastian Vettel,Aston Martin Aramco Mercedes,13,54,DNF,0,01:33.5,19,0,0,300,1987-07-03,,2022,,35,,,2064.3,,5.412,292.248,,
Miami,0,10,Pierre Gasly,AlphaTauri RBPT,7,45,DNF,0,01:34.5,19,0,0,108,1996-02-07,,2022,,26,,,2064.3,,5.412,243.54,,
Miami,0,4,Lando Norris,McLaren Mercedes,8,39,DNF,0,01:33.4,19,0,0,82,1999-11-13,,2022,,23,,,2064.3,,5.412,211.06799999999998,,
Miami,0,24,Guanyu Zhou,Alfa Romeo Ferrari,17,6,DNF,0,01:35.7,19,0,0,22,1999-05-30,,2022,,23,,,2064.3,,5.412,32.472,,
Spain,1,1,Max Verstappen,Red Bull Racing RBPT,2,66,37:20.5,25,01:25.5,16,1,1,163,1997-09-30,,2022,,25,,,2240.5,2240.5,4.675,308.55,0.6223611111111111,495.7732648962285
Spain,2,11,Sergio Perez,Red Bull Racing RBPT,5,66,13.072,19,01:24.1,16,1,1,236,1990-01-26,,2022,,32,,,2240.5,2253.572,4.675,308.55,0.6259922222222223,492.8974978389863
Spain,3,63,George Russell,Mercedes,4,66,32.927,15,01:24.6,16,1,1,82,1998-02-15,,2022,,24,,,2240.5,2273.427,4.675,308.55,0.6315075,488.5927721
Spain,4,55,Carlos Sainz,Ferrari,3,66,45.208,12,01:26.0,16,1,0,163,1994-09-01,,2022,,28,,,2240.5,2285.708,4.675,308.55,0.6349188888888889,485.9675864108626
Spain,5,44,Lewis Hamilton,Mercedes,6,66,54.534,10,01:24.3,16,1,0,310,1985-01-07,,2022,,37,,,2240.5,2295.034,4.675,308.55,0.6375094444444445,483.99282973585576
Spain,6,77,Valtteri Bottas,Alfa Romeo Ferrari,7,66,59.976,8,01:26.4,16,1,0,200,1989-08-28,,2022,,33,,,2240.5,2300.476,4.675,308.55,0.6390211111111112,482.84789756554727
Spain,7,31,Esteban Ocon,Alpine Renault,12,66,75.397,6,01:25.9,16,1,0,111,1996-09-17,,2022,,26,,,2240.5,2315.897,4.675,308.55,0.6433047222222222,479.6327297802968
Spain,8,4,Lando Norris,McLaren Mercedes,11,66,83.235,4,01:25.6,16,1,0,82,1999-11-13,,2022,,23,,,2240.5,2323.735,4.675,308.55,0.6454819444444445,478.01491994569085
Spain,9,14,Fernando Alonso,Alpine Renault,20,65,+1 lap,2,01:26.6,16,1,0,358,1981-07-29,,2022,,41,,,2240.5,,4.675,303.875,,
Spain,10,22,Yuki Tsunoda,AlphaTauri RBPT,13,65,+1 lap,1,01:26.8,16,1,0,44,2000-05-11,,2022,,22,,,2240.5,,4.675,303.875,,
Spain,11,5,Sebastian Vettel,Aston Martin Aramco Mercedes,16,65,+1 lap,0,01:27.6,16,1,0,300,1987-07-03,,2022,,35,,,2240.5,,4.675,303.875,,
Spain,12,3,Daniel Ricciardo,McLaren Mercedes,9,65,+1 lap,0,01:27.3,16,1,0,232,1989-07-01,,2022,,33,,,2240.5,,4.675,303.875,,
Spain,13,10,Pierre Gasly,AlphaTauri RBPT,14,65,+1 lap,0,01:27.0,16,1,0,108,1996-02-07,,2022,,26,,,2240.5,,4.675,303.875,,
Spain,14,47,Mick Schumacher,Haas Ferrari,10,65,+1 lap,0,01:27.4,16,1,0,43,1999-03-22,,2022,,23,,,2240.5,,4.675,303.875,,
Spain,15,18,Lance Stroll,Aston Martin Aramco Mercedes,17,65,+1 lap,0,01:26.9,16,1,0,122,1998-10-29,,2022,,24,,,2240.5,,4.675,303.875,,
Spain,16,6,Nicholas Latifi,Williams Mercedes,19,64,+2 laps,0,01:27.2,16,1,0,61,1995-06-29,,2022,,27,,,2240.5,,4.675,299.2,,
Spain,17,20,Kevin Magnussen,Haas Ferrari,8,64,+2 laps,0,01:27.5,16,1,0,142,1992-10-05,,2022,,30,,,2240.5,,4.675,299.2,,
Spain,18,23,Alexander Albon,Williams Mercedes,18,64,+2 laps,0,01:28.3,16,1,0,59,1996-03-23,,2022,,26,,,2240.5,,4.675,299.2,,
Spain,0,24,Guanyu Zhou,Alfa Romeo Ferrari,15,28,DNF,0,01:28.4,16,0,0,22,1999-05-30,,2022,,23,,,2240.5,,4.675,130.9,,
Spain,0,16,Charles Leclerc,Ferrari,1,27,DNF,0,01:27.0,16,0,0,103,1997-10-16,,2022,,25,,,2240.5,,4.675,126.225,,
Monaco,1,11,Sergio Perez,Red Bull Racing RBPT,3,64,56:30.3,25,01:16.0,19,1,1,236,1990-01-26,,2022,,32,,,3390.3,3390.3,3.337,213.568,0.9417500000000001,226.7778072736926
Monaco,2,55,Carlos Sainz,Ferrari,2,64,1.154,18,01:16.4,19,1,1,163,1994-09-01,,2022,,28,,,3390.3,3391.454,3.337,213.568,0.9420705555555556,226.70064226140175
Monaco,3,1,Max Verstappen,Red Bull Racing RBPT,4,64,1.491,15,01:16.1,19,1,1,163,1997-09-30,,2022,,25,,,3390.3,3391.791,3.337,213.568,0.9421641666666667,226.67811784393555
Monaco,4,16,Charles Leclerc,Ferrari,1,64,2.922,12,01:16.2,19,1,0,103,1997-10-16,,2022,,25,,,3390.3,3393.222,3.337,213.568,0.9425616666666667,226.58252245211187
Monaco,5,63,George Russell,Mercedes,6,64,11.968,10,01:16.8,19,1,0,82,1998-02-15,,2022,,24,,,3390.3,3402.268,3.337,213.568,0.9450744444444444,225.9800815220906
Monaco,6,4,Lando Norris,McLaren Mercedes,5,64,12.231,9,01:14.7,19,1,0,82,1999-11-13,,2022,,23,,,3390.3,3402.5310000000004,3.337,213.568,0.9451475000000001,225.96261430094242
Monaco,7,14,Fernando Alonso,Alpine Renault,7,64,46.358,6,01:15.9,19,1,0,358,1981-07-29,,2022,,41,,,3390.3,3436.6580000000004,3.337,213.568,0.9546272222222223,223.71874070681457
Monaco,8,44,Lewis Hamilton,Mercedes,8,64,50.388,4,01:17.2,19,1,0,310,1985-01-07,,2022,,37,,,3390.3,3440.688,3.337,213.568,0.9557466666666667,223.4567040080356
Monaco,9,77,Valtteri Bottas,Alfa Romeo Ferrari,12,64,52.525,2,01:17.6,19,1,0,200,1989-08-28,,2022,,33,,,3390.3,3442.8250000000003,3.337,213.568,0.9563402777777779,223.31800193155328
Monaco,10,5,Sebastian Vettel,Aston Martin Aramco Mercedes,9,64,53.536,1,01:17.6,19,1,0,300,1987-07-03,,2022,,35,,,3390.3,3443.836,3.337,213.568,0.956621111,223.2524429154002
Monaco,11,10,Pierre Gasly,AlphaTauri RBPT,17,64,54.289,0,01:17.3,19,1,0,108,1996-02-07,,2022,,26,,,3390.3,3444.5890000000004,3.337,213.568,0.9568302777777778,223.20363909888815
Monaco,12,31,Esteban Ocon,Alpine Renault,10,64,55.644,0,01:17.6,19,1,0,111,1996-09-17,,2022,,26,,,3390.3,3445.944,3.337,213.568,0.9572066666666667,223.11587187719826
Monaco,13,3,Daniel Ricciardo,McLaren Mercedes,14,64,57.635,0,01:17.5,19,1,0,232,1989-07-01,,2022,,33,,,3390.3,3447.9350000000004,3.337,213.568,0.9577597222222224,222.9870342683374
Monaco,14,18,Lance Stroll,Aston Martin Aramco Mercedes,18,64,60.802,0,01:17.7,19,1,0,122,1998-10-29,,2022,,24,,,3390.3,3451.1020000000003,3.337,213.568,0.9586394444444445,222.78240399733187
Monaco,15,6,Nicholas Latifi,Williams Mercedes,19,63,+1 lap,0,01:18.6,19,1,0,61,1995-06-29,,2022,,27,,,3390.3,,3.337,210.23100000000002,,
Monaco,16,24,Guanyu Zhou,Alfa Romeo Ferrari,20,63,+1 lap,0,01:18.2,19,1,0,22,1999-05-30,,2022,,23,,,3390.3,,3.337,210.23100000000002,,
Monaco,17,22,Yuki Tsunoda,AlphaTauri RBPT,11,63,+1 lap,0,01:15.3,19,1,0,44,2000-05-11,,2022,,22,,,3390.3,,3.337,210.23100000000002,,
Monaco,0,23,Alexander Albon,Williams Mercedes,16,48,DNF,0,01:18.0,19,0,0,59,1996-03-23,,2022,,26,,,3390.3,,3.337,160.17600000000002,,
Monaco,0,47,Mick Schumacher,Haas Ferrari,15,24,DNF,0,01:24.8,19,0,0,43,1999-03-22,,2022,,23,,,3390.3,,3.337,80.08800000000001,,
Monaco,0,20,Kevin Magnussen,Haas Ferrari,13,19,DNF,0,01:33.8,19,0,0,142,1992-10-05,,2022,,30,,,3390.3,,3.337,63.403000000000006,,
Azerbaijan,1,1,Max Verstappen,Red Bull Racing RBPT,3,51,34:05.9,25,01:46.1,20,1,1,163,1997-09-30,,2022,,25,,,2045.9,2045.9,6.003,306.153,0.5683055555555556,538.7119605063785
Azerbaijan,2,11,Sergio Perez,Red Bull Racing RBPT,2,51,20.823,19,01:46.0,20,1,1,236,1990-01-26,,2022,,32,,,2045.9,2066.723,6.003,306.153,0.5740897222222222,533.2842378973864
Azerbaijan,3,63,George Russell,Mercedes,5,51,45.995,15,01:47.2,20,1,1,82,1998-02-15,,2022,,24,,,2045.9,2091.895,6.003,306.153,0.5810819444444444,526.8671706753925
Azerbaijan,4,44,Lewis Hamilton,Mercedes,7,51,71.679,12,01:47.0,20,1,0,310,1985-01-07,,2022,,37,,,2045.9,2117.579,6.003,306.153,0.5882163888888889,520.4768275469297
Azerbaijan,5,10,Pierre Gasly,AlphaTauri RBPT,6,51,77.299,10,01:48.5,20,1,0,108,1996-02-07,,2022,,26,,,2045.9,2123.199,6.003,306.153,0.5897775000000001,519.0991517987716
Azerbaijan,6,5,Sebastian Vettel,Aston Martin Aramco Mercedes,9,51,84.099,8,01:48.2,20,1,0,300,1987-07-03,,2022,,35,,,2045.9,2129.9990000000003,6.003,306.153,0.591666389,517.4419331
Azerbaijan,7,14,Fernando Alonso,Alpine Renault,10,51,88.596,6,01:48.0,20,1,0,358,1981-07-29,,2022,,41,,,2045.9,2134.496,6.003,306.153,0.5929155555555555,516.3517757821987
Azerbaijan,8,3,Daniel Ricciardo,McLaren Mercedes,12,51,92.207,4,01:48.3,20,1,0,232,1989-07-01,,2022,,33,,,2045.9,2138.107,6.003,306.153,0.5939186111111111,515.4797210803763
Azerbaijan,9,4,Lando Norris,McLaren Mercedes,11,51,92.556,2,01:48.0,20,1,0,82,1999-11-13,,2022,,23,,,2045.9,2138.456,6.003,306.153,0.5940155555555556,515.3955938
Azerbaijan,10,31,Esteban Ocon,Alpine Renault,13,51,108.184,1,01:48.3,20,1,0,111,1996-09-17,,2022,,26,,,2045.9,2154.0840000000003,6.003,306.153,0.5983566666666668,511.65636994657586
Azerbaijan,11,77,Valtteri Bottas,Alfa Romeo Ferrari,15,50,+1 lap,0,01:48.2,20,1,0,200,1989-08-28,,2022,,33,,,2045.9,,6.003,300.15,,
Azerbaijan,12,23,Alexander Albon,Williams Mercedes,17,50,+1 lap,0,01:48.0,20,1,0,59,1996-03-23,,2022,,26,,,2045.9,,6.003,300.15,,
Azerbaijan,13,22,Yuki Tsunoda,AlphaTauri RBPT,8,50,+1 lap,0,01:47.5,20,1,0,44,2000-05-11,,2022,,22,,,2045.9,,6.003,300.15,,
Azerbaijan,14,47,Mick Schumacher,Haas Ferrari,20,50,+1 lap,0,01:48.4,20,1,0,43,1999-03-22,,2022,,23,,,2045.9,,6.003,300.15,,
Azerbaijan,15,6,Nicholas Latifi,Williams Mercedes,18,50,+1 lap,0,01:49.6,20,1,0,61,1995-06-29,,2022,,27,,,2045.9,,6.003,300.15,,
Azerbaijan,16,18,Lance Stroll,Aston Martin Aramco Mercedes,19,46,DNF,0,01:48.0,20,0,0,122,1998-10-29,,2022,,24,,,2045.9,,6.003,276.13800000000003,,
Azerbaijan,0,20,Kevin Magnussen,Haas Ferrari,16,31,DNF,0,01:48.8,20,0,0,142,1992-10-05,,2022,,30,,,2045.9,,6.003,186.09300000000002,,
Azerbaijan,0,24,Guanyu Zhou,Alfa Romeo Ferrari,14,23,DNF,0,01:48.7,20,0,0,22,1999-05-30,,2022,,23,,,2045.9,,6.003,138.06900000000002,,
Azerbaijan,0,16,Charles Leclerc,Ferrari,1,21,DNF,0,01:47.5,20,0,0,103,1997-10-16,,2022,,25,,,2045.9,,6.003,126.063,,
Azerbaijan,0,55,Carlos Sainz,Ferrari,4,8,DNF,0,01:49.0,20,0,0,163,1994-09-01,,2022,,28,,,2045.9,,6.003,48.024,,
Canada,1,1,Max Verstappen,Red Bull Racing RBPT,1,70,36:21.8,25,01:15.8,14,1,1,163,1997-09-30,,2022,,25,,,2181.8,2181.8,4.361,305.27,0.6060555555555556,503.6996974974791
Canada,2,55,Carlos Sainz,Ferrari,3,70,0.993,19,01:15.7,14,1,1,163,1994-09-01,,2022,,28,,,2181.8,2182.793,4.361,305.27,0.6063313888888889,503.47055355226075
Canada,3,44,Lewis Hamilton,Mercedes,4,70,7.006,15,01:16.2,14,1,1,310,1985-01-07,,2022,,37,,,2181.8,2188.806,4.361,305.27,0.6080016666666667,502.0874394532909
Canada,4,63,George Russell,Mercedes,8,70,12.313,12,01:16.4,14,1,0,82,1998-02-15,,2022,,24,,,2181.8,2194.1130000000003,4.361,305.27,0.6094758333333334,500.8730179
Canada,5,16,Charles Leclerc,Ferrari,19,70,15.168,10,01:15.9,14,1,0,103,1997-10-16,,2022,,25,,,2181.8,2196.9680000000003,4.361,305.27,0.610268889,500.2221243095028
Canada,6,31,Esteban Ocon,Alpine Renault,7,70,23.89,8,01:17.1,14,1,0,111,1996-09-17,,2022,,26,,,2181.8,2205.69,4.361,305.27,0.6126916666666666,498.2440868843763
Canada,7,77,Valtteri Bottas,Alfa Romeo Ferrari,11,70,25.247,6,01:16.9,14,1,0,200,1989-08-28,,2022,,33,,,2181.8,2207.047,4.361,305.27,0.6130686111111111,497.9377421504843
Canada,8,24,Guanyu Zhou,Alfa Romeo Ferrari,10,70,26.952,4,01:16.6,14,1,0,22,1999-05-30,,2022,,23,,,2181.8,2208.7520000000004,4.361,305.27,0.6135422222222223,497.5533695045889
Canada,9,14,Fernando Alonso,Alpine Renault,2,70,29.945,2,01:17.0,14,1,0,358,1981-07-29,,2022,,41,,,2181.8,2211.7450000000003,4.361,305.27,0.6143736111111112,496.8800652878156
Canada,10,18,Lance Stroll,Aston Martin Aramco Mercedes,17,70,38.222,1,01:17.4,14,1,0,122,1998-10-29,,2022,,24,,,2181.8,2220.0220000000004,4.361,305.27,0.6166727777777778,495.02752675423926
Canada,11,3,Daniel Ricciardo,McLaren Mercedes,9,70,43.047,0,01:17.9,14,1,0,232,1989-07-01,,2022,,33,,,2181.8,2224.847,4.361,305.27,0.6180130555555556,493.95396627273686
Canada,12,5,Sebastian Vettel,Aston Martin Aramco Mercedes,16,70,44.245,0,01:18.0,14,1,0,300,1987-07-03,,2022,,35,,,2181.8,2226.045,4.361,305.27,0.6183458333333334,493.6881329892252
Canada,13,23,Alexander Albon,Williams Mercedes,12,70,44.893,0,01:18.0,14,1,0,59,1996-03-23,,2022,,26,,,2181.8,2226.693,4.361,305.27,0.6185258333333334,493.54446257297246
Canada,14,10,Pierre Gasly,AlphaTauri RBPT,15,70,45.183,0,01:17.8,14,1,0,108,1996-02-07,,2022,,26,,,2181.8,2226.983,4.361,305.27,0.618606389,493.48019270914943
Canada,15,4,Lando Norris,McLaren Mercedes,14,70,52.145,0,01:17.5,14,1,0,82,1999-11-13,,2022,,23,,,2181.8,2233.945,4.361,305.27,0.6205402777777779,491.9422814796245
Canada,16,6,Nicholas Latifi,Williams Mercedes,18,70,59.978,0,01:18.5,14,1,0,61,1995-06-29,,2022,,27,,,2181.8,2241.778,4.361,305.27,0.622716111,490.22338518800706
Canada,17,20,Kevin Magnussen,Haas Ferrari,5,70,68.18,0,01:18.0,14,1,0,142,1992-10-05,,2022,,30,,,2181.8,2249.98,4.361,305.27,0.6249944444444444,488.4363416563703
Canada,0,22,Yuki Tsunoda,AlphaTauri RBPT,20,47,DNF,0,01:18.3,14,0,0,44,2000-05-11,,2022,,22,,,2181.8,,4.361,204.96699999999998,,
Canada,0,47,Mick Schumacher,Haas Ferrari,6,18,DNF,0,01:19.0,14,0,0,43,1999-03-22,,2022,,23,,,2181.8,,4.361,78.49799999999999,,
Canada,0,11,Sergio Perez,Red Bull Racing RBPT,13,7,DNF,0,01:18.8,14,0,0,236,1990-01-26,,2022,,32,,,2181.8,,4.361,30.526999999999997,,
Great Britain,1,55,Carlos Sainz,Ferrari,1,52,17:50.3,25,01:30.8,18,1,1,163,1994-09-01,,2022,,28,,,1070.3,1070.3,5.891,306.332,0.29730555555555555,1030.3608334111932
Great Britain,2,11,Sergio Perez,Red Bull Racing RBPT,4,52,3.779,18,01:30.9,18,1,1,236,1990-01-26,,2022,,32,,,1070.3,1074.079,5.891,306.332,0.29835527777777776,1026.7356497985716
Great Britain,3,44,Lewis Hamilton,Mercedes,5,52,6.225,16,01:30.5,18,1,1,310,1985-01-07,,2022,,37,,,1070.3,1076.525,5.891,306.332,0.29903472222222227,1024.4027774552378
Great Britain,4,16,Charles Leclerc,Ferrari,3,52,8.546,12,01:31.3,18,1,0,103,1997-10-16,,2022,,25,,,1070.3,1078.846,5.891,306.332,0.29967944444444444,1022.1989051264036
Great Britain,5,14,Fernando Alonso,Alpine Renault,7,52,9.571,10,01:31.6,18,1,0,358,1981-07-29,,2022,,41,,,1070.3,1079.871,5.891,306.332,0.2999641666666667,1021.228646755029
Great Britain,6,4,Lando Norris,McLaren Mercedes,6,52,11.943,8,01:31.6,18,1,0,82,1999-11-13,,2022,,23,,,1070.3,1082.243,5.891,306.332,0.3006230555555555,1018.9903746201178
Great Britain,7,1,Max Verstappen,Red Bull Racing RBPT,2,52,18.777,6,01:32.4,18,1,0,163,1997-09-30,,2022,,25,,,1070.3,1089.077,5.891,306.332,0.3025213888888889,1012.5961708859887
Great Britain,8,47,Mick Schumacher,Haas Ferrari,19,52,18.995,4,01:32.1,18,1,0,43,1999-03-22,,2022,,23,,,1070.3,1089.2949999999998,5.891,306.332,0.3025819444444444,1012.3935205798247
Great Britain,9,5,Sebastian Vettel,Aston Martin Aramco Mercedes,18,52,22.356,2,01:32.5,18,1,0,300,1987-07-03,,2022,,35,,,1070.3,1092.656,5.891,306.332,0.30351555555555554,1009.2794072425356
Great Britain,10,20,Kevin Magnussen,Haas Ferrari,17,52,24.59,1,01:32.7,18,1,0,142,1992-10-05,,2022,,30,,,1070.3,1094.89,5.891,306.332,0.30413611111111116,1007.2200860360399
Great Britain,11,18,Lance Stroll,Aston Martin Aramco Mercedes,20,52,26.147,0,01:32.4,18,1,0,122,1998-10-29,,2022,,24,,,1070.3,1096.447,5.891,306.332,0.30456861111111105,1005.7897919370478
Great Britain,12,6,Nicholas Latifi,Williams Mercedes,10,52,32.511,0,01:33.3,18,1,0,61,1995-06-29,,2022,,27,,,1070.3,1102.811,5.891,306.332,0.30633638888888887,999.9856729756958
Great Britain,13,3,Daniel Ricciardo,McLaren Mercedes,14,52,32.817,0,01:32.6,18,1,0,232,1989-07-01,,2022,,33,,,1070.3,1103.117,5.891,306.332,0.30642138888888887,999.7082811705377
Great Britain,14,22,Yuki Tsunoda,AlphaTauri RBPT,13,52,40.91,0,01:33.8,18,1,0,44,2000-05-11,,2022,,22,,,1070.3,1111.21,5.891,306.332,0.30866944444444444,992.4273539654971
Great Britain,0,31,Esteban Ocon,Alpine Renault,15,37,DNF,0,01:33.5,18,0,0,111,1996-09-17,,2022,,26,,,1070.3,,5.891,217.967,,
Great Britain,0,10,Pierre Gasly,AlphaTauri RBPT,11,26,DNF,0,01:34.6,18,0,0,108,1996-02-07,,2022,,26,,,1070.3,,5.891,153.166,,
Great Britain,0,77,Valtteri Bottas,Alfa Romeo Ferrari,12,20,DNF,0,01:35.1,18,0,0,200,1989-08-28,,2022,,33,,,1070.3,,5.891,117.82,,
Great Britain,0,63,George Russell,Mercedes,8,0,DNF,0,,18,0,0,82,1998-02-15,,2022,,24,,,1070.3,,5.891,0,,
Great Britain,0,24,Guanyu Zhou,Alfa Romeo Ferrari,9,0,DNF,0,,18,0,0,22,1999-05-30,,2022,,23,,,1070.3,,5.891,0,,
Great Britain,0,23,Alexander Albon,Williams Mercedes,16,0,DNF,0,,18,0,0,59,1996-03-23,,2022,,26,,,1070.3,,5.891,0,,
Austria,1,16,Charles Leclerc,Ferrari,2,71,24:24.3,25,01:07.6,10,1,1,103,1997-10-16,,2022,,25,,,1464.3,1464.3,4.318,306.578,0.40675,753.7258758451136
Austria,2,1,Max Verstappen,Red Bull Racing RBPT,1,71,1.532,19,01:07.3,10,1,1,163,1997-09-30,,2022,,25,,,1464.3,1465.832,4.318,306.578,0.40717555555555557,752.9381266
Austria,3,44,Lewis Hamilton,Mercedes,8,71,41.217,15,01:09.0,10,1,1,310,1985-01-07,,2022,,37,,,1464.3,1505.517,4.318,306.578,0.4181991666666667,733.0908917003261
Austria,4,63,George Russell,Mercedes,4,71,58.972,12,01:09.1,10,1,0,82,1998-02-15,,2022,,24,,,1464.3,1523.272,4.318,306.578,0.42313111111111107,724.5461086398227
Austria,5,31,Esteban Ocon,Alpine Renault,6,71,68.436,10,01:09.6,10,1,0,111,1996-09-17,,2022,,26,,,1464.3,1532.736,4.318,306.578,0.42576,720.0723412251033
Austria,6,47,Mick Schumacher,Haas Ferrari,9,70,+1 lap,8,01:09.6,10,1,0,43,1999-03-22,,2022,,23,,,1464.3,,4.318,302.26,,
Austria,7,4,Lando Norris,McLaren Mercedes,10,70,+1 lap,6,01:09.3,10,1,0,82,1999-11-13,,2022,,23,,,1464.3,,4.318,302.26,,
Austria,8,20,Kevin Magnussen,Haas Ferrari,7,70,+1 lap,4,01:09.9,10,1,0,142,1992-10-05,,2022,,30,,,1464.3,,4.318,302.26,,
Austria,9,3,Daniel Ricciardo,McLaren Mercedes,11,70,+1 lap,2,01:09.9,10,1,0,232,1989-07-01,,2022,,33,,,1464.3,,4.318,302.26,,
Austria,10,14,Fernando Alonso,Alpine Renault,19,70,+1 lap,1,01:08.6,10,1,0,358,1981-07-29,,2022,,41,,,1464.3,,4.318,302.26,,
Austria,11,77,Valtteri Bottas,Alfa Romeo Ferrari,20,70,+1 lap,0,01:09.3,10,1,0,200,1989-08-28,,2022,,33,,,1464.3,,4.318,302.26,,
Austria,12,23,Alexander Albon,Williams Mercedes,15,70,+1 lap,0,01:09.7,10,1,0,59,1996-03-23,,2022,,26,,,1464.3,,4.318,302.26,,
Austria,13,18,Lance Stroll,Aston Martin Aramco Mercedes,12,70,+1 lap,0,01:10.0,10,1,0,122,1998-10-29,,2022,,24,,,1464.3,,4.318,302.26,,
Austria,14,24,Guanyu Zhou,Alfa Romeo Ferrari,13,70,+1 lap,0,01:09.4,10,1,0,22,1999-05-30,,2022,,23,,,1464.3,,4.318,302.26,,
Austria,15,10,Pierre Gasly,AlphaTauri RBPT,14,70,+1 lap,0,01:10.1,10,1,0,108,1996-02-07,,2022,,26,,,1464.3,,4.318,302.26,,
Austria,16,22,Yuki Tsunoda,AlphaTauri RBPT,16,70,+1 lap,0,01:10.0,10,1,0,44,2000-05-11,,2022,,22,,,1464.3,,4.318,302.26,,
Austria,17,5,Sebastian Vettel,Aston Martin Aramco Mercedes,18,70,+1 lap,0,01:10.0,10,1,0,300,1987-07-03,,2022,,35,,,1464.3,,4.318,302.26,,
Austria,0,55,Carlos Sainz,Ferrari,3,56,DNF,0,01:08.6,10,0,0,163,1994-09-01,,2022,,28,,,1464.3,,4.318,241.808,,
Austria,0,6,Nicholas Latifi,Williams Mercedes,17,48,DNF,0,01:10.9,10,0,0,61,1995-06-29,,2022,,27,,,1464.3,,4.318,207.26399999999998,,
Austria,0,11,Sergio Perez,Red Bull Racing RBPT,5,24,DNF,0,01:11.8,10,0,0,236,1990-01-26,,2022,,32,,,1464.3,,4.318,103.63199999999999,,
France,1,1,Max Verstappen,Red Bull Racing RBPT,2,53,30:02.1,25,01:37.5,15,1,1,163,1997-09-30,,2022,,25,,,1802.1,1802.1,5.842,309.626,0.5005833333333333,618.5303812219078
France,2,44,Lewis Hamilton,Mercedes,4,53,10.587,18,01:37.7,15,1,1,310,1985-01-07,,2022,,37,,,1802.1,1812.687,5.842,309.626,0.5035241666666667,614.9178539924433
France,3,63,George Russell,Mercedes,6,53,16.495,15,01:37.5,15,1,1,82,1998-02-15,,2022,,24,,,1802.1,1818.595,5.842,309.626,0.5051652777777778,612.9201938859394
France,4,11,Sergio Perez,Red Bull Racing RBPT,3,53,17.31,12,01:37.8,15,1,0,236,1990-01-26,,2022,,32,,,1802.1,1819.41,5.842,309.626,0.5053916666666667,612.6456378716176
France,5,55,Carlos Sainz,Ferrari,19,53,28.872,11,01:35.8,15,1,0,163,1994-09-01,,2022,,28,,,1802.1,1830.972,5.842,309.626,0.5086033333333333,608.7769774742595
France,6,14,Fernando Alonso,Alpine Renault,7,53,42.879,8,01:38.2,15,1,0,358,1981-07-29,,2022,,41,,,1802.1,1844.979,5.842,309.626,0.5124941666666667,604.1551692458287
France,7,4,Lando Norris,McLaren Mercedes,5,53,52.026,6,01:39.0,15,1,0,82,1999-11-13,,2022,,23,,,1802.1,1854.126,5.842,309.626,0.515035,601.1746774491053
France,8,31,Esteban Ocon,Alpine Renault,10,53,56.959,4,01:38.7,15,1,0,111,1996-09-17,,2022,,26,,,1802.1,1859.059,5.842,309.626,0.5164052777777778,599.5794646646502
France,9,3,Daniel Ricciardo,McLaren Mercedes,9,53,60.372,2,01:39.1,15,1,0,232,1989-07-01,,2022,,33,,,1802.1,1862.472,5.842,309.626,0.5173533333333333,598.4807288378026
France,10,18,Lance Stroll,Aston Martin Aramco Mercedes,15,53,62.549,1,01:39.2,15,1,0,122,1998-10-29,,2022,,24,,,1802.1,1864.649,5.842,309.626,0.5179580555555555,597.7819954
France,11,5,Sebastian Vettel,Aston Martin Aramco Mercedes,12,53,65.448,0,01:39.0,15,1,0,300,1987-07-03,,2022,,35,,,1802.1,1867.548,5.842,309.626,0.5187633333333334,596.8540567631995
France,12,10,Pierre Gasly,AlphaTauri RBPT,14,53,65.448,0,01:38.8,15,1,0,108,1996-02-07,,2022,,26,,,1802.1,1867.548,5.842,309.626,0.5187633333333334,596.8540567631995
France,13,23,Alexander Albon,Williams Mercedes,13,53,68.565,0,01:39.2,15,1,0,59,1996-03-23,,2022,,26,,,1802.1,1870.665,5.842,309.626,0.5196291666666667,595.8595472732958
France,14,77,Valtteri Bottas,Alfa Romeo Ferrari,11,53,76.666,0,01:38.0,15,1,0,200,1989-08-28,,2022,,33,,,1802.1,1878.766,5.842,309.626,0.5218794444444445,593.2902767028996
France,15,47,Mick Schumacher,Haas Ferrari,17,53,80.394,0,01:39.1,15,1,0,43,1999-03-22,,2022,,23,,,1802.1,1882.494,5.842,309.626,0.522915,592.1153533557078
France,16,24,Guanyu Zhou,Alfa Romeo Ferrari,16,47,+6 laps,0,01:39.4,15,1,0,22,1999-05-30,,2022,,23,,,1802.1,,5.842,274.57399999999996,,
France,0,6,Nicholas Latifi,Williams Mercedes,18,40,DNF,0,01:39.7,15,0,0,61,1995-06-29,,2022,,27,,,1802.1,,5.842,233.67999999999998,,
France,0,20,Kevin Magnussen,Haas Ferrari,20,37,DNF,0,01:39.3,15,0,0,142,1992-10-05,,2022,,30,,,1802.1,,5.842,216.154,,
France,0,16,Charles Leclerc,Ferrari,1,17,DNF,0,01:38.1,15,0,0,103,1997-10-16,,2022,,25,,,1802.1,,5.842,99.314,,
France,0,22,Yuki Tsunoda,AlphaTauri RBPT,8,17,DNF,0,01:40.2,15,0,0,44,2000-05-11,,2022,,22,,,1802.1,,5.842,99.314,,
Hungary,1,1,Max Verstappen,Red Bull Racing RBPT,10,70,39:25.9,25,01:22.1,14,1,1,163,1997-09-30,,2022,,25,,,2365.9,2365.9,4.381,306.67,0.6571944444444444,466.63510714738584
Hungary,2,44,Lewis Hamilton,Mercedes,7,70,7.834,19,01:21.4,14,1,1,310,1985-01-07,,2022,,37,,,2365.9,2373.734,4.381,306.67,0.6593705555555556,465.09507805002585
Hungary,3,63,George Russell,Mercedes,1,70,12.337,15,01:22.8,14,1,1,82,1998-02-15,,2022,,24,,,2365.9,2378.237,4.381,306.67,0.6606213888888889,464.21445802079444
Hungary,4,55,Carlos Sainz,Ferrari,2,70,14.579,12,01:22.0,14,1,0,163,1994-09-01,,2022,,28,,,2365.9,2380.4790000000003,4.381,306.67,0.6612441666666667,463.7772481924856
Hungary,5,11,Sergio Perez,Red Bull Racing RBPT,11,70,15.688,10,01:21.9,14,1,0,236,1990-01-26,,2022,,32,,,2365.9,2381.588,4.381,306.67,0.6615522222222223,463.5612876786413
Hungary,6,16,Charles Leclerc,Ferrari,3,70,16.047,8,01:21.6,14,1,0,103,1997-10-16,,2022,,25,,,2365.9,2381.947,4.381,306.67,0.6616519444444445,463.49142109375225
Hungary,7,4,Lando Norris,McLaren Mercedes,4,70,78.3,6,01:23.0,14,1,0,82,1999-11-13,,2022,,23,,,2365.9,2444.2000000000003,4.381,306.67,0.6789444444444446,451.6864413714098
Hungary,8,14,Fernando Alonso,Alpine Renault,6,69,+1 lap,4,01:24.0,14,1,0,358,1981-07-29,,2022,,41,,,2365.9,,4.381,302.289,,
Hungary,9,31,Esteban Ocon,Alpine Renault,5,69,+1 lap,2,01:24.1,14,1,0,111,1996-09-17,,2022,,26,,,2365.9,,4.381,302.289,,
Hungary,10,5,Sebastian Vettel,Aston Martin Aramco Mercedes,18,69,+1 lap,1,01:22.8,14,1,0,300,1987-07-03,,2022,,35,,,2365.9,,4.381,302.289,,
Hungary,11,18,Lance Stroll,Aston Martin Aramco Mercedes,14,69,+1 lap,0,01:22.4,14,1,0,122,1998-10-29,,2022,,24,,,2365.9,,4.381,302.289,,
Hungary,12,10,Pierre Gasly,AlphaTauri RBPT,20,69,+1 lap,0,01:23.2,14,1,0,108,1996-02-07,,2022,,26,,,2365.9,,4.381,302.289,,
Hungary,13,24,Guanyu Zhou,Alfa Romeo Ferrari,12,69,+1 lap,0,01:22.0,14,1,0,22,1999-05-30,,2022,,23,,,2365.9,,4.381,302.289,,
Hungary,14,47,Mick Schumacher,Haas Ferrari,15,69,+1 lap,0,01:23.2,14,1,0,43,1999-03-22,,2022,,23,,,2365.9,,4.381,302.289,,
Hungary,15,3,Daniel Ricciardo,McLaren Mercedes,9,69,+1 lap,0,01:23.7,14,1,0,232,1989-07-01,,2022,,33,,,2365.9,,4.381,302.289,,
Hungary,16,20,Kevin Magnussen,Haas Ferrari,13,69,+1 lap,0,01:23.5,14,1,0,142,1992-10-05,,2022,,30,,,2365.9,,4.381,302.289,,
Hungary,17,23,Alexander Albon,Williams Mercedes,17,69,+1 lap,0,01:23.0,14,1,0,59,1996-03-23,,2022,,26,,,2365.9,,4.381,302.289,,
Hungary,18,6,Nicholas Latifi,Williams Mercedes,19,69,+1 lap,0,01:22.5,14,1,0,61,1995-06-29,,2022,,27,,,2365.9,,4.381,302.289,,
Hungary,19,22,Yuki Tsunoda,AlphaTauri RBPT,16,68,+2 laps,0,01:23.5,14,1,0,44,2000-05-11,,2022,,22,,,2365.9,,4.381,297.908,,
Hungary,20,77,Valtteri Bottas,Alfa Romeo Ferrari,8,65,DNF,0,01:24.0,14,0,0,200,1989-08-28,,2022,,33,,,2365.9,,4.381,284.765,,
Belgium,1,1,Max Verstappen,Red Bull Racing RBPT,14,44,25:52.9,26,01:49.4,19,1,1,163,1997-09-30,,2022,,25,,,1552.9,1552.9,7.004,308.176,0.43136111111111114,714.4269431386438
Belgium,2,11,Sergio Perez,Red Bull Racing RBPT,2,44,17.841,18,01:50.8,19,1,1,236,1990-01-26,,2022,,32,,,1552.9,1570.741,7.004,308.176,0.43631694444444447,706.3122437117258
Belgium,3,55,Carlos Sainz,Ferrari,1,44,26.886,15,01:52.0,19,1,1,163,1994-09-01,,2022,,28,,,1552.9,1579.786,7.004,308.176,0.43882944444444444,702.2682819065367
Belgium,4,63,George Russell,Mercedes,5,44,29.14,12,01:50.8,19,1,0,82,1998-02-15,,2022,,24,,,1552.9,1582.0400000000002,7.004,308.176,0.4394555555555556,701.2677302723065
Belgium,5,14,Fernando Alonso,Alpine Renault,3,44,73.256,10,01:52.9,19,1,0,358,1981-07-29,,2022,,41,,,1552.9,1626.1560000000002,7.004,308.176,0.45171000000000006,682.2430320338269
Belgium,6,16,Charles Leclerc,Ferrari,15,44,74.936,8,01:50.0,19,1,0,103,1997-10-16,,2022,,25,,,1552.9,1627.836,7.004,308.176,0.45217666666666667,681.5389265257679
Belgium,7,31,Esteban Ocon,Alpine Renault,16,44,75.64,6,01:51.7,19,1,0,111,1996-09-17,,2022,,26,,,1552.9,1628.5400000000002,7.004,308.176,0.4523722222222223,681.2443047146522
Belgium,8,5,Sebastian Vettel,Aston Martin Aramco Mercedes,10,44,78.107,4,01:52.5,19,1,0,300,1987-07-03,,2022,,35,,,1552.9,1631.007,7.004,308.176,0.4530575,680.2138801366273
Belgium,9,10,Pierre Gasly,AlphaTauri RBPT,8,44,92.181,2,01:53.0,19,1,0,108,1996-02-07,,2022,,26,,,1552.9,1645.081,7.004,308.176,0.4569669444444444,674.3945130969236
Belgium,10,23,Alexander Albon,Williams Mercedes,6,44,101.9,1,01:53.1,19,1,0,59,1996-03-23,,2022,,26,,,1552.9,1654.8000000000002,7.004,308.176,0.4596666666666667,670.4336475707033
Belgium,11,18,Lance Stroll,Aston Martin Aramco Mercedes,9,44,103.078,0,01:52.9,19,1,0,122,1998-10-29,,2022,,24,,,1552.9,1655.978,7.004,308.176,0.4599938888888889,669.9567264782503
Belgium,12,4,Lando Norris,McLaren Mercedes,17,44,104.739,0,01:51.7,19,1,0,82,1999-11-13,,2022,,23,,,1552.9,1657.639,7.004,308.176,0.4604552777777777,669.2854113591682
Belgium,13,22,Yuki Tsunoda,AlphaTauri RBPT,20,44,105.217,0,01:52.4,19,1,0,44,2000-05-11,,2022,,22,,,1552.9,1658.1170000000002,7.004,308.176,0.4605880555555556,669.0924705554553
Belgium,14,24,Guanyu Zhou,Alfa Romeo Ferrari,18,44,106.252,0,01:52.3,19,1,0,22,1999-05-30,,2022,,23,,,1552.9,1659.152,7.004,308.176,0.4608755555555556,668.6750822106713
Belgium,15,3,Daniel Ricciardo,McLaren Mercedes,7,44,107.163,0,01:53.1,19,1,0,232,1989-07-01,,2022,,33,,,1552.9,1660.063,7.004,308.176,0.46112861111111114,668.3081304745663
Belgium,16,20,Kevin Magnussen,Haas Ferrari,12,43,+1 lap,0,01:53.3,19,1,0,142,1992-10-05,,2022,,30,,,1552.9,,7.004,301.17199999999997,,
Belgium,17,47,Mick Schumacher,Haas Ferrari,19,43,+1 lap,0,01:52.6,19,1,0,43,1999-03-22,,2022,,23,,,1552.9,,7.004,301.17199999999997,,
Belgium,18,6,Nicholas Latifi,Williams Mercedes,11,43,+1 lap,0,01:52.3,19,1,0,61,1995-06-29,,2022,,27,,,1552.9,,7.004,301.17199999999997,,
Belgium,0,77,Valtteri Bottas,Alfa Romeo Ferrari,13,1,DNF,0,,19,0,0,200,1989-08-28,,2022,,33,,,1552.9,,7.004,7.004,,
Belgium,0,44,Lewis Hamilton,Mercedes,4,0,DNF,0,,19,0,0,310,1985-01-07,,2022,,37,,,1552.9,,7.004,0,,
Netherlands,1,1,Max Verstappen,Red Bull Racing RBPT,1,72,36:42.8,26,01:13.7,14,1,1,163,1997-09-30,,2022,,25,,,2202.8,2202.8,4.259,306.648,0.6118888888888889,501.14980933357543
Netherlands,2,63,George Russell,Mercedes,6,72,4.071,18,01:13.7,14,1,1,82,1998-02-15,,2022,,24,,,2202.8,2206.871,4.259,306.648,0.6130197222222222,500.22534167153407
Netherlands,3,16,Charles Leclerc,Ferrari,2,72,10.929,15,01:14.4,14,1,1,103,1997-10-16,,2022,,25,,,2202.8,2213.7290000000003,4.259,306.648,0.6149247222222223,498.6756734902962
Netherlands,4,44,Lewis Hamilton,Mercedes,4,72,13.016,12,01:13.9,14,1,0,310,1985-01-07,,2022,,37,,,2202.8,2215.8160000000003,4.259,306.648,0.6155044444444445,498.2059882228488
Netherlands,5,11,Sergio Perez,Red Bull Racing RBPT,5,72,18.168,10,01:14.4,14,1,0,236,1990-01-26,,2022,,32,,,2202.8,2220.9680000000003,4.259,306.648,0.6169355555555557,497.05029518660325
Netherlands,6,14,Fernando Alonso,Alpine Renault,13,72,18.754,8,01:14.1,14,1,0,358,1981-07-29,,2022,,41,,,2202.8,2221.554,4.259,306.648,0.6170983333333333,496.91918359850814
Netherlands,7,4,Lando Norris,McLaren Mercedes,7,72,19.306,6,01:14.7,14,1,0,82,1999-11-13,,2022,,23,,,2202.8,2222.106,4.259,306.648,0.6172516666666668,496.79574241732837
Netherlands,8,55,Carlos Sainz,Ferrari,3,72,20.916,4,01:14.6,14,1,0,163,1994-09-01,,2022,,28,,,2202.8,2223.7160000000003,4.259,306.648,0.617698889,496.43605568336955
Netherlands,9,31,Esteban Ocon,Alpine Renault,12,72,21.117,2,01:15.1,14,1,0,111,1996-09-17,,2022,,26,,,2202.8,2223.9170000000004,4.259,306.648,0.6177547222222223,496.3911872610354
Netherlands,10,18,Lance Stroll,Aston Martin Aramco Mercedes,10,72,22.459,1,01:15.0,14,1,0,122,1998-10-29,,2022,,24,,,2202.8,2225.259,4.259,306.648,0.6181275,496.0918257155684
Netherlands,11,10,Pierre Gasly,AlphaTauri RBPT,11,72,27.009,0,01:15.2,14,1,0,108,1996-02-07,,2022,,26,,,2202.8,2229.809,4.259,306.648,0.6193913888888889,495.0795337179104
Netherlands,12,23,Alexander Albon,Williams Mercedes,15,72,30.39,0,01:15.5,14,1,0,59,1996-03-23,,2022,,26,,,2202.8,2233.19,4.259,306.648,0.6203305555555556,494.32999431306786
Netherlands,13,47,Mick Schumacher,Haas Ferrari,8,72,32.995,0,01:15.2,14,1,0,43,1999-03-22,,2022,,23,,,2202.8,2235.795,4.259,306.648,0.6210541666666667,493.7540338000577
Netherlands,14,5,Sebastian Vettel,Aston Martin Aramco Mercedes,19,72,36.007,0,01:14.9,14,1,0,300,1987-07-03,,2022,,35,,,2202.8,2238.807,4.259,306.648,0.6218908333333333,493.08975717871175
Netherlands,15,20,Kevin Magnussen,Haas Ferrari,18,72,36.869,0,01:15.4,14,1,0,142,1992-10-05,,2022,,30,,,2202.8,2239.6690000000003,4.259,306.648,0.6221302777777779,492.8999776306231
Netherlands,16,24,Guanyu Zhou,Alfa Romeo Ferrari,14,72,37.32,0,01:15.9,14,1,0,22,1999-05-30,,2022,,23,,,2202.8,2240.1200000000003,4.259,306.648,0.6222555555555557,492.80074281734903
Netherlands,17,3,Daniel Ricciardo,McLaren Mercedes,17,72,37.764,0,01:15.6,14,1,0,232,1989-07-01,,2022,,33,,,2202.8,2240.5640000000003,4.259,306.648,0.6223788888888889,492.70308725838674
Netherlands,18,6,Nicholas Latifi,Williams Mercedes,20,71,+1 lap,0,01:16.1,14,1,0,61,1995-06-29,,2022,,27,,,2202.8,,4.259,302.389,,
Netherlands,0,77,Valtteri Bottas,Alfa Romeo Ferrari,16,53,DNF,0,01:16.8,14,0,0,200,1989-08-28,,2022,,33,,,2202.8,,4.259,225.72700000000003,,
Netherlands,0,22,Yuki Tsunoda,AlphaTauri RBPT,9,43,DNF,0,01:17.1,14,0,0,44,2000-05-11,,2022,,22,,,2202.8,,4.259,183.137,,
Italy,1,1,Max Verstappen,Red Bull Racing RBPT,7,53,20:27.5,25,01:24.7,18,1,1,163,1997-09-30,,2022,,25,,,1227.5,1227.5,5.793,307.029,0.34097222222222223,900.4516496945009
Italy,2,16,Charles Leclerc,Ferrari,1,53,2.446,18,01:24.3,18,1,1,103,1997-10-16,,2022,,25,,,1227.5,1229.946,5.793,307.029,0.34165166666666663,898.6609168207385
Italy,3,63,George Russell,Mercedes,2,53,3.405,15,01:25.3,18,1,1,82,1998-02-15,,2022,,24,,,1227.5,1230.905,5.793,307.029,0.34191805555555554,897.9607687027025
Italy,4,55,Carlos Sainz,Ferrari,18,53,5.061,12,01:24.4,18,1,0,163,1994-09-01,,2022,,28,,,1227.5,1232.561,5.793,307.029,0.34237805555555556,896.7543188531845
Italy,5,44,Lewis Hamilton,Mercedes,19,53,5.38,10,01:24.4,18,1,0,310,1985-01-07,,2022,,37,,,1227.5,1232.88,5.793,307.029,0.3424666666666667,896.5222892738951
Italy,6,11,Sergio Perez,Red Bull Racing RBPT,13,53,6.091,9,01:24.0,18,1,0,236,1990-01-26,,2022,,32,,,1227.5,1233.591,5.793,307.029,0.34266416666666666,896.0055642429298
Italy,7,4,Lando Norris,McLaren Mercedes,3,53,6.207,6,01:24.7,18,1,0,82,1999-11-13,,2022,,23,,,1227.5,1233.707,5.793,307.029,0.3426963888888889,895.9213168118523
Italy,8,10,Pierre Gasly,AlphaTauri RBPT,5,53,6.396,4,01:26.7,18,1,0,108,1996-02-07,,2022,,26,,,1227.5,1233.896,5.793,307.029,0.3427488888888889,895.7840855307093
Italy,9,45,Nyck De Vries,Williams Mercedes,8,53,7.122,2,01:26.6,18,1,0,1,1995-02-06,,2022,,27,,,1227.5,1234.622,5.793,307.029,0.3429505555555556,895.2573338236317
Italy,10,24,Guanyu Zhou,Alfa Romeo Ferrari,9,53,7.91,1,01:26.4,18,1,0,22,1999-05-30,,2022,,23,,,1227.5,1235.41,5.793,307.029,0.34316944444444447,894.6862984758096
Italy,11,31,Esteban Ocon,Alpine Renault,14,53,8.323,0,01:26.6,18,1,0,111,1996-09-17,,2022,,26,,,1227.5,1235.823,5.793,307.029,0.34328416666666667,894.3873030361144
Italy,12,47,Mick Schumacher,Haas Ferrari,17,53,8.549,0,01:25.3,18,1,0,43,1999-03-22,,2022,,23,,,1227.5,1236.049,5.793,307.029,0.3433469444444444,894.2237727
Italy,13,77,Valtteri Bottas,Alfa Romeo Ferrari,15,52,+1 lap,0,01:25.7,18,1,0,200,1989-08-28,,2022,,33,,,1227.5,,5.793,301.236,,
Italy,14,22,Yuki Tsunoda,AlphaTauri RBPT,20,52,+1 lap,0,01:26.9,18,1,0,44,2000-05-11,,2022,,22,,,1227.5,,5.793,301.236,,
Italy,15,6,Nicholas Latifi,Williams Mercedes,10,52,+1 lap,0,01:26.8,18,1,0,61,1995-06-29,,2022,,27,,,1227.5,,5.793,301.236,,
Italy,16,20,Kevin Magnussen,Haas Ferrari,16,52,+1 lap,0,01:26.8,18,1,0,142,1992-10-05,,2022,,30,,,1227.5,,5.793,301.236,,
Italy,0,3,Daniel Ricciardo,McLaren Mercedes,4,45,DNF,0,01:26.6,18,0,0,232,1989-07-01,,2022,,33,,,1227.5,,5.793,260.685,,
Italy,0,18,Lance Stroll,Aston Martin Aramco Mercedes,12,39,DNF,0,01:27.5,18,0,0,122,1998-10-29,,2022,,24,,,1227.5,,5.793,225.927,,
Italy,0,14,Fernando Alonso,Alpine Renault,6,31,DNF,0,01:27.2,18,0,0,358,1981-07-29,,2022,,41,,,1227.5,,5.793,179.583,,
Italy,0,5,Sebastian Vettel,Aston Martin Aramco Mercedes,11,10,DNF,0,01:27.5,18,0,0,300,1987-07-03,,2022,,35,,,1227.5,,5.793,57.93,,
Singapore,1,11,Sergio Perez,Red Bull Racing RBPT,2,59,02:20.2,25,01:48.2,23,1,1,236,1990-01-26,,2022,,32,,,140.2,140.2,4.94,291.46000000000004,0.038944444,7483.994293865908
Singapore,2,16,Charles Leclerc,Ferrari,1,59,2.595,18,01:48.8,23,1,1,103,1997-10-16,,2022,,25,,,140.2,142.795,4.94,291.46000000000004,0.039665278,7347.988374943102
Singapore,3,55,Carlos Sainz,Ferrari,4,59,10.305,15,01:48.4,23,1,1,163,1994-09-01,,2022,,28,,,140.2,150.505,4.94,291.46000000000004,0.041806944444444445,6971.569050862098
Singapore,4,4,Lando Norris,McLaren Mercedes,6,59,21.133,12,01:49.2,23,1,0,82,1999-11-13,,2022,,23,,,140.2,161.333,4.94,291.46000000000004,0.044814722,6503.666329889113
Singapore,5,3,Daniel Ricciardo,McLaren Mercedes,16,59,53.282,10,01:51.0,23,1,0,232,1989-07-01,,2022,,33,,,140.2,193.482,4.94,291.46000000000004,0.053745,5423.016094520421
Singapore,6,18,Lance Stroll,Aston Martin Aramco Mercedes,11,59,56.33,8,01:50.3,23,1,0,122,1998-10-29,,2022,,24,,,140.2,196.53,4.94,291.46000000000004,0.054591667,5338.910090062586
Singapore,7,1,Max Verstappen,Red Bull Racing RBPT,8,59,58.825,6,01:49.1,23,1,0,163,1997-09-30,,2022,,25,,,140.2,199.025,4.94,291.46000000000004,0.055284722,5271.9809069212415
Singapore,8,5,Sebastian Vettel,Aston Martin Aramco Mercedes,13,59,60.032,4,01:50.7,23,1,0,300,1987-07-03,,2022,,35,,,140.2,200.232,4.94,291.46000000000004,0.05562,5240.201366414959
Singapore,9,44,Lewis Hamilton,Mercedes,3,59,61.515,2,01:50.6,23,1,0,310,1985-01-07,,2022,,37,,,140.2,201.715,4.94,291.46000000000004,0.056031944,5201.675631460229
Singapore,10,10,Pierre Gasly,AlphaTauri RBPT,7,59,69.576,1,01:50.6,23,1,0,108,1996-02-07,,2022,,26,,,140.2,209.776,4.94,291.46000000000004,0.058271111111111114,5001.792388071086
Singapore,11,77,Valtteri Bottas,Alfa Romeo Ferrari,15,59,88.844,0,01:51.9,23,1,0,200,1989-08-28,,2022,,33,,,140.2,229.044,4.94,291.46000000000004,0.063623333,4581.023733431131
Singapore,12,20,Kevin Magnussen,Haas Ferrari,9,59,92.61,0,01:52.1,23,1,0,142,1992-10-05,,2022,,30,,,140.2,232.81,4.94,291.46000000000004,0.064669444,4506.919805850264
Singapore,13,47,Mick Schumacher,Haas Ferrari,12,58,+1 lap,0,01:50.3,23,1,0,43,1999-03-22,,2022,,23,,,140.2,,4.94,286.52000000000004,,
Singapore,14,63,George Russell,Mercedes,20,57,+2 laps,0,01:46.5,23,1,0,82,1998-02-15,,2022,,24,,,140.2,,4.94,281.58000000000004,,
Singapore,0,22,Yuki Tsunoda,AlphaTauri RBPT,10,34,DNF,0,01:58.7,23,0,0,44,2000-05-11,,2022,,22,,,140.2,,4.94,167.96,,
Singapore,0,31,Esteban Ocon,Alpine Renault,17,26,DNF,0,02:01.1,23,0,0,111,1996-09-17,,2022,,26,,,140.2,,4.94,128.44,,
Singapore,0,23,Alexander Albon,Williams Mercedes,18,25,DNF,0,02:02.1,23,0,0,59,1996-03-23,,2022,,26,,,140.2,,4.94,123.50000000000001,,
Singapore,0,14,Fernando Alonso,Alpine Renault,5,20,DNF,0,02:00.5,23,0,0,358,1981-07-29,,2022,,41,,,140.2,,4.94,98.80000000000001,,
Singapore,0,6,Nicholas Latifi,Williams Mercedes,19,7,DNF,0,02:05.6,23,0,0,61,1995-06-29,,2022,,27,,,140.2,,4.94,34.580000000000005,,
Singapore,0,24,Guanyu Zhou,Alfa Romeo Ferrari,14,6,DNF,0,02:05.6,23,0,0,22,1999-05-30,,2022,,23,,,140.2,,4.94,29.64,,
Japan,1,1,Max Verstappen,Red Bull Racing RBPT,1,28,01:44.0,25,01:44.9,18,1,1,163,1997-09-30,,2022,,25,,,104,104,5.807,162.596,0.028888888888888888,5628.323076923078
Japan,2,11,Sergio Perez,Red Bull Racing RBPT,4,28,27.066,18,01:46.1,18,1,1,236,1990-01-26,,2022,,32,,,104,131.066,5.807,162.596,0.036407222,4466.036958478934
Japan,3,16,Charles Leclerc,Ferrari,2,28,31.763,15,01:44.5,18,1,1,103,1997-10-16,,2022,,25,,,104,135.763,5.807,162.596,0.037711944444444444,4311.525231469546
Japan,4,31,Esteban Ocon,Alpine Renault,5,28,39.685,12,01:46.6,18,1,0,111,1996-09-17,,2022,,26,,,104,143.685,5.807,162.596,0.039912500000000004,4073.811462574381
Japan,5,44,Lewis Hamilton,Mercedes,6,28,40.326,10,01:45.5,18,1,0,310,1985-01-07,,2022,,37,,,104,144.326,5.807,162.596,0.040090556,4055.718304394219
Japan,6,5,Sebastian Vettel,Aston Martin Aramco Mercedes,9,28,46.358,8,01:47.0,18,1,0,300,1987-07-03,,2022,,35,,,104,150.358,5.807,162.596,0.041766111111111115,3893.0126764122956
Japan,7,14,Fernando Alonso,Alpine Renault,7,28,46.369,6,01:44.4,18,1,0,358,1981-07-29,,2022,,41,,,104,150.369,5.807,162.596,0.041769167,3892.727889392095
Japan,8,63,George Russell,Mercedes,8,28,47.661,4,01:47.0,18,1,0,82,1998-02-15,,2022,,24,,,104,151.661,5.807,162.596,0.042128056,3859.5657420167345
Japan,9,6,Nicholas Latifi,Williams Mercedes,19,28,70.143,2,01:48.4,18,1,0,61,1995-06-29,,2022,,27,,,104,174.143,5.807,162.596,0.048373056,3361.292730686849
Japan,10,4,Lando Norris,McLaren Mercedes,10,28,70.782,1,01:48.2,18,1,0,82,1999-11-13,,2022,,23,,,104,174.78199999999998,5.807,162.596,0.048550556,3349.0039020036393
Japan,11,3,Daniel Ricciardo,McLaren Mercedes,11,28,72.877,0,01:47.8,18,1,0,232,1989-07-01,,2022,,33,,,104,176.877,5.807,162.596,0.0491325,3309.336996896148
Japan,12,18,Lance Stroll,Aston Martin Aramco Mercedes,18,28,73.904,0,01:45.2,18,1,0,122,1998-10-29,,2022,,24,,,104,177.904,5.807,162.596,0.049417777777777776,3290.2329346164224
Japan,13,22,Yuki Tsunoda,AlphaTauri RBPT,13,28,75.599,0,01:45.9,18,1,0,44,2000-05-11,,2022,,22,,,104,179.599,5.807,162.596,0.049888611111111106,3259.180730404958
Japan,14,20,Kevin Magnussen,Haas Ferrari,17,28,86.016,0,01:48.1,18,1,0,142,1992-10-05,,2022,,30,,,104,190.016,5.807,162.596,0.052782222222222216,3080.5069046817116
Japan,15,77,Valtteri Bottas,Alfa Romeo Ferrari,12,28,86.496,0,01:47.8,18,1,0,200,1989-08-28,,2022,,33,,,104,190.496,5.807,162.596,0.052915555555555556,3072.744834537208
Japan,16,24,Guanyu Zhou,Alfa Romeo Ferrari,14,28,87.043,0,01:44.4,18,1,0,22,1999-05-30,,2022,,23,,,104,191.043,5.807,162.596,0.053067500000000004,3063.946860130965
Japan,17,47,Mick Schumacher,Haas Ferrari,15,28,92.523,0,01:46.5,18,1,0,43,1999-03-22,,2022,,23,,,104,196.523,5.807,162.596,0.054589722,2978.509385669871
Japan,18,10,Pierre Gasly,AlphaTauri RBPT,20,28,108.091,0,01:45.4,18,1,0,108,1996-02-07,,2022,,26,,,104,212.091,5.807,162.596,0.058914167,2759.879485692462
Japan,0,55,Carlos Sainz,Ferrari,3,0,DNF,0,,18,0,0,163,1994-09-01,,2022,,28,,,104,,5.807,0,,
Japan,0,23,Alexander Albon,Williams Mercedes,16,0,DNF,0,,18,0,0,59,1996-03-23,,2022,,26,,,104,,5.807,0,,
United States,1,1,Max Verstappen,Red Bull Racing RBPT,2,56,42:11.7,25,01:39.5,19,1,1,163,1997-09-30,,2022,,25,,,2531.7,2531.7,5.513,308.728,0.7032499999999999,439.0017774617846
United States,1,1,Max Verstappen,Red Bull Racing RBPT,2,56,42:11.7,25,01:39.5,20,1,1,163,1997-09-30,,2022,,25,,,2531.7,2531.7,5.513,308.728,0.7032499999999999,439.0017774617846
United States,2,44,Lewis Hamilton,Mercedes,3,56,5.023,18,01:39.8,19,1,1,310,1985-01-07,,2022,,37,,,2531.7,2536.723,5.513,308.728,0.7046452777777777,438.13250402192125
United States,2,44,Lewis Hamilton,Mercedes,3,56,5.023,18,01:39.8,20,1,1,310,1985-01-07,,2022,,37,,,2531.7,2536.723,5.513,308.728,0.7046452777777777,438.13250402192125
United States,3,16,Charles Leclerc,Ferrari,12,56,7.501,15,01:39.7,19,1,1,103,1997-10-16,,2022,,25,,,2531.7,2539.201,5.513,308.728,0.7053336111111111,437.7049315906854
United States,3,16,Charles Leclerc,Ferrari,12,56,7.501,15,01:39.7,20,1,1,103,1997-10-16,,2022,,25,,,2531.7,2539.201,5.513,308.728,0.7053336111111111,437.7049315906854
United States,4,11,Sergio Perez,Red Bull Racing RBPT,9,56,8.293,12,01:39.6,19,1,0,236,1990-01-26,,2022,,32,,,2531.7,2539.993,5.513,308.728,0.7055536111111111,437.5684499917913
United States,4,11,Sergio Perez,Red Bull Racing RBPT,9,56,8.293,12,01:39.6,20,1,0,236,1990-01-26,,2022,,32,,,2531.7,2539.993,5.513,308.728,0.7055536111111111,437.5684499917913
United States,5,63,George Russell,Mercedes,4,56,44.815,11,01:38.8,19,1,0,82,1998-02-15,,2022,,24,,,2531.7,2576.515,5.513,308.728,0.7156986111111111,431.3659342
United States,5,63,George Russell,Mercedes,4,56,44.815,11,01:38.8,20,1,0,82,1998-02-15,,2022,,24,,,2531.7,2576.515,5.513,308.728,0.7156986111111111,431.3659342
United States,6,4,Lando Norris,McLaren Mercedes,6,56,53.785,8,01:41.3,19,1,0,82,1999-11-13,,2022,,23,,,2531.7,2585.485,5.513,308.728,0.7181902777777778,429.86936686927214
United States,6,4,Lando Norris,McLaren Mercedes,6,56,53.785,8,01:41.3,20,1,0,82,1999-11-13,,2022,,23,,,2531.7,2585.485,5.513,308.728,0.7181902777777778,429.86936686927214
United States,7,14,Fernando Alonso,Alpine Renault,14,56,55.078,6,01:41.8,19,1,0,358,1981-07-29,,2022,,41,,,2531.7,2586.778,5.513,308.728,0.7185494444444444,429.65449682964686
United States,7,14,Fernando Alonso,Alpine Renault,14,56,55.078,6,01:41.8,20,1,0,358,1981-07-29,,2022,,41,,,2531.7,2586.778,5.513,308.728,0.7185494444444444,429.65449682964686
United States,8,5,Sebastian Vettel,Aston Martin Aramco Mercedes,10,56,65.354,4,01:41.5,19,1,0,300,1987-07-03,,2022,,35,,,2531.7,2597.054,5.513,308.728,0.721403889,427.9544437658978
United States,8,5,Sebastian Vettel,Aston Martin Aramco Mercedes,10,56,65.354,4,01:41.5,20,1,0,300,1987-07-03,,2022,,35,,,2531.7,2597.054,5.513,308.728,0.721403889,427.9544437658978
United States,9,20,Kevin Magnussen,Haas Ferrari,13,56,65.834,2,01:42.5,19,1,0,142,1992-10-05,,2022,,30,,,2531.7,2597.534,5.513,308.728,0.7215372222222223,427.87536178544724
United States,9,20,Kevin Magnussen,Haas Ferrari,13,56,65.834,2,01:42.5,20,1,0,142,1992-10-05,,2022,,30,,,2531.7,2597.534,5.513,308.728,0.7215372222222223,427.87536178544724
United States,10,22,Yuki Tsunoda,AlphaTauri RBPT,19,56,70.919,1,01:42.2,19,1,0,44,2000-05-11,,2022,,22,,,2531.7,2602.619,5.513,308.728,0.7229497222222223,427.03937841074696
United States,10,22,Yuki Tsunoda,AlphaTauri RBPT,19,56,70.919,1,01:42.2,20,1,0,44,2000-05-11,,2022,,22,,,2531.7,2602.619,5.513,308.728,0.7229497222222223,427.03937841074696
United States,11,31,Esteban Ocon,Alpine Renault,20,56,72.875,0,01:41.2,19,1,0,111,1996-09-17,,2022,,26,,,2531.7,2604.575,5.513,308.728,0.7234930555555555,426.71867771133486
United States,11,31,Esteban Ocon,Alpine Renault,20,56,72.875,0,01:41.2,20,1,0,111,1996-09-17,,2022,,26,,,2531.7,2604.575,5.513,308.728,0.7234930555555555,426.71867771133486
United States,12,24,Guanyu Zhou,Alfa Romeo Ferrari,18,56,76.164,0,01:42.4,19,1,0,22,1999-05-30,,2022,,23,,,2531.7,2607.864,5.513,308.728,0.7244066666666666,426.18050634542294
United States,12,24,Guanyu Zhou,Alfa Romeo Ferrari,18,56,76.164,0,01:42.4,20,1,0,22,1999-05-30,,2022,,23,,,2531.7,2607.864,5.513,308.728,0.7244066666666666,426.18050634542294
United States,13,23,Alexander Albon,Williams Mercedes,8,56,80.057,0,01:42.5,19,1,0,59,1996-03-23,,2022,,26,,,2531.7,2611.757,5.513,308.728,0.7254880555555556,425.5452555501909
United States,13,23,Alexander Albon,Williams Mercedes,8,56,80.057,0,01:42.5,20,1,0,59,1996-03-23,,2022,,26,,,2531.7,2611.757,5.513,308.728,0.7254880555555556,425.5452555501909
United States,14,10,Pierre Gasly,AlphaTauri RBPT,11,56,81.763,0,01:41.7,19,1,0,108,1996-02-07,,2022,,26,,,2531.7,2613.463,5.513,308.728,0.7259619444444445,425.2674707849317
United States,14,10,Pierre Gasly,AlphaTauri RBPT,11,56,81.763,0,01:41.7,20,1,0,108,1996-02-07,,2022,,26,,,2531.7,2613.463,5.513,308.728,0.7259619444444445,425.2674707849317
United States,15,47,Mick Schumacher,Haas Ferrari,16,56,84.49,0,01:42.3,19,1,0,43,1999-03-22,,2022,,23,,,2531.7,2616.19,5.513,308.728,0.7267194444444445,424.82419090356586
United States,15,47,Mick Schumacher,Haas Ferrari,16,56,84.49,0,01:42.3,20,1,0,43,1999-03-22,,2022,,23,,,2531.7,2616.19,5.513,308.728,0.7267194444444445,424.82419090356586
United States,16,3,Daniel Ricciardo,McLaren Mercedes,15,56,90.487,0,01:42.4,19,1,0,232,1989-07-01,,2022,,33,,,2531.7,2622.187,5.513,308.728,0.7283852777777777,423.8526085286824
United States,16,3,Daniel Ricciardo,McLaren Mercedes,15,56,90.487,0,01:42.4,20,1,0,232,1989-07-01,,2022,,33,,,2531.7,2622.187,5.513,308.728,0.7283852777777777,423.8526085286824
United States,17,6,Nicholas Latifi,Williams Mercedes,17,56,103.588,0,01:43.5,19,1,0,61,1995-06-29,,2022,,27,,,2531.7,2635.288,5.513,308.728,0.7320244444444445,421.74547905200495
United States,17,6,Nicholas Latifi,Williams Mercedes,17,56,103.588,0,01:43.5,20,1,0,61,1995-06-29,,2022,,27,,,2531.7,2635.288,5.513,308.728,0.7320244444444445,421.74547905200495
United States,0,18,Lance Stroll,Aston Martin Aramco Mercedes,5,21,DNF,0,01:43.1,19,0,0,122,1998-10-29,,2022,,24,,,2531.7,,5.513,115.773,,
United States,0,18,Lance Stroll,Aston Martin Aramco Mercedes,5,21,DNF,0,01:43.1,20,0,0,122,1998-10-29,,2022,,24,,,2531.7,,5.513,115.773,,
United States,0,77,Valtteri Bottas,Alfa Romeo Ferrari,7,16,DNF,0,01:43.4,19,0,0,200,1989-08-28,,2022,,33,,,2531.7,,5.513,88.208,,
United States,0,77,Valtteri Bottas,Alfa Romeo Ferrari,7,16,DNF,0,01:43.4,20,0,0,200,1989-08-28,,2022,,33,,,2531.7,,5.513,88.208,,
United States,0,55,Carlos Sainz,Ferrari,1,1,DNF,0,,19,0,0,163,1994-09-01,,2022,,28,,,2531.7,,5.513,5.513,,
United States,0,55,Carlos Sainz,Ferrari,1,1,DNF,0,,20,0,0,163,1994-09-01,,2022,,28,,,2531.7,,5.513,5.513,,
Mexico,1,1,Max Verstappen,Red Bull Racing RBPT,1,71,38:36.7,25,01:22.0,17,1,1,163,1997-09-30,,2022,,25,,,2316.7,2316.7,4.304,305.584,0.6435277777777777,474.8575128415419
Mexico,2,44,Lewis Hamilton,Mercedes,3,71,15.186,18,01:22.1,17,1,1,310,1985-01-07,,2022,,37,,,2316.7,2331.886,4.304,305.584,0.6477461111111111,471.76508628637936
Mexico,3,11,Sergio Perez,Red Bull Racing RBPT,4,71,18.097,15,01:21.8,17,1,1,236,1990-01-26,,2022,,32,,,2316.7,2334.797,4.304,305.584,0.6485547222222222,471.17689460796805
Mexico,4,63,George Russell,Mercedes,2,71,49.431,13,01:20.2,17,1,0,82,1998-02-15,,2022,,24,,,2316.7,2366.131,4.304,305.584,0.6572586111111111,464.9372329765343
Mexico,5,55,Carlos Sainz,Ferrari,5,71,58.123,10,01:22.2,17,1,0,163,1994-09-01,,2022,,28,,,2316.7,2374.823,4.304,305.584,0.6596730555555556,463.2355338
Mexico,6,16,Charles Leclerc,Ferrari,7,71,68.774,8,01:22.6,17,1,0,103,1997-10-16,,2022,,25,,,2316.7,2385.474,4.304,305.584,0.6626316666666667,461.16721456616165
Mexico,7,3,Daniel Ricciardo,McLaren Mercedes,11,70,+1 lap,6,01:22.0,17,1,0,232,1989-07-01,,2022,,33,,,2316.7,,4.304,301.28000000000003,,
Mexico,8,31,Esteban Ocon,Alpine Renault,10,70,+1 lap,4,01:23.3,17,1,0,111,1996-09-17,,2022,,26,,,2316.7,,4.304,301.28000000000003,,
Mexico,9,4,Lando Norris,McLaren Mercedes,8,70,+1 lap,2,01:23.4,17,1,0,82,1999-11-13,,2022,,23,,,2316.7,,4.304,301.28000000000003,,
Mexico,10,77,Valtteri Bottas,Alfa Romeo Ferrari,6,70,+1 lap,1,01:23.4,17,1,0,200,1989-08-28,,2022,,33,,,2316.7,,4.304,301.28000000000003,,
Mexico,11,10,Pierre Gasly,AlphaTauri RBPT,14,70,+1 lap,0,01:22.3,17,1,0,108,1996-02-07,,2022,,26,,,2316.7,,4.304,301.28000000000003,,
Mexico,12,23,Alexander Albon,Williams Mercedes,17,70,+1 lap,0,01:22.9,17,1,0,59,1996-03-23,,2022,,26,,,2316.7,,4.304,301.28000000000003,,
Mexico,13,24,Guanyu Zhou,Alfa Romeo Ferrari,12,70,+1 lap,0,01:22.3,17,1,0,22,1999-05-30,,2022,,23,,,2316.7,,4.304,301.28000000000003,,
Mexico,14,5,Sebastian Vettel,Aston Martin Aramco Mercedes,16,70,+1 lap,0,01:23.1,17,1,0,300,1987-07-03,,2022,,35,,,2316.7,,4.304,301.28000000000003,,
Mexico,15,18,Lance Stroll,Aston Martin Aramco Mercedes,20,70,+1 lap,0,01:22.5,17,1,0,122,1998-10-29,,2022,,24,,,2316.7,,4.304,301.28000000000003,,
Mexico,16,47,Mick Schumacher,Haas Ferrari,15,70,+1 lap,0,01:23.6,17,1,0,43,1999-03-22,,2022,,23,,,2316.7,,4.304,301.28000000000003,,
Mexico,17,20,Kevin Magnussen,Haas Ferrari,19,70,+1 lap,0,01:23.3,17,1,0,142,1992-10-05,,2022,,30,,,2316.7,,4.304,301.28000000000003,,
Mexico,18,6,Nicholas Latifi,Williams Mercedes,18,69,+2 laps,0,01:23.7,17,1,0,61,1995-06-29,,2022,,27,,,2316.7,,4.304,296.976,,
Mexico,19,14,Fernando Alonso,Alpine Renault,9,63,DNF,0,01:22.9,17,0,0,358,1981-07-29,,2022,,41,,,2316.7,,4.304,271.15200000000004,,
Mexico,0,22,Yuki Tsunoda,AlphaTauri RBPT,13,50,DNF,0,01:23.4,17,0,0,44,2000-05-11,,2022,,22,,,2316.7,,4.304,215.20000000000002,,
Brazil,1,63,George Russell,Mercedes,1,71,38:34.0,26,01:13.8,15,1,1,82,1998-02-15,,2022,,24,,,2314,2314,4.309,305.939,0.6427777777777778,475.96387208297324
Brazil,2,44,Lewis Hamilton,Mercedes,2,71,1.529,18,01:13.9,15,1,1,310,1985-01-07,,2022,,37,,,2314,2315.529,4.309,305.939,0.6432025,475.6495815858925
Brazil,3,55,Carlos Sainz,Ferrari,7,71,4.051,15,01:14.0,15,1,1,163,1994-09-01,,2022,,28,,,2314,2318.051,4.309,305.939,0.6439030555555555,475.1320829
Brazil,4,16,Charles Leclerc,Ferrari,5,71,8.441,12,01:14.3,15,1,0,103,1997-10-16,,2022,,25,,,2314,2322.441,4.309,305.939,0.6451224999999999,474.2339633170445
Brazil,5,14,Fernando Alonso,Alpine Renault,17,71,9.561,10,01:14.2,15,1,0,358,1981-07-29,,2022,,41,,,2314,2323.561,4.309,305.939,0.6454336111111112,474.00537364846457
Brazil,6,1,Max Verstappen,Red Bull Racing RBPT,3,71,10.056,8,01:14.2,15,1,0,163,1997-09-30,,2022,,25,,,2314,2324.056,4.309,305.939,0.6455711111111111,473.9044153841388
Brazil,7,11,Sergio Perez,Red Bull Racing RBPT,4,71,14.08,6,01:14.3,15,1,0,236,1990-01-26,,2022,,32,,,2314,2328.08,4.309,305.939,0.6466888888888889,473.08528916532083
Brazil,8,31,Esteban Ocon,Alpine Renault,16,71,18.69,4,01:15.1,15,1,0,111,1996-09-17,,2022,,26,,,2314,2332.69,4.309,305.939,0.6479694444444445,472.15035002507835
Brazil,9,77,Valtteri Bottas,Alfa Romeo Ferrari,14,71,22.552,2,01:15.5,15,1,0,200,1989-08-28,,2022,,33,,,2314,2336.552,4.309,305.939,0.6490422222222223,471.36995025148167
Brazil,10,18,Lance Stroll,Aston Martin Aramco Mercedes,15,71,23.552,1,01:14.8,15,1,0,122,1998-10-29,,2022,,24,,,2314,2337.552,4.309,305.939,0.64932,471.1682991437196
Brazil,11,5,Sebastian Vettel,Aston Martin Aramco Mercedes,9,71,26.183,0,01:15.5,15,1,0,300,1987-07-03,,2022,,35,,,2314,2340.183,4.309,305.939,0.6500508333333334,470.6385782650331
Brazil,12,24,Guanyu Zhou,Alfa Romeo Ferrari,13,71,29.325,0,01:15.8,15,1,0,22,1999-05-30,,2022,,23,,,2314,2343.325,4.309,305.939,0.6509236111111111,470.0075320324753
Brazil,13,47,Mick Schumacher,Haas Ferrari,12,71,29.899,0,01:15.3,15,1,0,43,1999-03-22,,2022,,23,,,2314,2343.899,4.309,305.939,0.6510830555555556,469.8924313718296
Brazil,14,10,Pierre Gasly,AlphaTauri RBPT,10,71,31.867,0,01:15.3,15,1,0,108,1996-02-07,,2022,,26,,,2314,2345.867,4.309,305.939,0.6516297222222223,469.4982282
Brazil,15,23,Alexander Albon,Williams Mercedes,19,71,36.016,0,01:15.6,15,1,0,59,1996-03-23,,2022,,26,,,2314,2350.016,4.309,305.939,0.6527822222222223,468.66931969824884
Brazil,16,6,Nicholas Latifi,Williams Mercedes,18,71,37.038,0,01:15.3,15,1,0,61,1995-06-29,,2022,,27,,,2314,2351.038,4.309,305.939,0.6530661111111111,468.46558839117023
Brazil,17,22,Yuki Tsunoda,AlphaTauri RBPT,20,71,+1 lap,0,01:15.5,15,1,0,44,2000-05-11,,2022,,22,,,2314,,4.309,305.939,,
Brazil,0,4,Lando Norris,McLaren Mercedes,6,50,DNF,0,01:15.9,15,0,0,82,1999-11-13,,2022,,23,,,2314,,4.309,215.45000000000002,,
Brazil,0,20,Kevin Magnussen,Haas Ferrari,8,0,DNF,0,,15,0,0,142,1992-10-05,,2022,,30,,,2314,,4.309,0,,
Brazil,0,3,Daniel Ricciardo,McLaren Mercedes,11,0,DNF,0,,15,0,0,232,1989-07-01,,2022,,33,,,2314,,4.309,0,,
Abu Dhabi,1,1,Max Verstappen,Red Bull Racing RBPT,1,58,27:45.9,25,01:29.4,16,1,1,163,1997-09-30,,2022,,25,,,1665.9,1665.9,5.281,306.298,0.46275000000000005,661.9081577525661
Abu Dhabi,2,16,Charles Leclerc,Ferrari,3,58,8.771,18,01:29.7,16,1,1,103,1997-10-16,,2022,,25,,,1665.9,1674.671,5.281,306.298,0.4651863888888889,658.4414490965688
Abu Dhabi,3,11,Sergio Perez,Red Bull Racing RBPT,2,58,10.093,15,01:29.0,16,1,1,236,1990-01-26,,2022,,32,,,1665.9,1675.9930000000002,5.281,306.298,0.46555361111111115,657.9220796268241
Abu Dhabi,4,55,Carlos Sainz,Ferrari,4,58,24.892,12,01:28.9,16,1,0,163,1994-09-01,,2022,,28,,,1665.9,1690.792,5.281,306.298,0.46966444444444444,652.1634831487256
Abu Dhabi,5,63,George Russell,Mercedes,6,58,35.888,10,01:28.8,16,1,0,82,1998-02-15,,2022,,24,,,1665.9,1701.788,5.281,306.298,0.4727188888888889,647.9495683363615
Abu Dhabi,6,4,Lando Norris,McLaren Mercedes,7,58,56.234,9,01:28.4,16,1,0,82,1999-11-13,,2022,,23,,,1665.9,1722.134,5.281,306.298,0.4783705555555556,640.2944254047594
Abu Dhabi,7,31,Esteban Ocon,Alpine Renault,8,58,57.24,6,01:29.3,16,1,0,111,1996-09-17,,2022,,26,,,1665.9,1723.14,5.281,306.298,0.47865,639.9206100490964
Abu Dhabi,8,18,Lance Stroll,Aston Martin Aramco Mercedes,14,58,76.931,4,01:29.6,16,1,0,122,1998-10-29,,2022,,24,,,1665.9,1742.831,5.281,306.298,0.4841197222222222,632.6906051
Abu Dhabi,9,3,Daniel Ricciardo,McLaren Mercedes,13,58,83.268,2,01:30.8,16,1,0,232,1989-07-01,,2022,,33,,,1665.9,1749.168,5.281,306.298,0.48588,630.3984522927473
Abu Dhabi,10,5,Sebastian Vettel,Aston Martin Aramco Mercedes,9,58,83.898,1,01:30.3,16,1,0,300,1987-07-03,,2022,,35,,,1665.9,1749.798,5.281,306.298,0.486055,630.1714826511403
Abu Dhabi,11,22,Yuki Tsunoda,AlphaTauri RBPT,11,58,89.371,0,01:29.5,16,1,0,44,2000-05-11,,2022,,22,,,1665.9,1755.2710000000002,5.281,306.298,0.4875752777777778,628.2065846242546
Abu Dhabi,12,24,Guanyu Zhou,Alfa Romeo Ferrari,15,57,+1 lap,0,01:29.6,16,1,0,22,1999-05-30,,2022,,23,,,1665.9,,5.281,301.017,,
Abu Dhabi,13,23,Alexander Albon,Williams Mercedes,19,57,+1 lap,0,01:29.9,16,1,0,59,1996-03-23,,2022,,26,,,1665.9,,5.281,301.017,,
Abu Dhabi,14,10,Pierre Gasly,AlphaTauri RBPT,17,57,+1 lap,0,01:31.1,16,1,0,108,1996-02-07,,2022,,26,,,1665.9,,5.281,301.017,,
Abu Dhabi,15,77,Valtteri Bottas,Alfa Romeo Ferrari,18,57,+1 lap,0,01:30.4,16,1,0,200,1989-08-28,,2022,,33,,,1665.9,,5.281,301.017,,
Abu Dhabi,16,47,Mick Schumacher,Haas Ferrari,12,57,+1 lap,0,01:29.8,16,1,0,43,1999-03-22,,2022,,23,,,1665.9,,5.281,301.017,,
Abu Dhabi,17,20,Kevin Magnussen,Haas Ferrari,16,57,+1 lap,0,01:31.2,16,1,0,142,1992-10-05,,2022,,30,,,1665.9,,5.281,301.017,,
Abu Dhabi,18,44,Lewis Hamilton,Mercedes,5,55,DNF,0,01:29.8,16,0,0,310,1985-01-07,,2022,,37,,,1665.9,,5.281,290.455,,
Abu Dhabi,19,6,Nicholas Latifi,Williams Mercedes,20,55,DNF,0,01:30.3,16,0,0,61,1995-06-29,,2022,,27,,,1665.9,,5.281,290.455,,
Abu Dhabi,0,14,Fernando Alonso,Alpine Renault,10,27,DNF,0,01:30.6,16,0,0,358,1981-07-29,,2022,,41,,,1665.9,,5.281,142.587,,
bahrain,1,1,Max Verstappen,Red Bull Racing Honda RBPT,1,57,33:56.7,25,,15,1,1,185,1997-09-30,,2023,,,26,,2036.7,2036.7,5.412,308.484,0.56575,545.2655766681396
bahrain,2,11,Sergio Perez,Red Bull Racing Honda RBPT,2,57,11.987,18,,15,1,1,258,1990-01-26,,2023,,,33,,2036.7,2048.687,5.412,308.484,0.5690797222222221,542.0751925501553
bahrain,3,14,Fernando Alonso,Aston Martin Aramco Mercedes,5,57,38.637,15,,15,1,1,380,1981-07-29,,2023,,,42,,2036.7,2075.337,5.412,308.484,0.5764825,535.1142489147545
bahrain,4,55,Carlos Sainz,Ferrari,4,57,48.052,12,,15,1,0,185,1994-09-01,,2023,,,29,,2036.7,2084.752,5.412,308.484,0.5790977777777777,532.6976062380562
bahrain,5,44,Lewis Hamilton,Mercedes,7,57,50.977,10,,15,1,0,332,1985-01-07,,2023,,,38,,2036.7,2087.677,5.412,308.484,0.5799102777777778,531.9512549115595
bahrain,6,18,Lance Stroll,Aston Martin Aramco Mercedes,8,57,54.502,8,,15,1,0,143,1998-10-29,,2023,,,25,,2036.7,2091.202,5.412,308.484,0.5808894444444445,531.0545800931712
bahrain,7,63,George Russell,Mercedes,6,57,55.873,6,,15,1,0,104,1998-02-15,,2023,,,25,,2036.7,2092.573,5.412,308.484,0.5812702777777777,530.7066467932062
bahrain,8,77,Valtteri Bottas,Alfa Romeo Ferrari,12,57,72.647,4,,15,1,0,222,1989-08-28,,2023,,,34,,2036.7,2109.347,5.412,308.484,0.5859297222222223,526.4863486187904
bahrain,9,10,Pierre Gasly,Alpine Renault,20,57,73.753,2,,15,1,0,130,1996-02-07,,2023,,,27,,2036.7,2110.453,5.412,308.484,0.5862369444444444,526.2104392
bahrain,10,23,Alexander Albon,Williams Mercedes,15,57,89.774,1,,15,1,0,81,1996-03-23,,2023,,,27,,2036.7,2126.474,5.412,308.484,0.5906872222222223,522.2459338792761
bahrain,11,22,Yuki Tsunoda,AlphaTauri Honda RBPT,14,57,90.87,0,,15,1,0,66,2000-05-11,,2023,,,23,,2036.7,2127.57,5.412,308.484,0.5909916666666667,521.9769032276258
bahrain,12,2,Logan Sargeant,Williams Mercedes,16,56,+1 lap,0,,15,1,0,22,2000-12-31,,2023,,,23,,2036.7,,5.412,303.072,,
bahrain,13,20,Kevin Magnussen,Haas Ferrari,17,56,+1 lap,0,,15,1,0,164,1992-10-05,,2023,,,31,,2036.7,,5.412,303.072,,
bahrain,14,21,Nyck De Vries,AlphaTauri Honda RBPT,19,56,+1 lap,0,,15,1,0,11,1995-02-06,,2023,,,28,,2036.7,,5.412,303.072,,
bahrain,15,27,Nico Hulkenberg,Haas Ferrari,10,56,+1 lap,0,,15,1,0,206,1987-08-19,,2023,,,36,,2036.7,,5.412,303.072,,
bahrain,16,24,Guanyu Zhou,Alfa Romeo Ferrari,13,56,+1 lap,0,,15,1,0,44,1999-05-30,,2023,,,24,,2036.7,,5.412,303.072,,
bahrain,17,4,Lando Norris,McLaren Mercedes,11,55,+2 laps,0,,15,1,0,104,1999-11-13,,2023,,,24,,2036.7,,5.412,297.65999999999997,,
bahrain,NC,31,Esteban Ocon,Alpine Renault,9,41,DNF,0,,15,0,0,133,1996-09-17,,2023,,,27,,2036.7,,5.412,221.892,,
bahrain,NC,16,Charles Leclerc,Ferrari,3,39,DNF,0,,15,0,0,125,1997-10-16,,2023,,,26,,2036.7,,5.412,211.06799999999998,,
bahrain,NC,81,Oscar Piastri,McLaren Mercedes,18,13,DNF,0,,15,0,0,22,2001-04-06,,2023,,,22,,2036.7,,5.412,70.356,,
saudi arabia,1,11,Sergio Perez,Red Bull Racing Honda RBPT,1,50,21:14.9,25,,27,1,1,258,1990-01-26,,2023,,,33,,1274.9,1274.9,6.174,308.70000000000005,0.3541388888888889,871.6918974
saudi arabia,2,1,Max Verstappen,Red Bull Racing Honda RBPT,15,50,5.335,19,,27,1,1,185,1997-09-30,,2023,,,26,,1274.9,1280.235,6.174,308.70000000000005,0.35562083333333333,868.0593797232541
saudi arabia,3,14,Fernando Alonso,Aston Martin Aramco Mercedes,2,50,20.728,15,,27,1,1,380,1981-07-29,,2023,,,42,,1274.9,1295.6280000000002,6.174,308.70000000000005,0.3598966666666667,857.7462049291927
saudi arabia,4,63,George Russell,Mercedes,3,50,25.866,12,,27,1,0,104,1998-02-15,,2023,,,25,,1274.9,1300.766,6.174,308.70000000000005,0.3613238888888889,854.3581243667194
saudi arabia,5,44,Lewis Hamilton,Mercedes,7,50,31.065,10,,27,1,0,332,1985-01-07,,2023,,,38,,1274.9,1305.965,6.174,308.70000000000005,0.3627680555555555,850.9569552017093
saudi arabia,6,55,Carlos Sainz,Ferrari,4,50,35.876,8,,27,1,0,185,1994-09-01,,2023,,,29,,1274.9,1310.776,6.174,308.70000000000005,0.36410444444444445,847.8336496853773
saudi arabia,7,16,Charles Leclerc,Ferrari,12,50,43.162,6,,27,1,0,125,1997-10-16,,2023,,,26,,1274.9,1318.062,6.174,308.70000000000005,0.3661283333333333,843.1469839810269
saudi arabia,8,31,Esteban Ocon,Alpine Renault,6,50,52.832,4,,27,1,0,133,1996-09-17,,2023,,,27,,1274.9,1327.7320000000002,6.174,308.70000000000005,0.3688144444444445,837.0062633121745
saudi arabia,9,10,Pierre Gasly,Alpine Renault,9,50,54.747,2,,27,1,0,130,1996-02-07,,2023,,,27,,1274.9,1329.6470000000002,6.174,308.70000000000005,0.36934638888888893,835.8007802070775
saudi arabia,10,20,Kevin Magnussen,Haas Ferrari,13,50,64.826,1,,27,1,0,164,1992-10-05,,2023,,,31,,1274.9,1339.726,6.174,308.70000000000005,0.3721461111111111,829.5129003990369
saudi arabia,11,22,Yuki Tsunoda,AlphaTauri Honda RBPT,16,50,67.494,0,,27,1,0,66,2000-05-11,,2023,,,23,,1274.9,1342.394,6.174,308.70000000000005,0.3728872222222222,827.8642485
saudi arabia,12,27,Nico Hulkenberg,Haas Ferrari,10,50,70.588,0,,27,1,0,206,1987-08-19,,2023,,,36,,1274.9,1345.488,6.174,308.70000000000005,0.37374666666666667,825.9605436837788
saudi arabia,13,24,Guanyu Zhou,Alfa Romeo Ferrari,11,50,76.06,0,,27,1,0,44,1999-05-30,,2023,,,24,,1274.9,1350.96,6.174,308.70000000000005,0.3752666666666667,822.6150293
saudi arabia,14,21,Nyck De Vries,AlphaTauri Honda RBPT,18,50,77.478,0,,27,1,0,11,1995-02-06,,2023,,,28,,1274.9,1352.3780000000002,6.174,308.70000000000005,0.3756605555555556,821.7524981920735
saudi arabia,15,81,Oscar Piastri,McLaren Mercedes,8,50,85.021,0,,27,1,0,22,2001-04-06,,2023,,,22,,1274.9,1359.921,6.174,308.70000000000005,0.37775583333333335,817.1945282115653
saudi arabia,16,2,Logan Sargeant,Williams Mercedes,20,50,86.293,0,,27,1,0,22,2000-12-31,,2023,,,23,,1274.9,1361.1930000000002,6.174,308.70000000000005,0.3781091666666667,816.4308808523111
saudi arabia,17,4,Lando Norris,McLaren Mercedes,19,50,86.445,0,,27,1,0,104,1999-11-13,,2023,,,24,,1274.9,1361.345,6.174,308.70000000000005,0.3781513888888889,816.3397228476251
saudi arabia,18,77,Valtteri Bottas,Alfa Romeo Ferrari,14,49,+1 lap,0,,27,1,0,222,1989-08-28,,2023,,,34,,1274.9,,6.174,302.526,,
saudi arabia,NC,23,Alexander Albon,Williams Mercedes,17,27,DNF,0,,27,0,0,81,1996-03-23,,2023,,,27,,1274.9,,6.174,166.698,,
saudi arabia,NC,18,Lance Stroll,Aston Martin Aramco Mercedes,5,16,DNF,0,,27,0,0,143,1998-10-29,,2023,,,25,,1274.9,,6.174,98.784,,
australia,1,1,Max Verstappen,Red Bull Racing Honda RBPT,1,58,32:28.4,25,,14,1,1,185,1997-09-30,,2023,,,26,,1948.4,1948.4,5.278,306.12399999999997,0.5412222222222223,565.6160952576472
australia,2,44,Lewis Hamilton,Mercedes,3,58,0.179,18,,14,1,1,332,1985-01-07,,2023,,,38,,1948.4,1948.579,5.278,306.12399999999997,0.5412719444444445,565.5641367375918
australia,3,14,Fernando Alonso,Aston Martin Aramco Mercedes,4,58,0.769,15,,14,1,1,380,1981-07-29,,2023,,,42,,1948.4,1949.169,5.278,306.12399999999997,0.5414358333333333,565.3929443778349
australia,4,18,Lance Stroll,Aston Martin Aramco Mercedes,6,58,3.082,12,,14,1,0,143,1998-10-29,,2023,,,25,,1948.4,1951.482,5.278,306.12399999999997,0.5420783333333333,564.7228106638954
australia,5,11,Sergio Perez,Red Bull Racing Honda RBPT,20,58,3.32,11,,14,1,0,258,1990-01-26,,2023,,,33,,1948.4,1951.72,5.278,306.12399999999997,0.5421444444444444,564.6539462627835
australia,6,4,Lando Norris,McLaren Mercedes,13,58,3.701,8,,14,1,0,104,1999-11-13,,2023,,,24,,1948.4,1952.101,5.278,306.12399999999997,0.5422502777777778,564.5437403085187
australia,7,27,Nico Hulkenberg,Haas Ferrari,10,58,4.939,6,,14,1,0,206,1987-08-19,,2023,,,36,,1948.4,1953.339,5.278,306.12399999999997,0.5425941666666666,564.1859400749179
australia,8,81,Oscar Piastri,McLaren Mercedes,16,58,5.382,4,,14,1,0,22,2001-04-06,,2023,,,22,,1948.4,1953.782,5.278,306.12399999999997,0.5427172222222222,564.0580167081076
australia,9,24,Guanyu Zhou,Alfa Romeo Ferrari,17,58,5.713,2,,14,1,0,44,1999-05-30,,2023,,,24,,1948.4,1954.113,5.278,306.12399999999997,0.5428091666666667,563.9624729992585
australia,10,22,Yuki Tsunoda,AlphaTauri Honda RBPT,12,58,6.052,1,,14,1,0,66,2000-05-11,,2023,,,23,,1948.4,1954.452,5.278,306.12399999999997,0.5429033333333333,563.8646536215778
australia,11,77,Valtteri Bottas,Alfa Romeo Ferrari,19,58,6.513,0,,14,1,0,222,1989-08-28,,2023,,,34,,1948.4,1954.913,5.278,306.12399999999997,0.5430313888888889,563.7316852
australia,12,55,Carlos Sainz,Ferrari,5,58,6.594,0,,14,1,0,185,1994-09-01,,2023,,,29,,1948.4,1954.994,5.278,306.12399999999997,0.5430538888888888,563.7083285166093
australia,13,10,Pierre Gasly,Alpine Renault,9,56,DNF,0,,14,0,0,130,1996-02-07,,2023,,,27,,1948.4,,5.278,295.568,,
australia,14,31,Esteban Ocon,Alpine Renault,11,56,DNF,0,,14,0,0,133,1996-09-17,,2023,,,27,,1948.4,,5.278,295.568,,
australia,15,21,Nyck De Vries,AlphaTauri Honda RBPT,15,56,DNF,0,,14,0,0,11,1995-02-06,,2023,,,28,,1948.4,,5.278,295.568,,
australia,16,2,Logan Sargeant,Williams Mercedes,18,56,DNF,0,,14,0,0,22,2000-12-31,,2023,,,23,,1948.4,,5.278,295.568,,
australia,17,20,Kevin Magnussen,Haas Ferrari,14,52,DNF,0,,14,0,0,164,1992-10-05,,2023,,,31,,1948.4,,5.278,274.45599999999996,,
australia,NC,63,George Russell,Mercedes,2,17,DNF,0,,14,0,0,104,1998-02-15,,2023,,,25,,1948.4,,5.278,89.726,,
australia,NC,23,Alexander Albon,Williams Mercedes,8,6,DNF,0,,14,0,0,81,1996-03-23,,2023,,,27,,1948.4,,5.278,31.668,,
australia,NC,16,Charles Leclerc,Ferrari,7,0,DNF,0,,14,0,0,125,1997-10-16,,2023,,,26,,1948.4,,5.278,0,,
azerbaijan,1,11,Sergio Perez,Red Bull Racing Honda RBPT,3,51,32:42.4,25,,20,1,1,258,1990-01-26,,2023,,,33,,1962.4,1962.4,6.003,306.153,0.5451111111111111,561.6341214838973
azerbaijan,2,1,Max Verstappen,Red Bull Racing Honda RBPT,2,51,2.137,18,,20,1,1,185,1997-09-30,,2023,,,26,,1962.4,1964.537,6.003,306.153,0.5457047222222222,561.0231825615909
azerbaijan,3,16,Charles Leclerc,Ferrari,1,51,21.217,15,,20,1,1,125,1997-10-16,,2023,,,26,,1962.4,1983.617,6.003,306.153,0.5510047222222222,555.6268170720457
azerbaijan,4,14,Fernando Alonso,Aston Martin Aramco Mercedes,6,51,22.024,12,,20,1,0,380,1981-07-29,,2023,,,42,,1962.4,1984.424,6.003,306.153,0.5512288888888889,555.4008619125752
azerbaijan,5,55,Carlos Sainz,Ferrari,4,51,45.491,10,,20,1,0,185,1994-09-01,,2023,,,29,,1962.4,2007.891,6.003,306.153,0.5577475000000001,548.9096768699097
azerbaijan,6,44,Lewis Hamilton,Mercedes,5,51,46.145,8,,20,1,0,332,1985-01-07,,2023,,,38,,1962.4,2008.545,6.003,306.153,0.5579291666666667,548.7309470288194
azerbaijan,7,18,Lance Stroll,Aston Martin Aramco Mercedes,9,51,51.617,6,,20,1,0,143,1998-10-29,,2023,,,25,,1962.4,2014.017,6.003,306.153,0.5594491666666667,547.2400679835374
azerbaijan,8,63,George Russell,Mercedes,11,51,74.24,5,,20,1,0,104,1998-02-15,,2023,,,25,,1962.4,2036.64,6.003,306.153,0.5657333333333333,541.1613245345275
azerbaijan,9,4,Lando Norris,McLaren Mercedes,7,51,80.376,2,,20,1,0,104,1999-11-13,,2023,,,24,,1962.4,2042.776,6.003,306.153,0.5674377777777778,539.5358081355959
azerbaijan,10,22,Yuki Tsunoda,AlphaTauri Honda RBPT,8,51,83.862,1,,20,1,0,66,2000-05-11,,2023,,,23,,1962.4,2046.262,6.003,306.153,0.5684061111111111,538.6166580819075
azerbaijan,11,81,Oscar Piastri,McLaren Mercedes,10,51,86.501,0,,20,1,0,22,2001-04-06,,2023,,,22,,1962.4,2048.9010000000003,6.003,306.153,0.5691391666666668,537.9229157484915
azerbaijan,12,23,Alexander Albon,Williams Mercedes,12,51,88.623,0,,20,1,0,81,1996-03-23,,2023,,,27,,1962.4,2051.023,6.003,306.153,0.5697286111111112,537.3663776564183
azerbaijan,13,20,Kevin Magnussen,Haas Ferrari,16,51,89.729,0,,20,1,0,164,1992-10-05,,2023,,,31,,1962.4,2052.129,6.003,306.153,0.5700358333333333,537.0767627181333
azerbaijan,14,10,Pierre Gasly,Alpine Renault,17,51,91.332,0,,20,1,0,130,1996-02-07,,2023,,,27,,1962.4,2053.732,6.003,306.153,0.5704811111111111,536.6575580455483
azerbaijan,15,31,Esteban Ocon,Alpine Renault,19,51,97.794,0,,20,1,0,133,1996-09-17,,2023,,,27,,1962.4,2060.194,6.003,306.153,0.5722761111111111,534.9742791212867
azerbaijan,16,2,Logan Sargeant,Williams Mercedes,14,51,100.943,0,,20,1,0,22,2000-12-31,,2023,,,23,,1962.4,2063.3430000000003,6.003,306.153,0.5731508333333334,534.1578205853317
azerbaijan,17,27,Nico Hulkenberg,Haas Ferrari,20,50,+1 lap,0,,20,1,0,206,1987-08-19,,2023,,,36,,1962.4,,6.003,300.15,,
azerbaijan,18,77,Valtteri Bottas,Alfa Romeo Ferrari,13,50,+1 lap,0,,20,1,0,222,1989-08-28,,2023,,,34,,1962.4,,6.003,300.15,,
azerbaijan,NC,24,Guanyu Zhou,Alfa Romeo Ferrari,15,36,DNF,0,,20,0,0,44,1999-05-30,,2023,,,24,,1962.4,,6.003,216.108,,
azerbaijan,NC,21,Nyck De Vries,AlphaTauri Honda RBPT,18,9,DNF,0,,20,0,0,11,1995-02-06,,2023,,,28,,1962.4,,6.003,54.027,,
miami,1,1,Max Verstappen,Red Bull Racing Honda RBPT,9,57,27:38.2,26,,19,1,1,185,1997-09-30,,2023,,,26,,1658.2,1658.2,5.412,308.484,0.46061111111111114,669.7276564949944
miami,2,11,Sergio Perez,Red Bull Racing Honda RBPT,1,57,5.384,18,,19,1,1,258,1990-01-26,,2023,,,33,,1658.2,1663.584,5.412,308.484,0.46210666666666667,667.5601592705868
miami,3,14,Fernando Alonso,Aston Martin Aramco Mercedes,2,57,26.305,15,,19,1,1,380,1981-07-29,,2023,,,42,,1658.2,1684.505,5.412,308.484,0.4679180555555556,659.2692808866699
miami,4,63,George Russell,Mercedes,6,57,33.229,12,,19,1,0,104,1998-02-15,,2023,,,25,,1658.2,1691.429,5.412,308.484,0.46984138888888893,656.5705093149046
miami,5,55,Carlos Sainz,Ferrari,3,57,42.511,10,,19,1,0,185,1994-09-01,,2023,,,29,,1658.2,1700.711,5.412,308.484,0.4724197222222222,652.9871330284803
miami,6,44,Lewis Hamilton,Mercedes,13,57,51.249,8,,19,1,0,332,1985-01-07,,2023,,,38,,1658.2,1709.449,5.412,308.484,0.4748469444444445,649.6493314512453
miami,7,16,Charles Leclerc,Ferrari,7,57,52.988,6,,19,1,0,125,1997-10-16,,2023,,,26,,1658.2,1711.188,5.412,308.484,0.47533000000000003,648.9891233458859
miami,8,10,Pierre Gasly,Alpine Renault,5,57,55.67,4,,19,1,0,130,1996-02-07,,2023,,,27,,1658.2,1713.87,5.412,308.484,0.47607499999999997,647.9735335818937
miami,9,31,Esteban Ocon,Alpine Renault,8,57,58.123,2,,19,1,0,133,1996-09-17,,2023,,,27,,1658.2,1716.323,5.412,308.484,0.47675638888888894,647.0474380405086
miami,10,20,Kevin Magnussen,Haas Ferrari,4,57,62.945,1,,19,1,0,164,1992-10-05,,2023,,,31,,1658.2,1721.145,5.412,308.484,0.47809583333333333,645.2346548373321
miami,11,22,Yuki Tsunoda,AlphaTauri Honda RBPT,17,57,64.309,0,,19,1,0,66,2000-05-11,,2023,,,23,,1658.2,1722.509,5.412,308.484,0.4784747222222222,644.7237140705796
miami,12,18,Lance Stroll,Aston Martin Aramco Mercedes,18,57,64.754,0,,19,1,0,143,1998-10-29,,2023,,,25,,1658.2,1722.954,5.412,308.484,0.4785983333333333,644.5571965357171
miami,13,77,Valtteri Bottas,Alfa Romeo Ferrari,10,57,71.637,0,,19,1,0,222,1989-08-28,,2023,,,34,,1658.2,1729.837,5.412,308.484,0.4805102777777778,641.9925114331581
miami,14,23,Alexander Albon,Williams Mercedes,11,57,72.861,0,,19,1,0,81,1996-03-23,,2023,,,27,,1658.2,1731.061,5.412,308.484,0.4808502777777778,641.5385708533668
miami,15,27,Nico Hulkenberg,Haas Ferrari,12,57,74.95,0,,19,1,0,206,1987-08-19,,2023,,,36,,1658.2,1733.15,5.412,308.484,0.4814305555555556,640.7653117156622
miami,16,24,Guanyu Zhou,Alfa Romeo Ferrari,14,57,78.44,0,,19,1,0,44,1999-05-30,,2023,,,24,,1658.2,1736.64,5.412,308.484,0.48240000000000005,639.4776119402984
miami,17,4,Lando Norris,McLaren Mercedes,16,57,87.717,0,,19,1,0,104,1999-11-13,,2023,,,24,,1658.2,1745.917,5.412,308.484,0.48497694444444445,636.0797220028214
miami,18,21,Nyck De Vries,AlphaTauri Honda RBPT,15,57,88.949,0,,19,1,0,11,1995-02-06,,2023,,,28,,1658.2,1747.149,5.412,308.484,0.48531916666666663,635.6311911577089
miami,19,81,Oscar Piastri,McLaren Mercedes,19,56,+1 lap,0,,19,1,0,22,2001-04-06,,2023,,,22,,1658.2,,5.412,303.072,,
miami,20,2,Logan Sargeant,Williams Mercedes,20,56,+1 lap,0,,19,1,0,22,2000-12-31,,2023,,,23,,1658.2,,5.412,303.072,,
monaco,1,1,Max Verstappen,Red Bull Racing Honda RBPT,1,78,48:52.0,25,,19,1,1,185,1997-09-30,,2023,,,26,,2932,2932,3.337,260.286,0.8144444444444444,319.58717598908595
monaco,2,14,Fernando Alonso,Aston Martin Aramco Mercedes,2,78,27.921,18,,19,1,1,380,1981-07-29,,2023,,,42,,2932,2959.921,3.337,260.286,0.8222002777777777,316.57250311748186
monaco,3,31,Esteban Ocon,Alpine Renault,3,78,36.99,15,,19,1,1,133,1996-09-17,,2023,,,27,,2932,2968.99,3.337,260.286,0.8247194444444443,315.6055089441191
monaco,4,44,Lewis Hamilton,Mercedes,5,78,39.062,13,,19,1,0,332,1985-01-07,,2023,,,38,,2932,2971.062,3.337,260.286,0.825295,315.38540764211587
monaco,5,63,George Russell,Mercedes,8,78,56.284,10,,19,1,0,104,1998-02-15,,2023,,,25,,2932,2988.284,3.337,260.286,0.8300788888888889,313.5677867297753
monaco,6,16,Charles Leclerc,Ferrari,6,78,61.89,8,,19,1,0,125,1997-10-16,,2023,,,26,,2932,2993.89,3.337,260.286,0.831636111,312.9806372311608
monaco,7,10,Pierre Gasly,Alpine Renault,7,78,62.362,6,,19,1,0,130,1996-02-07,,2023,,,27,,2932,2994.362,3.337,260.286,0.8317672222222222,312.93130222731924
monaco,8,55,Carlos Sainz,Ferrari,4,78,63.391,4,,19,1,0,185,1994-09-01,,2023,,,29,,2932,2995.391,3.337,260.286,0.8320530555555555,312.82380163391025
monaco,9,4,Lando Norris,McLaren Mercedes,10,77,+1 lap,2,,19,1,0,104,1999-11-13,,2023,,,24,,2932,,3.337,256.949,,
monaco,10,81,Oscar Piastri,McLaren Mercedes,11,77,+1 lap,1,,19,1,0,22,2001-04-06,,2023,,,22,,2932,,3.337,256.949,,
monaco,11,77,Valtteri Bottas,Alfa Romeo Ferrari,15,77,+1 lap,0,,19,1,0,222,1989-08-28,,2023,,,34,,2932,,3.337,256.949,,
monaco,12,21,Nyck De Vries,AlphaTauri Honda RBPT,12,77,+1 lap,0,,19,1,0,11,1995-02-06,,2023,,,28,,2932,,3.337,256.949,,
monaco,13,24,Guanyu Zhou,Alfa Romeo Ferrari,19,77,+1 lap,0,,19,1,0,44,1999-05-30,,2023,,,24,,2932,,3.337,256.949,,
monaco,14,23,Alexander Albon,Williams Mercedes,13,77,+1 lap,0,,19,1,0,81,1996-03-23,,2023,,,27,,2932,,3.337,256.949,,
monaco,15,22,Yuki Tsunoda,AlphaTauri Honda RBPT,9,76,+2 laps,0,,19,1,0,66,2000-05-11,,2023,,,23,,2932,,3.337,253.61200000000002,,
monaco,16,11,Sergio Perez,Red Bull Racing Honda RBPT,20,76,+2 laps,0,,19,1,0,258,1990-01-26,,2023,,,33,,2932,,3.337,253.61200000000002,,
monaco,17,27,Nico Hulkenberg,Haas Ferrari,18,76,+2 laps,0,,19,1,0,206,1987-08-19,,2023,,,36,,2932,,3.337,253.61200000000002,,
monaco,18,2,Logan Sargeant,Williams Mercedes,16,76,+2 laps,0,,19,1,0,22,2000-12-31,,2023,,,23,,2932,,3.337,253.61200000000002,,
monaco,19,20,Kevin Magnussen,Haas Ferrari,17,70,DNF,0,,19,0,0,164,1992-10-05,,2023,,,31,,2932,,3.337,233.59,,
monaco,NC,18,Lance Stroll,Aston Martin Aramco Mercedes,14,53,DNF,0,,19,0,0,143,1998-10-29,,2023,,,25,,2932,,3.337,176.86100000000002,,
spain,1,1,Max Verstappen,Red Bull Racing Honda RBPT,1,66,27:57.9,26,,14,1,1,185,1997-09-30,,2023,,,26,,1677.9,1677.9,4.675,308.55,0.46608333333333335,662.0060790273557
spain,2,44,Lewis Hamilton,Mercedes,4,66,24.09,18,,14,1,1,332,1985-01-07,,2023,,,38,,1677.9,1701.99,4.675,308.55,0.472775,652.6360319390831
spain,3,63,George Russell,Mercedes,12,66,32.389,15,,14,1,1,104,1998-02-15,,2023,,,25,,1677.9,1710.289,4.675,308.55,0.4750802777777778,649.4691832783816
spain,4,11,Sergio Perez,Red Bull Racing Honda RBPT,11,66,35.812,12,,14,1,0,258,1990-01-26,,2023,,,33,,1677.9,1713.712,4.675,308.55,0.4760311111111111,648.1719215364075
spain,5,55,Carlos Sainz,Ferrari,2,66,45.698,10,,14,1,0,185,1994-09-01,,2023,,,29,,1677.9,1723.5980000000002,4.675,308.55,0.4787772222222223,644.4542172826841
spain,6,18,Lance Stroll,Aston Martin Aramco Mercedes,5,66,63.32,8,,14,1,0,143,1998-10-29,,2023,,,25,,1677.9,1741.22,4.675,308.55,0.4836722222222222,637.9320246723562
spain,7,14,Fernando Alonso,Aston Martin Aramco Mercedes,8,66,64.127,6,,14,1,0,380,1981-07-29,,2023,,,42,,1677.9,1742.027,4.675,308.55,0.4838963888888889,637.6365004675588
spain,8,31,Esteban Ocon,Alpine Renault,6,66,69.242,4,,14,1,0,133,1996-09-17,,2023,,,27,,1677.9,1747.142,4.675,308.55,0.48531722222222223,635.7697313669983
spain,9,24,Guanyu Zhou,Alfa Romeo Ferrari,13,66,71.878,2,,14,1,0,44,1999-05-30,,2023,,,24,,1677.9,1749.778,4.675,308.55,0.4860494444444444,634.8119590027993
spain,10,10,Pierre Gasly,Alpine Renault,10,66,73.53,1,,14,1,0,130,1996-02-07,,2023,,,27,,1677.9,1751.43,4.675,308.55,0.4865083333333334,634.2131857967489
spain,11,16,Charles Leclerc,Ferrari,19,66,74.419,0,,14,1,0,125,1997-10-16,,2023,,,26,,1677.9,1752.3190000000002,4.675,308.55,0.48675527777777783,633.8914318682843
spain,12,22,Yuki Tsunoda,AlphaTauri Honda RBPT,15,66,75.416,0,,14,1,0,66,2000-05-11,,2023,,,23,,1677.9,1753.316,4.675,308.55,0.48703222222222226,633.5309779
spain,13,81,Oscar Piastri,McLaren Mercedes,9,65,+1 lap,0,,14,1,0,22,2001-04-06,,2023,,,22,,1677.9,,4.675,303.875,,
spain,14,21,Nyck De Vries,AlphaTauri Honda RBPT,14,65,+1 lap,0,,14,1,0,11,1995-02-06,,2023,,,28,,1677.9,,4.675,303.875,,
spain,15,27,Nico Hulkenberg,Haas Ferrari,7,65,+1 lap,0,,14,1,0,206,1987-08-19,,2023,,,36,,1677.9,,4.675,303.875,,
spain,16,23,Alexander Albon,Williams Mercedes,18,65,+1 lap,0,,14,1,0,81,1996-03-23,,2023,,,27,,1677.9,,4.675,303.875,,
spain,17,4,Lando Norris,McLaren Mercedes,3,65,+1 lap,0,,14,1,0,104,1999-11-13,,2023,,,24,,1677.9,,4.675,303.875,,
spain,18,20,Kevin Magnussen,Haas Ferrari,17,65,+1 lap,0,,14,1,0,164,1992-10-05,,2023,,,31,,1677.9,,4.675,303.875,,
spain,19,77,Valtteri Bottas,Alfa Romeo Ferrari,16,65,+1 lap,0,,14,1,0,222,1989-08-28,,2023,,,34,,1677.9,,4.675,303.875,,
spain,20,2,Logan Sargeant,Williams Mercedes,20,65,+1 lap,0,,14,1,0,22,2000-12-31,,2023,,,23,,1677.9,,4.675,303.875,,
canada,1,1,Max Verstappen,Red Bull Racing Honda RBPT,1,70,33:58.3,25,,14,1,1,185,1997-09-30,,2023,,,26,,2038.3,2038.3,4.361,305.27,0.5661944444444444,539.1610655938772
canada,2,14,Fernando Alonso,Aston Martin Aramco Mercedes,2,70,9.57,18,,14,1,1,380,1981-07-29,,2023,,,42,,2038.3,2047.87,4.361,305.27,0.5688527777777778,536.6414860318282
canada,3,44,Lewis Hamilton,Mercedes,3,70,14.168,15,,14,1,1,332,1985-01-07,,2023,,,38,,2038.3,2052.468,4.361,305.27,0.5701299999999999,535.4392857769282
canada,4,16,Charles Leclerc,Ferrari,10,70,18.648,12,,14,1,0,125,1997-10-16,,2023,,,26,,2038.3,2056.948,4.361,305.27,0.5713744444444444,534.2731075360194
canada,5,55,Carlos Sainz,Ferrari,11,70,21.54,10,,14,1,0,185,1994-09-01,,2023,,,29,,2038.3,2059.84,4.361,305.27,0.5721777777777778,533.5229920770545
canada,6,11,Sergio Perez,Red Bull Racing Honda RBPT,12,70,51.028,9,,14,1,0,258,1990-01-26,,2023,,,33,,2038.3,2089.328,4.361,305.27,0.5803688888888889,525.9930465680831
canada,7,23,Alexander Albon,Williams Mercedes,9,70,60.813,6,,14,1,0,81,1996-03-23,,2023,,,27,,2038.3,2099.113,4.361,305.27,0.5830869444444444,523.5411338027062
canada,8,31,Esteban Ocon,Alpine Renault,6,70,61.692,4,,14,1,0,133,1996-09-17,,2023,,,27,,2038.3,2099.992,4.361,305.27,0.5833311111111111,523.3219936075947
canada,9,18,Lance Stroll,Aston Martin Aramco Mercedes,16,70,64.402,2,,14,1,0,143,1998-10-29,,2023,,,25,,2038.3,2102.702,4.361,305.27,0.584083889,522.6475268487878
canada,10,77,Valtteri Bottas,Alfa Romeo Ferrari,14,70,64.432,1,,14,1,0,222,1989-08-28,,2023,,,34,,2038.3,2102.732,4.361,305.27,0.5840922222222222,522.6400701563489
canada,11,81,Oscar Piastri,McLaren Mercedes,8,70,65.101,0,,14,1,0,22,2001-04-06,,2023,,,22,,2038.3,2103.401,4.361,305.27,0.5842780555555556,522.4738411743647
canada,12,10,Pierre Gasly,Alpine Renault,15,70,65.249,0,,14,1,0,130,1996-02-07,,2023,,,27,,2038.3,2103.549,4.361,305.27,0.5843191666666666,522.4370813
canada,13,4,Lando Norris,McLaren Mercedes,7,70,68.363,0,,14,1,0,104,1999-11-13,,2023,,,24,,2038.3,2106.663,4.361,305.27,0.5851841666666666,521.6648320115747
canada,14,22,Yuki Tsunoda,AlphaTauri Honda RBPT,19,70,73.423,0,,14,1,0,66,2000-05-11,,2023,,,23,,2038.3,2111.723,4.361,305.27,0.5865897222222222,520.4148460759295
canada,15,27,Nico Hulkenberg,Haas Ferrari,5,69,+1 lap,0,,14,1,0,206,1987-08-19,,2023,,,36,,2038.3,,4.361,300.909,,
canada,16,24,Guanyu Zhou,Alfa Romeo Ferrari,20,69,+1 lap,0,,14,1,0,44,1999-05-30,,2023,,,24,,2038.3,,4.361,300.909,,
canada,17,20,Kevin Magnussen,Haas Ferrari,13,69,+1 lap,0,,14,1,0,164,1992-10-05,,2023,,,31,,2038.3,,4.361,300.909,,
canada,18,21,Nyck De Vries,AlphaTauri Honda RBPT,17,69,+1 lap,0,,14,1,0,11,1995-02-06,,2023,,,28,,2038.3,,4.361,300.909,,
canada,NC,63,George Russell,Mercedes,4,53,DNF,0,,14,0,0,104,1998-02-15,,2023,,,25,,2038.3,,4.361,231.13299999999998,,
canada,NC,2,Logan Sargeant,Williams Mercedes,18,6,DNF,0,,14,0,0,22,2000-12-31,,2023,,,23,,2038.3,,4.361,26.165999999999997,,
austria,1,1,Max Verstappen,Red Bull Racing Honda RBPT,1,71,25:33.6,26,,10,1,1,185,1997-09-30,,2023,,,26,,1533.6,1533.6,4.318,306.578,0.426,719.6666666666666
austria,2,16,Charles Leclerc,Ferrari,2,71,5.155,18,,10,1,1,125,1997-10-16,,2023,,,26,,1533.6,1538.755,4.318,306.578,0.4274319444444445,717.2557034745621
austria,3,11,Sergio Perez,Red Bull Racing Honda RBPT,15,71,17.188,15,,10,1,1,258,1990-01-26,,2023,,,33,,1533.6,1550.788,4.318,306.578,0.43077444444444446,711.6903148592844
austria,4,4,Lando Norris,McLaren Mercedes,4,71,26.327,12,,10,1,0,104,1999-11-13,,2023,,,24,,1533.6,1559.927,4.318,306.578,0.43331305555555555,707.5208007
austria,5,14,Fernando Alonso,Aston Martin Aramco Mercedes,7,71,30.317,10,,10,1,0,380,1981-07-29,,2023,,,42,,1533.6,1563.917,4.318,306.578,0.43442138888888887,705.7157125346166
austria,6,55,Carlos Sainz,Ferrari,3,71,31.377,8,,10,1,0,185,1994-09-01,,2023,,,29,,1533.6,1564.977,4.318,306.578,0.43471583333333336,705.2377127587177
austria,7,63,George Russell,Mercedes,11,71,48.403,6,,10,1,0,104,1998-02-15,,2023,,,25,,1533.6,1582.003,4.318,306.578,0.43944527777777775,697.6477288601855
austria,8,44,Lewis Hamilton,Mercedes,5,71,49.196,4,,10,1,0,332,1985-01-07,,2023,,,38,,1533.6,1582.7959999999998,4.318,306.578,0.43966555555555553,697.2981988834947
austria,9,18,Lance Stroll,Aston Martin Aramco Mercedes,6,71,59.043,2,,10,1,0,143,1998-10-29,,2023,,,25,,1533.6,1592.6429999999998,4.318,306.578,0.4424008333333333,692.9869405761366
austria,10,10,Pierre Gasly,Alpine Renault,9,71,67.667,1,,10,1,0,130,1996-02-07,,2023,,,27,,1533.6,1601.2669999999998,4.318,306.578,0.44479638888888884,689.2546964372588
austria,11,23,Alexander Albon,Williams Mercedes,10,71,79.767,0,,10,1,0,81,1996-03-23,,2023,,,27,,1533.6,1613.367,4.318,306.578,0.4481575,684.0853940857845
austria,12,24,Guanyu Zhou,Alfa Romeo Ferrari,17,70,+1 lap,0,,10,1,0,44,1999-05-30,,2023,,,24,,1533.6,,4.318,302.26,,
austria,13,2,Logan Sargeant,Williams Mercedes,18,70,+1 lap,0,,10,1,0,22,2000-12-31,,2023,,,23,,1533.6,,4.318,302.26,,
austria,14,31,Esteban Ocon,Alpine Renault,12,70,+1 lap,0,,10,1,0,133,1996-09-17,,2023,,,27,,1533.6,,4.318,302.26,,
austria,15,77,Valtteri Bottas,Alfa Romeo Ferrari,14,70,+1 lap,0,,10,1,0,222,1989-08-28,,2023,,,34,,1533.6,,4.318,302.26,,
austria,16,81,Oscar Piastri,McLaren Mercedes,13,70,+1 lap,0,,10,1,0,22,2001-04-06,,2023,,,22,,1533.6,,4.318,302.26,,
austria,17,21,Nyck De Vries,AlphaTauri Honda RBPT,20,70,+1 lap,0,,10,1,0,11,1995-02-06,,2023,,,28,,1533.6,,4.318,302.26,,
austria,18,20,Kevin Magnussen,Haas Ferrari,19,70,+1 lap,0,,10,1,0,164,1992-10-05,,2023,,,31,,1533.6,,4.318,302.26,,
austria,19,22,Yuki Tsunoda,AlphaTauri Honda RBPT,16,70,+1 lap,0,,10,1,0,66,2000-05-11,,2023,,,23,,1533.6,,4.318,302.26,,
austria,NC,27,Nico Hulkenberg,Haas Ferrari,8,12,DNF,0,,10,0,0,206,1987-08-19,,2023,,,36,,1533.6,,4.318,51.815999999999995,,
great britain,1,1,Max Verstappen,Red Bull Racing Honda RBPT,1,52,25:16.9,26,,18,1,1,185,1997-09-30,,2023,,,26,,1516.9,1516.9,5.891,306.332,0.42136111111111113,727.0058672292174
great britain,2,4,Lando Norris,McLaren Mercedes,2,52,3.798,18,,18,1,1,104,1999-11-13,,2023,,,24,,1516.9,1520.698,5.891,306.332,0.42241611111111116,725.1901429475148
great britain,3,44,Lewis Hamilton,Mercedes,7,52,6.783,15,,18,1,1,332,1985-01-07,,2023,,,38,,1516.9,1523.683,5.891,306.332,0.42324527777777776,723.7694454817702
great britain,4,81,Oscar Piastri,McLaren Mercedes,3,52,7.776,12,,18,1,0,22,2001-04-06,,2023,,,22,,1516.9,1524.6760000000002,5.891,306.332,0.4235211111111112,723.2980646379951
great britain,5,63,George Russell,Mercedes,6,52,11.206,10,,18,1,0,104,1998-02-15,,2023,,,25,,1516.9,1528.106,5.891,306.332,0.4244738888888889,721.6745435198867
great britain,6,11,Sergio Perez,Red Bull Racing Honda RBPT,15,52,12.882,8,,18,1,0,258,1990-01-26,,2023,,,33,,1516.9,1529.7820000000002,5.891,306.332,0.4249394444444445,720.8838906458567
great britain,7,14,Fernando Alonso,Aston Martin Aramco Mercedes,9,52,17.193,6,,18,1,0,380,1981-07-29,,2023,,,42,,1516.9,1534.093,5.891,306.332,0.42613694444444444,718.8581135563489
great britain,8,23,Alexander Albon,Williams Mercedes,8,52,17.878,4,,18,1,0,81,1996-03-23,,2023,,,27,,1516.9,1534.778,5.891,306.332,0.42632722222222225,718.5372737946465
great britain,9,16,Charles Leclerc,Ferrari,4,52,18.689,2,,18,1,0,125,1997-10-16,,2023,,,26,,1516.9,1535.5890000000002,5.891,306.332,0.42655250000000006,718.1577883144512
great britain,10,55,Carlos Sainz,Ferrari,5,52,19.448,1,,18,1,0,185,1994-09-01,,2023,,,29,,1516.9,1536.3480000000002,5.891,306.332,0.4267633333333334,717.8029977583203
great britain,11,2,Logan Sargeant,Williams Mercedes,14,52,23.632,0,,18,1,0,22,2000-12-31,,2023,,,23,,1516.9,1540.5320000000002,5.891,306.332,0.4279255555555556,715.8534843807203
great britain,12,77,Valtteri Bottas,Alfa Romeo Ferrari,20,52,25.83,0,,18,1,0,222,1989-08-28,,2023,,,34,,1516.9,1542.73,5.891,306.332,0.4285361111111111,714.8335742482482
great britain,13,27,Nico Hulkenberg,Haas Ferrari,11,52,26.663,0,,18,1,0,206,1987-08-19,,2023,,,36,,1516.9,1543.563,5.891,306.332,0.4287675,714.4478067950579
great britain,14,18,Lance Stroll,Aston Martin Aramco Mercedes,12,52,27.483,0,,18,1,0,143,1998-10-29,,2023,,,25,,1516.9,1544.383,5.891,306.332,0.4289952777777778,714.0684661771076
great britain,15,24,Guanyu Zhou,Alfa Romeo Ferrari,17,52,29.82,0,,18,1,0,44,1999-05-30,,2023,,,24,,1516.9,1546.72,5.891,306.332,0.42964444444444444,712.9895520844109
great britain,16,22,Yuki Tsunoda,AlphaTauri Honda RBPT,16,52,31.225,0,,18,1,0,66,2000-05-11,,2023,,,23,,1516.9,1548.125,5.891,306.332,0.4300347222222222,712.3424788050061
great britain,17,21,Nyck De Vries,AlphaTauri Honda RBPT,18,52,33.128,0,,18,1,0,11,1995-02-06,,2023,,,28,,1516.9,1550.028,5.891,306.332,0.43056333333333335,711.4679218697985
great britain,18,10,Pierre Gasly,Alpine Renault,10,46,DNF,0,,18,0,0,130,1996-02-07,,2023,,,27,,1516.9,,5.891,270.986,,
great britain,NC,20,Kevin Magnussen,Haas Ferrari,19,31,DNF,0,,18,0,0,164,1992-10-05,,2023,,,31,,1516.9,,5.891,182.621,,
great britain,NC,31,Esteban Ocon,Alpine Renault,13,9,DNF,0,,18,0,0,133,1996-09-17,,2023,,,27,,1516.9,,5.891,53.019,,
hungary,1,1,Max Verstappen,Red Bull Racing Honda RBPT,2,70,38:08.6,26,,14,1,1,185,1997-09-30,,2023,,,26,,2288.6,2288.6,4.381,306.67,0.6357222222222222,482.3962247662327
hungary,2,4,Lando Norris,McLaren Mercedes,3,70,33.731,18,,14,1,1,104,1999-11-13,,2023,,,24,,2288.6,2322.331,4.381,306.67,0.6450919444444445,475.38959777912794
hungary,3,11,Sergio Perez,Red Bull Racing Honda RBPT,9,70,37.603,15,,14,1,1,258,1990-01-26,,2023,,,33,,2288.6,2326.203,4.381,306.67,0.6461675,474.59830461915834
hungary,4,44,Lewis Hamilton,Mercedes,1,70,39.134,12,,14,1,0,332,1985-01-07,,2023,,,38,,2288.6,2327.734,4.381,306.67,0.6465927777777778,474.2861512526775
hungary,5,81,Oscar Piastri,McLaren Mercedes,4,70,62.572,10,,14,1,0,22,2001-04-06,,2023,,,22,,2288.6,2351.172,4.381,306.67,0.6531033333333334,469.5581607810913
hungary,6,63,George Russell,Mercedes,18,70,65.825,8,,14,1,0,104,1998-02-15,,2023,,,25,,2288.6,2354.425,4.381,306.67,0.6540069444444445,468.9093940134003
hungary,7,16,Charles Leclerc,Ferrari,6,70,70.317,6,,14,1,0,125,1997-10-16,,2023,,,26,,2288.6,2358.917,4.381,306.67,0.6552547222222223,468.0164668786566
hungary,8,55,Carlos Sainz,Ferrari,11,70,71.073,4,,14,1,0,185,1994-09-01,,2023,,,29,,2288.6,2359.673,4.381,306.67,0.6554647222222222,467.86652218337036
hungary,9,14,Fernando Alonso,Aston Martin Aramco Mercedes,8,70,75.709,2,,14,1,0,380,1981-07-29,,2023,,,42,,2288.6,2364.309,4.381,306.67,0.6567525000000001,466.9491170570344
hungary,10,18,Lance Stroll,Aston Martin Aramco Mercedes,14,69,+1 lap,1,,14,1,0,143,1998-10-29,,2023,,,25,,2288.6,,4.381,302.289,,
hungary,11,23,Alexander Albon,Williams Mercedes,16,69,+1 lap,0,,14,1,0,81,1996-03-23,,2023,,,27,,2288.6,,4.381,302.289,,
hungary,12,77,Valtteri Bottas,Alfa Romeo Ferrari,7,69,+1 lap,0,,14,1,0,222,1989-08-28,,2023,,,34,,2288.6,,4.381,302.289,,
hungary,13,3,Daniel Ricciardo,AlphaTauri Honda RBPT,13,69,+1 lap,0,,14,1,0,239,1989-07-01,,2023,,,34,,2288.6,,4.381,302.289,,
hungary,14,27,Nico Hulkenberg,Haas Ferrari,10,69,+1 lap,0,,14,1,0,206,1987-08-19,,2023,,,36,,2288.6,,4.381,302.289,,
hungary,15,22,Yuki Tsunoda,AlphaTauri Honda RBPT,17,69,+1 lap,0,,14,1,0,66,2000-05-11,,2023,,,23,,2288.6,,4.381,302.289,,
hungary,16,24,Guanyu Zhou,Alfa Romeo Ferrari,5,69,+1 lap,0,,14,1,0,44,1999-05-30,,2023,,,24,,2288.6,,4.381,302.289,,
hungary,17,20,Kevin Magnussen,Haas Ferrari,19,69,+1 lap,0,,14,1,0,164,1992-10-05,,2023,,,31,,2288.6,,4.381,302.289,,
hungary,18,2,Logan Sargeant,Williams Mercedes,20,67,DNF,0,,14,0,0,22,2000-12-31,,2023,,,23,,2288.6,,4.381,293.52700000000004,,
hungary,NC,31,Esteban Ocon,Alpine Renault,12,2,DNF,0,,14,0,0,133,1996-09-17,,2023,,,27,,2288.6,,4.381,8.762,,
hungary,NC,10,Pierre Gasly,Alpine Renault,15,1,DNF,0,,14,0,0,130,1996-02-07,,2023,,,27,,2288.6,,4.381,4.381,,
belgium,1,1,Max Verstappen,Red Bull Racing Honda RBPT,6,44,22:30.4,25,,19,1,1,185,1997-09-30,,2023,,,26,,1350.4,1350.4,7.004,308.176,0.3751111111111111,821.5592417061611
belgium,2,11,Sergio Perez,Red Bull Racing Honda RBPT,2,44,22.305,18,,19,1,1,258,1990-01-26,,2023,,,33,,1350.4,1372.7050000000002,7.004,308.176,0.38130694444444446,808.2097755890741
belgium,3,16,Charles Leclerc,Ferrari,1,44,32.259,15,,19,1,1,125,1997-10-16,,2023,,,26,,1350.4,1382.659,7.004,308.176,0.3840719444444445,802.3913343781799
belgium,4,44,Lewis Hamilton,Mercedes,3,44,49.671,13,,19,1,0,332,1985-01-07,,2023,,,38,,1350.4,1400.071,7.004,308.176,0.3889086111111111,792.4123848004851
belgium,5,14,Fernando Alonso,Aston Martin Aramco Mercedes,9,44,56.184,10,,19,1,0,380,1981-07-29,,2023,,,42,,1350.4,1406.584,7.004,308.176,0.3907177777777778,788.7432247203153
belgium,6,63,George Russell,Mercedes,8,44,63.101,8,,19,1,0,104,1998-02-15,,2023,,,25,,1350.4,1413.5010000000002,7.004,308.176,0.3926391666666667,784.8834914159946
belgium,7,4,Lando Norris,McLaren Mercedes,7,44,73.719,6,,19,1,0,104,1999-11-13,,2023,,,24,,1350.4,1424.119,7.004,308.176,0.3955886111111111,779.0315275619523
belgium,8,31,Esteban Ocon,Alpine Renault,14,44,74.719,4,,19,1,0,133,1996-09-17,,2023,,,27,,1350.4,1425.119,7.004,308.176,0.39586638888888886,778.4848844201782
belgium,9,18,Lance Stroll,Aston Martin Aramco Mercedes,10,44,79.34,2,,19,1,0,143,1998-10-29,,2023,,,25,,1350.4,1429.74,7.004,308.176,0.39715,775.9687775399723
belgium,10,22,Yuki Tsunoda,AlphaTauri Honda RBPT,11,44,80.221,1,,19,1,0,66,2000-05-11,,2023,,,23,,1350.4,1430.621,7.004,308.176,0.3973947222222223,775.4909231725243
belgium,11,10,Pierre Gasly,Alpine Renault,12,44,83.084,0,,19,1,0,130,1996-02-07,,2023,,,27,,1350.4,1433.4840000000002,7.004,308.176,0.39819000000000004,773.9420879479644
belgium,12,77,Valtteri Bottas,Alfa Romeo Ferrari,13,44,85.191,0,,19,1,0,222,1989-08-28,,2023,,,34,,1350.4,1435.591,7.004,308.176,0.39877527777777777,772.8061822622182
belgium,13,24,Guanyu Zhou,Alfa Romeo Ferrari,17,44,95.441,0,,19,1,0,44,1999-05-30,,2023,,,24,,1350.4,1445.841,7.004,308.176,0.4016225,767.3275277157031
belgium,14,23,Alexander Albon,Williams Mercedes,15,44,96.184,0,,19,1,0,81,1996-03-23,,2023,,,27,,1350.4,1446.584,7.004,308.176,0.4018288888888889,766.9334100197431
belgium,15,20,Kevin Magnussen,Haas Ferrari,16,44,101.754,0,,19,1,0,164,1992-10-05,,2023,,,31,,1350.4,1452.154,7.004,308.176,0.4033761111111111,763.9916979
belgium,16,3,Daniel Ricciardo,AlphaTauri Honda RBPT,19,44,103.071,0,,19,1,0,239,1989-07-01,,2023,,,34,,1350.4,1453.471,7.004,308.176,0.40374194444444444,763.2994397549039
belgium,17,2,Logan Sargeant,Williams Mercedes,18,44,104.476,0,,19,1,0,22,2000-12-31,,2023,,,23,,1350.4,1454.8760000000002,7.004,308.176,0.4041322222222223,762.5623077155715
belgium,18,27,Nico Hulkenberg,Haas Ferrari,20,44,110.45,0,,19,1,0,206,1987-08-19,,2023,,,36,,1350.4,1460.85,7.004,308.176,0.40579166666666666,759.4438854091795
belgium,NC,55,Carlos Sainz,Ferrari,4,23,DNF,0,,19,0,0,185,1994-09-01,,2023,,,29,,1350.4,,7.004,161.09199999999998,,
belgium,NC,81,Oscar Piastri,McLaren Mercedes,5,0,DNF,0,,19,0,0,22,2001-04-06,,2023,,,22,,1350.4,,7.004,0,,
netherlands,1,1,Max Verstappen,Red Bull Racing Honda RBPT,1,72,24:04.4,25,,14,1,1,185,1997-09-30,,2023,,,26,,1444.4,1444.4,4.259,306.648,0.40122222222222226,764.2846856826363
netherlands,2,14,Fernando Alonso,Aston Martin Aramco Mercedes,5,72,3.744,19,,14,1,1,380,1981-07-29,,2023,,,42,,1444.4,1448.144,4.259,306.648,0.40226222222222224,762.3087206797114
netherlands,3,10,Pierre Gasly,Alpine Renault,12,72,7.058,15,,14,1,1,130,1996-02-07,,2023,,,27,,1444.4,1451.458,4.259,306.648,0.4031827777777778,760.5682010778129
netherlands,4,11,Sergio Perez,Red Bull Racing Honda RBPT,7,72,10.068,12,,14,1,0,258,1990-01-26,,2023,,,33,,1444.4,1454.468,4.259,306.648,0.4040188888888889,758.9942164420255
netherlands,5,55,Carlos Sainz,Ferrari,6,72,12.541,10,,14,1,0,185,1994-09-01,,2023,,,29,,1444.4,1456.941,4.259,306.648,0.4047058333333333,757.7059057
netherlands,6,44,Lewis Hamilton,Mercedes,13,72,13.209,8,,14,1,0,332,1985-01-07,,2023,,,38,,1444.4,1457.6090000000002,4.259,306.648,0.4048913888888889,757.3586606559097
netherlands,7,4,Lando Norris,McLaren Mercedes,2,72,13.232,6,,14,1,0,104,1999-11-13,,2023,,,24,,1444.4,1457.632,4.259,306.648,0.4048977777777778,757.3467102807842
netherlands,8,23,Alexander Albon,Williams Mercedes,4,72,15.155,4,,14,1,0,81,1996-03-23,,2023,,,27,,1444.4,1459.555,4.259,306.648,0.40543194444444447,756.3488871608128
netherlands,9,81,Oscar Piastri,McLaren Mercedes,8,72,16.58,2,,14,1,0,22,2001-04-06,,2023,,,22,,1444.4,1460.98,4.259,306.648,0.4058277777777778,755.6111651
netherlands,10,31,Esteban Ocon,Alpine Renault,16,72,18.346,1,,14,1,0,133,1996-09-17,,2023,,,27,,1444.4,1462.746,4.259,306.648,0.40631833333333334,754.6989019282911
netherlands,11,18,Lance Stroll,Aston Martin Aramco Mercedes,11,72,20.087,0,,14,1,0,143,1998-10-29,,2023,,,25,,1444.4,1464.487,4.259,306.648,0.40680194444444445,753.8017067
netherlands,12,27,Nico Hulkenberg,Haas Ferrari,14,72,20.84,0,,14,1,0,206,1987-08-19,,2023,,,36,,1444.4,1465.24,4.259,306.648,0.4070111111111111,753.4143212033524
netherlands,13,40,Liam Lawson,AlphaTauri Honda RBPT,19,72,26.147,0,,14,1,0,5,2002-02-11,,2023,,,21,,1444.4,1470.547,4.259,306.648,0.40848527777777777,750.6953534977122
netherlands,14,77,Valtteri Bottas,Alfa Romeo Ferrari,18,72,27.388,0,,14,1,0,222,1989-08-28,,2023,,,34,,1444.4,1471.788,4.259,306.648,0.40883,750.0623731135191
netherlands,15,22,Yuki Tsunoda,AlphaTauri Honda RBPT,17,72,29.893,0,,14,1,0,66,2000-05-11,,2023,,,23,,1444.4,1474.293,4.259,306.648,0.4095258333333333,748.7879275015212
netherlands,16,20,Kevin Magnussen,Haas Ferrari,20,72,31.41,0,,14,1,0,164,1992-10-05,,2023,,,31,,1444.4,1475.8100000000002,4.259,306.648,0.4099472222222223,748.0182408304591
netherlands,17,63,George Russell,Mercedes,3,72,55.754,0,,14,1,0,104,1998-02-15,,2023,,,25,,1444.4,1500.154,4.259,306.648,0.41670944444444447,735.8796496892986
netherlands,NC,24,Guanyu Zhou,Alfa Romeo Ferrari,15,62,DNF,0,,14,0,0,44,1999-05-30,,2023,,,24,,1444.4,,4.259,264.058,,
netherlands,NC,16,Charles Leclerc,Ferrari,9,41,DNF,0,,14,0,0,125,1997-10-16,,2023,,,26,,1444.4,,4.259,174.61900000000003,,
netherlands,NC,2,Logan Sargeant,Williams Mercedes,10,14,DNF,0,,14,0,0,22,2000-12-31,,2023,,,23,,1444.4,,4.259,59.626000000000005,,
italy,1,1,Max Verstappen,Red Bull Racing Honda RBPT,2,51,13:41.1,25,,11,1,1,185,1997-09-30,,2023,,,26,,821.1,821.1,5.793,295.443,0.22808333333333333,1295.3291925465837
italy,1,1,Max Verstappen,Red Bull Racing Honda RBPT,2,51,13:41.1,25,,11,1,1,185,1997-09-30,,2023,,,26,,821.1,821.1,5.793,295.443,0.22808333333333333,1295.3291925465837
italy,2,11,Sergio Perez,Red Bull Racing Honda RBPT,5,51,6.064,18,,11,1,1,258,1990-01-26,,2023,,,33,,821.1,827.164,5.793,295.443,0.22976777777777777,1285.8330391554757
italy,2,11,Sergio Perez,Red Bull Racing Honda RBPT,5,51,6.064,18,,11,1,1,258,1990-01-26,,2023,,,33,,821.1,827.164,5.793,295.443,0.22976777777777777,1285.8330391554757
italy,3,55,Carlos Sainz,Ferrari,1,51,11.193,15,,11,1,1,185,1994-09-01,,2023,,,29,,821.1,832.293,5.793,295.443,0.2311925,1277.9091017225905
italy,3,55,Carlos Sainz,Ferrari,1,51,11.193,15,,11,1,1,185,1994-09-01,,2023,,,29,,821.1,832.293,5.793,295.443,0.2311925,1277.9091017225905
italy,4,16,Charles Leclerc,Ferrari,3,51,11.377,12,,11,1,0,125,1997-10-16,,2023,,,26,,821.1,832.477,5.793,295.443,0.2312436111111111,1277.626649144661
italy,4,16,Charles Leclerc,Ferrari,3,51,11.377,12,,11,1,0,125,1997-10-16,,2023,,,26,,821.1,832.477,5.793,295.443,0.2312436111111111,1277.626649144661
italy,5,63,George Russell,Mercedes,4,51,23.028,10,,11,1,0,104,1998-02-15,,2023,,,25,,821.1,844.128,5.793,295.443,0.23448000000000002,1259.9923234390992
italy,5,63,George Russell,Mercedes,4,51,23.028,10,,11,1,0,104,1998-02-15,,2023,,,25,,821.1,844.128,5.793,295.443,0.23448000000000002,1259.9923234390992
italy,6,44,Lewis Hamilton,Mercedes,8,51,42.679,8,,11,1,0,332,1985-01-07,,2023,,,38,,821.1,863.779,5.793,295.443,0.23993861111111112,1231.3274576020024
italy,6,44,Lewis Hamilton,Mercedes,8,51,42.679,8,,11,1,0,332,1985-01-07,,2023,,,38,,821.1,863.779,5.793,295.443,0.23993861111111112,1231.3274576020024
italy,7,23,Alexander Albon,Williams Mercedes,6,51,45.106,6,,11,1,0,81,1996-03-23,,2023,,,27,,821.1,866.206,5.793,295.443,0.2406127777777778,1227.8774333126298
italy,7,23,Alexander Albon,Williams Mercedes,6,51,45.106,6,,11,1,0,81,1996-03-23,,2023,,,27,,821.1,866.206,5.793,295.443,0.2406127777777778,1227.8774333126298
italy,8,4,Lando Norris,McLaren Mercedes,9,51,45.449,4,,11,1,0,104,1999-11-13,,2023,,,24,,821.1,866.549,5.793,295.443,0.24070805555555555,1227.391411218523
italy,8,4,Lando Norris,McLaren Mercedes,9,51,45.449,4,,11,1,0,104,1999-11-13,,2023,,,24,,821.1,866.549,5.793,295.443,0.24070805555555555,1227.391411218523
italy,9,14,Fernando Alonso,Aston Martin Aramco Mercedes,10,51,46.294,2,,11,1,0,380,1981-07-29,,2023,,,42,,821.1,867.394,5.793,295.443,0.24094277777777778,1226.1957080634636
italy,9,14,Fernando Alonso,Aston Martin Aramco Mercedes,10,51,46.294,2,,11,1,0,380,1981-07-29,,2023,,,42,,821.1,867.394,5.793,295.443,0.24094277777777778,1226.1957080634636
italy,10,77,Valtteri Bottas,Alfa Romeo Ferrari,14,51,64.056,1,,11,1,0,222,1989-08-28,,2023,,,34,,821.1,885.1560000000001,5.793,295.443,0.2458766666666667,1201.590228163171
italy,10,77,Valtteri Bottas,Alfa Romeo Ferrari,14,51,64.056,1,,11,1,0,222,1989-08-28,,2023,,,34,,821.1,885.1560000000001,5.793,295.443,0.2458766666666667,1201.590228163171
italy,11,40,Liam Lawson,AlphaTauri Honda RBPT,12,51,70.638,0,,11,1,0,5,2002-02-11,,2023,,,21,,821.1,891.738,5.793,295.443,0.247705,1192.721180436406
italy,11,40,Liam Lawson,AlphaTauri Honda RBPT,12,51,70.638,0,,11,1,0,5,2002-02-11,,2023,,,21,,821.1,891.738,5.793,295.443,0.247705,1192.721180436406
italy,12,81,Oscar Piastri,McLaren Mercedes,7,51,73.074,0,,11,1,0,22,2001-04-06,,2023,,,22,,821.1,894.174,5.793,295.443,0.24838166666666667,1189.4718477611739
italy,12,81,Oscar Piastri,McLaren Mercedes,7,51,73.074,0,,11,1,0,22,2001-04-06,,2023,,,22,,821.1,894.174,5.793,295.443,0.24838166666666667,1189.4718477611739
italy,13,2,Logan Sargeant,Williams Mercedes,15,51,78.557,0,,11,1,0,22,2000-12-31,,2023,,,23,,821.1,899.657,5.793,295.443,0.24990472222222224,1182.222558152718
italy,13,2,Logan Sargeant,Williams Mercedes,15,51,78.557,0,,11,1,0,22,2000-12-31,,2023,,,23,,821.1,899.657,5.793,295.443,0.24990472222222224,1182.222558152718
italy,14,24,Guanyu Zhou,Alfa Romeo Ferrari,16,51,80.164,0,,11,1,0,44,1999-05-30,,2023,,,24,,821.1,901.264,5.793,295.443,0.25035111111111114,1180.1145946137867
italy,14,24,Guanyu Zhou,Alfa Romeo Ferrari,16,51,80.164,0,,11,1,0,44,1999-05-30,,2023,,,24,,821.1,901.264,5.793,295.443,0.25035111111111114,1180.1145946137867
italy,15,10,Pierre Gasly,Alpine Renault,17,51,82.51,0,,11,1,0,130,1996-02-07,,2023,,,27,,821.1,903.61,5.793,295.443,0.2510027777777778,1177.0507187835458
italy,15,10,Pierre Gasly,Alpine Renault,17,51,82.51,0,,11,1,0,130,1996-02-07,,2023,,,27,,821.1,903.61,5.793,295.443,0.2510027777777778,1177.0507187835458
italy,16,18,Lance Stroll,Aston Martin Aramco Mercedes,20,51,87.266,0,,11,1,0,143,1998-10-29,,2023,,,25,,821.1,908.366,5.793,295.443,0.2523238888888889,1170.8879460481787
italy,16,18,Lance Stroll,Aston Martin Aramco Mercedes,20,51,87.266,0,,11,1,0,143,1998-10-29,,2023,,,25,,821.1,908.366,5.793,295.443,0.2523238888888889,1170.8879460481787
italy,17,27,Nico Hulkenberg,Haas Ferrari,13,50,+1 lap,0,,11,1,0,206,1987-08-19,,2023,,,36,,821.1,,5.793,289.65000000000003,,
italy,17,27,Nico Hulkenberg,Haas Ferrari,13,50,+1 lap,0,,11,1,0,206,1987-08-19,,2023,,,36,,821.1,,5.793,289.65000000000003,,
italy,18,20,Kevin Magnussen,Haas Ferrari,19,50,+1 lap,0,,11,1,0,164,1992-10-05,,2023,,,31,,821.1,,5.793,289.65000000000003,,
italy,18,20,Kevin Magnussen,Haas Ferrari,19,50,+1 lap,0,,11,1,0,164,1992-10-05,,2023,,,31,,821.1,,5.793,289.65000000000003,,
italy,NC,31,Esteban Ocon,Alpine Renault,18,39,DNF,0,,11,0,0,133,1996-09-17,,2023,,,27,,821.1,,5.793,225.927,,
italy,NC,31,Esteban Ocon,Alpine Renault,18,39,DNF,0,,11,0,0,133,1996-09-17,,2023,,,27,,821.1,,5.793,225.927,,
italy,NC,22,Yuki Tsunoda,AlphaTauri Honda RBPT,11,0,DNS,0,,11,0,0,66,2000-05-11,,2023,,,23,,821.1,,5.793,0,,
italy,NC,22,Yuki Tsunoda,AlphaTauri Honda RBPT,11,0,DNS,0,,11,0,0,66,2000-05-11,,2023,,,23,,821.1,,5.793,0,,
singapore,1,55,Carlos Sainz,Ferrari,1,62,46:37.4,25,,19,1,1,185,1994-09-01,,2023,,,29,,2797.4,2797.4,4.94,306.28000000000003,0.7770555555555556,394.15457210266675
singapore,2,4,Lando Norris,McLaren Mercedes,4,62,0.812,18,,19,1,1,104,1999-11-13,,2023,,,24,,2797.4,2798.212,4.94,306.28000000000003,0.7772811111111111,394.0401942383208
singapore,3,44,Lewis Hamilton,Mercedes,5,62,1.269,16,,19,1,1,332,1985-01-07,,2023,,,38,,2797.4,2798.669,4.94,306.28000000000003,0.7774080555555555,393.97585066329754
singapore,4,16,Charles Leclerc,Ferrari,3,62,21.177,12,,19,1,0,125,1997-10-16,,2023,,,26,,2797.4,2818.577,4.94,306.28000000000003,0.7829380555555556,391.1931446258165
singapore,5,1,Max Verstappen,Red Bull Racing Honda RBPT,11,62,21.441,10,,19,1,0,185,1997-09-30,,2023,,,26,,2797.4,2818.841,4.94,306.28000000000003,0.7830113888888889,391.15650723116346
singapore,6,10,Pierre Gasly,Alpine Renault,12,62,38.441,8,,19,1,0,130,1996-02-07,,2023,,,27,,2797.4,2835.841,4.94,306.28000000000003,0.7877336111111111,388.8116435300851
singapore,7,81,Oscar Piastri,McLaren Mercedes,17,62,41.479,6,,19,1,0,22,2001-04-06,,2023,,,22,,2797.4,2838.879,4.94,306.28000000000003,0.7885774999999999,388.39556036026903
singapore,8,11,Sergio Perez,Red Bull Racing Honda RBPT,13,62,54.534,4,,19,1,0,258,1990-01-26,,2023,,,33,,2797.4,2851.934,4.94,306.28000000000003,0.7922038888888889,386.61764262426834
singapore,9,40,Liam Lawson,AlphaTauri Honda RBPT,10,62,65.918,2,,19,1,0,5,2002-02-11,,2023,,,21,,2797.4,2863.318,4.94,306.28000000000003,0.7953661111111112,385.0805254603226
singapore,10,20,Kevin Magnussen,Haas Ferrari,6,62,72.116,1,,19,1,0,164,1992-10-05,,2023,,,31,,2797.4,2869.516,4.94,306.28000000000003,0.7970877777777778,384.24877226682133
singapore,11,23,Alexander Albon,Williams Mercedes,14,62,73.417,0,,19,1,0,81,1996-03-23,,2023,,,27,,2797.4,2870.817,4.94,306.28000000000003,0.7974491666666667,384.0746379863294
singapore,12,24,Guanyu Zhou,Alfa Romeo Ferrari,19,62,83.649,0,,19,1,0,44,1999-05-30,,2023,,,24,,2797.4,2881.049,4.94,306.28000000000003,0.8002913888888888,382.71060297829024
singapore,13,27,Nico Hulkenberg,Haas Ferrari,9,62,85.201,0,,19,1,0,206,1987-08-19,,2023,,,36,,2797.4,2882.601,4.94,306.28000000000003,0.8007225,382.5045505777595
singapore,14,2,Logan Sargeant,Williams Mercedes,18,62,86.889,0,,19,1,0,22,2000-12-31,,2023,,,23,,2797.4,2884.289,4.94,306.28000000000003,0.801191389,382.2806937862329
singapore,15,14,Fernando Alonso,Aston Martin Aramco Mercedes,7,62,87.603,0,,19,1,0,380,1981-07-29,,2023,,,42,,2797.4,2885.003,4.94,306.28000000000003,0.8013897222222223,382.1860844
singapore,16,63,George Russell,Mercedes,2,61,DNF,0,,19,0,0,104,1998-02-15,,2023,,,25,,2797.4,,4.94,301.34000000000003,,
singapore,NC,77,Valtteri Bottas,Alfa Romeo Ferrari,16,51,DNF,0,,19,0,0,222,1989-08-28,,2023,,,34,,2797.4,,4.94,251.94000000000003,,
singapore,NC,31,Esteban Ocon,Alpine Renault,8,42,DNF,0,,19,0,0,133,1996-09-17,,2023,,,27,,2797.4,,4.94,207.48000000000002,,
singapore,NC,22,Yuki Tsunoda,AlphaTauri Honda RBPT,15,0,DNF,0,,19,0,0,66,2000-05-11,,2023,,,23,,2797.4,,4.94,0,,
singapore,NC,18,Lance Stroll,Aston Martin Aramco Mercedes,20,0,DNS,0,,19,0,0,143,1998-10-29,,2023,,,25,,2797.4,,4.94,0,,
japan,1,1,Max Verstappen,Red Bull Racing Honda RBPT,1,53,30:58.4,26,,18,1,1,185,1997-09-30,,2023,,,26,,1858.4,1858.4,5.807,307.771,0.5162222222222222,596.1986655187258
japan,2,4,Lando Norris,McLaren Mercedes,3,53,19.387,18,,18,1,1,104,1999-11-13,,2023,,,24,,1858.4,1877.787,5.807,307.771,0.5216075,590.0432796690999
japan,3,81,Oscar Piastri,McLaren Mercedes,2,53,36.494,15,,18,1,1,22,2001-04-06,,2023,,,22,,1858.4,1894.894,5.807,307.771,0.5263594444444445,584.7164010229595
japan,4,16,Charles Leclerc,Ferrari,4,53,43.998,12,,18,1,0,125,1997-10-16,,2023,,,26,,1858.4,1902.398,5.807,307.771,0.5284438888888888,582.4099899179878
japan,5,44,Lewis Hamilton,Mercedes,7,53,49.376,10,,18,1,0,332,1985-01-07,,2023,,,38,,1858.4,1907.776,5.807,307.771,0.5299377777777778,580.7681824281257
japan,6,55,Carlos Sainz,Ferrari,6,53,50.221,8,,18,1,0,185,1994-09-01,,2023,,,29,,1858.4,1908.621,5.807,307.771,0.5301725,580.5110600795024
japan,7,63,George Russell,Mercedes,8,53,57.659,6,,18,1,0,104,1998-02-15,,2023,,,25,,1858.4,1916.059,5.807,307.771,0.5322386111111111,578.2575588747528
japan,8,14,Fernando Alonso,Aston Martin Aramco Mercedes,10,53,74.725,4,,18,1,0,380,1981-07-29,,2023,,,42,,1858.4,1933.125,5.807,307.771,0.5369791666666667,573.1525897187197
japan,9,31,Esteban Ocon,Alpine Renault,14,53,79.678,2,,18,1,0,133,1996-09-17,,2023,,,27,,1858.4,1938.078,5.807,307.771,0.538355,571.6878268057322
japan,10,10,Pierre Gasly,Alpine Renault,12,53,83.155,1,,18,1,0,130,1996-02-07,,2023,,,27,,1858.4,1941.555,5.807,307.771,0.5393208333333334,570.6640296051361
japan,11,40,Liam Lawson,AlphaTauri Honda RBPT,11,52,+1 lap,0,,18,1,0,5,2002-02-11,,2023,,,21,,1858.4,,5.807,301.964,,
japan,12,22,Yuki Tsunoda,AlphaTauri Honda RBPT,9,52,+1 lap,0,,18,1,0,66,2000-05-11,,2023,,,23,,1858.4,,5.807,301.964,,
japan,13,24,Guanyu Zhou,Alfa Romeo Ferrari,19,52,+1 lap,0,,18,1,0,44,1999-05-30,,2023,,,24,,1858.4,,5.807,301.964,,
japan,14,27,Nico Hulkenberg,Haas Ferrari,18,52,+1 lap,0,,18,1,0,206,1987-08-19,,2023,,,36,,1858.4,,5.807,301.964,,
japan,15,20,Kevin Magnussen,Haas Ferrari,15,52,+1 lap,0,,18,1,0,164,1992-10-05,,2023,,,31,,1858.4,,5.807,301.964,,
japan,NC,23,Alexander Albon,Williams Mercedes,13,26,DNF,0,,18,0,0,81,1996-03-23,,2023,,,27,,1858.4,,5.807,150.982,,
japan,NC,2,Logan Sargeant,Williams Mercedes,20,22,DNF,0,,18,0,0,22,2000-12-31,,2023,,,23,,1858.4,,5.807,127.754,,
japan,NC,18,Lance Stroll,Aston Martin Aramco Mercedes,17,20,DNF,0,,18,0,0,143,1998-10-29,,2023,,,25,,1858.4,,5.807,116.14000000000001,,
japan,NC,11,Sergio Perez,Red Bull Racing Honda RBPT,5,15,DNF,0,,18,0,0,258,1990-01-26,,2023,,,33,,1858.4,,5.807,87.105,,
japan,NC,77,Valtteri Bottas,Alfa Romeo Ferrari,16,7,DNF,0,,18,0,0,222,1989-08-28,,2023,,,34,,1858.4,,5.807,40.649,,
qatar,1,1,Max Verstappen,Red Bull Racing Honda RBPT,1,57,27:39.2,26,,16,1,1,185,1997-09-30,,2023,,,26,,1659.2,1659.2,5.419,308.883,0.4608888888888889,670.1897299903567
qatar,2,81,Oscar Piastri,McLaren Mercedes,6,57,4.833,18,,16,1,1,22,2001-04-06,,2023,,,22,,1659.2,1664.033,5.419,308.883,0.46223138888888887,668.2432379646317
qatar,3,4,Lando Norris,McLaren Mercedes,10,57,5.969,15,,16,1,1,104,1999-11-13,,2023,,,24,,1659.2,1665.169,5.419,308.883,0.4625469444444445,667.7873537160491
qatar,4,63,George Russell,Mercedes,2,57,34.119,12,,16,1,0,104,1998-02-15,,2023,,,25,,1659.2,1693.319,5.419,308.883,0.4703663888888889,656.6859522629817
qatar,5,16,Charles Leclerc,Ferrari,5,57,38.976,10,,16,1,0,125,1997-10-16,,2023,,,26,,1659.2,1698.176,5.419,308.883,0.47171555555555555,654.8077466646566
qatar,6,14,Fernando Alonso,Aston Martin Aramco Mercedes,4,57,49.032,8,,16,1,0,380,1981-07-29,,2023,,,42,,1659.2,1708.232,5.419,308.883,0.47450888888888887,650.9530321408333
qatar,7,31,Esteban Ocon,Alpine Renault,8,57,62.39,6,,16,1,0,133,1996-09-17,,2023,,,27,,1659.2,1721.59,5.419,308.883,0.4782194444444444,645.9022182982011
qatar,8,77,Valtteri Bottas,Alfa Romeo Ferrari,9,57,66.563,4,,16,1,0,222,1989-08-28,,2023,,,34,,1659.2,1725.763,5.419,308.883,0.4793786111111111,644.3403874112494
qatar,9,24,Guanyu Zhou,Alfa Romeo Ferrari,19,57,76.127,2,,16,1,0,44,1999-05-30,,2023,,,24,,1659.2,1735.327,5.419,308.883,0.48203527777777777,640.7891999605838
qatar,10,11,Sergio Perez,Red Bull Racing Honda RBPT,20,57,80.181,1,,16,1,0,258,1990-01-26,,2023,,,33,,1659.2,1739.381,5.419,308.883,0.48316138888888893,639.2957034715223
qatar,11,18,Lance Stroll,Aston Martin Aramco Mercedes,16,57,81.652,0,,16,1,0,143,1998-10-29,,2023,,,25,,1659.2,1740.852,5.419,308.883,0.48357,638.7555059246852
qatar,12,10,Pierre Gasly,Alpine Renault,7,57,82.3,0,,16,1,0,130,1996-02-07,,2023,,,27,,1659.2,1741.5,5.419,308.883,0.48375,638.5178294573643
qatar,13,23,Alexander Albon,Williams Mercedes,13,57,91.014,0,,16,1,0,81,1996-03-23,,2023,,,27,,1659.2,1750.214,5.419,308.883,0.48617055555555555,635.3387642882527
qatar,14,20,Kevin Magnussen,Haas Ferrari,18,56,+1 lap,0,,16,1,0,164,1992-10-05,,2023,,,31,,1659.2,,5.419,303.464,,
qatar,15,22,Yuki Tsunoda,AlphaTauri Honda RBPT,11,56,+1 lap,0,,16,1,0,66,2000-05-11,,2023,,,23,,1659.2,,5.419,303.464,,
qatar,16,27,Nico Hulkenberg,Haas Ferrari,14,56,+1 lap,0,,16,1,0,206,1987-08-19,,2023,,,36,,1659.2,,5.419,303.464,,
qatar,17,40,Liam Lawson,AlphaTauri Honda RBPT,17,56,+1 lap,0,,16,1,0,5,2002-02-11,,2023,,,21,,1659.2,,5.419,303.464,,
qatar,NC,2,Logan Sargeant,Williams Mercedes,15,40,DNF,0,,16,0,0,22,2000-12-31,,2023,,,23,,1659.2,,5.419,216.76,,
qatar,NC,44,Lewis Hamilton,Mercedes,3,0,DNF,0,,16,0,0,332,1985-01-07,,2023,,,38,,1659.2,,5.419,0,,
qatar,NC,55,Carlos Sainz,Ferrari,12,0,DNS,0,,16,0,0,185,1994-09-01,,2023,,,29,,1659.2,,5.419,0,,
united states,1,1,Max Verstappen,Red Bull Racing Honda RBPT,6,56,35:21.4,25,,20,1,1,185,1997-09-30,,2023,,,26,,2121.4,2121.4,5.513,308.728,0.5892777777777778,523.9091166210993
united states,1,1,Max Verstappen,Red Bull Racing Honda RBPT,6,56,35:21.4,25,,20,1,1,185,1997-09-30,,2023,,,26,,2121.4,2121.4,5.513,308.728,0.5892777777777778,523.9091166210993
united states,1,1,Max Verstappen,Red Bull Racing Honda RBPT,6,56,35:21.4,25,,20,1,1,185,1997-09-30,,2023,,,26,,2121.4,2121.4,5.513,308.728,0.5892777777777778,523.9091166210993
united states,DQ,44,Lewis Hamilton,Mercedes,3,56,2.225,0,,20,1,0,332,1985-01-07,,2023,,,38,,2121.4,2123.625,5.513,308.728,0.5898958333333333,523.3601978
united states,DQ,44,Lewis Hamilton,Mercedes,3,56,2.225,0,,20,1,0,332,1985-01-07,,2023,,,38,,2121.4,2123.625,5.513,308.728,0.5898958333333333,523.3601978
united states,DQ,44,Lewis Hamilton,Mercedes,3,56,2.225,0,,20,1,0,332,1985-01-07,,2023,,,38,,2121.4,2123.625,5.513,308.728,0.5898958333333333,523.3601978
united states,2,4,Lando Norris,McLaren Mercedes,2,56,10.73,18,,20,1,1,104,1999-11-13,,2023,,,24,,2121.4,2132.13,5.513,308.728,0.5922583333333333,521.2725302866148
united states,2,4,Lando Norris,McLaren Mercedes,2,56,10.73,18,,20,1,1,104,1999-11-13,,2023,,,24,,2121.4,2132.13,5.513,308.728,0.5922583333333333,521.2725302866148
united states,2,4,Lando Norris,McLaren Mercedes,2,56,10.73,18,,20,1,1,104,1999-11-13,,2023,,,24,,2121.4,2132.13,5.513,308.728,0.5922583333333333,521.2725302866148
united states,3,55,Carlos Sainz,Ferrari,4,56,15.134,15,,20,1,1,185,1994-09-01,,2023,,,29,,2121.4,2136.534,5.513,308.728,0.5934816666666667,520.1980404
united states,3,55,Carlos Sainz,Ferrari,4,56,15.134,15,,20,1,1,185,1994-09-01,,2023,,,29,,2121.4,2136.534,5.513,308.728,0.5934816666666667,520.1980404
united states,3,55,Carlos Sainz,Ferrari,4,56,15.134,15,,20,1,1,185,1994-09-01,,2023,,,29,,2121.4,2136.534,5.513,308.728,0.5934816666666667,520.1980404
united states,4,11,Sergio Perez,Red Bull Racing Honda RBPT,9,56,18.46,12,,20,1,0,258,1990-01-26,,2023,,,33,,2121.4,2139.86,5.513,308.728,0.5944055555555556,519.3894927705551
united states,4,11,Sergio Perez,Red Bull Racing Honda RBPT,9,56,18.46,12,,20,1,0,258,1990-01-26,,2023,,,33,,2121.4,2139.86,5.513,308.728,0.5944055555555556,519.3894927705551
united states,4,11,Sergio Perez,Red Bull Racing Honda RBPT,9,56,18.46,12,,20,1,0,258,1990-01-26,,2023,,,33,,2121.4,2139.86,5.513,308.728,0.5944055555555556,519.3894927705551
united states,DQ,16,Charles Leclerc,Ferrari,1,56,24.662,0,,20,1,0,125,1997-10-16,,2023,,,26,,2121.4,2146.062,5.513,308.728,0.5961283333333333,517.8884859803678
united states,DQ,16,Charles Leclerc,Ferrari,1,56,24.662,0,,20,1,0,125,1997-10-16,,2023,,,26,,2121.4,2146.062,5.513,308.728,0.5961283333333333,517.8884859803678
united states,DQ,16,Charles Leclerc,Ferrari,1,56,24.662,0,,20,1,0,125,1997-10-16,,2023,,,26,,2121.4,2146.062,5.513,308.728,0.5961283333333333,517.8884859803678
united states,5,63,George Russell,Mercedes,5,56,24.999,10,,20,1,0,104,1998-02-15,,2023,,,25,,2121.4,2146.399,5.513,308.728,0.5962219444444444,517.8071737826938
united states,5,63,George Russell,Mercedes,5,56,24.999,10,,20,1,0,104,1998-02-15,,2023,,,25,,2121.4,2146.399,5.513,308.728,0.5962219444444444,517.8071737826938
united states,5,63,George Russell,Mercedes,5,56,24.999,10,,20,1,0,104,1998-02-15,,2023,,,25,,2121.4,2146.399,5.513,308.728,0.5962219444444444,517.8071737826938
united states,6,10,Pierre Gasly,Alpine Renault,7,56,47.996,8,,20,1,0,130,1996-02-07,,2023,,,27,,2121.4,2169.396,5.513,308.728,0.6026100000000001,512.3180830055923
united states,6,10,Pierre Gasly,Alpine Renault,7,56,47.996,8,,20,1,0,130,1996-02-07,,2023,,,27,,2121.4,2169.396,5.513,308.728,0.6026100000000001,512.3180830055923
united states,6,10,Pierre Gasly,Alpine Renault,7,56,47.996,8,,20,1,0,130,1996-02-07,,2023,,,27,,2121.4,2169.396,5.513,308.728,0.6026100000000001,512.3180830055923
united states,7,18,Lance Stroll,Aston Martin Aramco Mercedes,20,56,48.696,6,,20,1,0,143,1998-10-29,,2023,,,25,,2121.4,2170.096,5.513,308.728,0.6028044444444445,512.1528264187391
united states,7,18,Lance Stroll,Aston Martin Aramco Mercedes,20,56,48.696,6,,20,1,0,143,1998-10-29,,2023,,,25,,2121.4,2170.096,5.513,308.728,0.6028044444444445,512.1528264187391
united states,7,18,Lance Stroll,Aston Martin Aramco Mercedes,20,56,48.696,6,,20,1,0,143,1998-10-29,,2023,,,25,,2121.4,2170.096,5.513,308.728,0.6028044444444445,512.1528264187391
united states,8,22,Yuki Tsunoda,AlphaTauri Honda RBPT,11,56,74.385,5,,20,1,0,66,2000-05-11,,2023,,,23,,2121.4,2195.7850000000003,5.513,308.728,0.6099402777777778,506.16103124850565
united states,8,22,Yuki Tsunoda,AlphaTauri Honda RBPT,11,56,74.385,5,,20,1,0,66,2000-05-11,,2023,,,23,,2121.4,2195.7850000000003,5.513,308.728,0.6099402777777778,506.16103124850565
united states,8,22,Yuki Tsunoda,AlphaTauri Honda RBPT,11,56,74.385,5,,20,1,0,66,2000-05-11,,2023,,,23,,2121.4,2195.7850000000003,5.513,308.728,0.6099402777777778,506.16103124850565
united states,9,23,Alexander Albon,Williams Mercedes,15,56,86.714,2,,20,1,0,81,1996-03-23,,2023,,,27,,2121.4,2208.114,5.513,308.728,0.613365,503.33488216640984
united states,9,23,Alexander Albon,Williams Mercedes,15,56,86.714,2,,20,1,0,81,1996-03-23,,2023,,,27,,2121.4,2208.114,5.513,308.728,0.613365,503.33488216640984
united states,9,23,Alexander Albon,Williams Mercedes,15,56,86.714,2,,20,1,0,81,1996-03-23,,2023,,,27,,2121.4,2208.114,5.513,308.728,0.613365,503.33488216640984
united states,10,2,Logan Sargeant,Williams Mercedes,16,56,87.998,1,,20,1,0,22,2000-12-31,,2023,,,23,,2121.4,2209.398,5.513,308.728,0.6137216666666667,503.04236719685633
united states,10,2,Logan Sargeant,Williams Mercedes,16,56,87.998,1,,20,1,0,22,2000-12-31,,2023,,,23,,2121.4,2209.398,5.513,308.728,0.6137216666666667,503.04236719685633
united states,10,2,Logan Sargeant,Williams Mercedes,16,56,87.998,1,,20,1,0,22,2000-12-31,,2023,,,23,,2121.4,2209.398,5.513,308.728,0.6137216666666667,503.04236719685633
united states,11,27,Nico Hulkenberg,Haas Ferrari,18,56,89.904,0,,20,1,0,206,1987-08-19,,2023,,,36,,2121.4,2211.304,5.513,308.728,0.6142511111111111,502.6087774453445
united states,11,27,Nico Hulkenberg,Haas Ferrari,18,56,89.904,0,,20,1,0,206,1987-08-19,,2023,,,36,,2121.4,2211.304,5.513,308.728,0.6142511111111111,502.6087774453445
united states,11,27,Nico Hulkenberg,Haas Ferrari,18,56,89.904,0,,20,1,0,206,1987-08-19,,2023,,,36,,2121.4,2211.304,5.513,308.728,0.6142511111111111,502.6087774453445
united states,12,77,Valtteri Bottas,Alfa Romeo Ferrari,13,56,98.601,0,,20,1,0,222,1989-08-28,,2023,,,34,,2121.4,2220.001,5.513,308.728,0.6166669444444445,500.63977448658807
united states,12,77,Valtteri Bottas,Alfa Romeo Ferrari,13,56,98.601,0,,20,1,0,222,1989-08-28,,2023,,,34,,2121.4,2220.001,5.513,308.728,0.6166669444444445,500.63977448658807
united states,12,77,Valtteri Bottas,Alfa Romeo Ferrari,13,56,98.601,0,,20,1,0,222,1989-08-28,,2023,,,34,,2121.4,2220.001,5.513,308.728,0.6166669444444445,500.63977448658807
united states,13,24,Guanyu Zhou,Alfa Romeo Ferrari,12,55,+1 lap,0,,20,1,0,44,1999-05-30,,2023,,,24,,2121.4,,5.513,303.215,,
united states,13,24,Guanyu Zhou,Alfa Romeo Ferrari,12,55,+1 lap,0,,20,1,0,44,1999-05-30,,2023,,,24,,2121.4,,5.513,303.215,,
united states,13,24,Guanyu Zhou,Alfa Romeo Ferrari,12,55,+1 lap,0,,20,1,0,44,1999-05-30,,2023,,,24,,2121.4,,5.513,303.215,,
united states,14,20,Kevin Magnussen,Haas Ferrari,17,55,+1 lap,0,,20,1,0,164,1992-10-05,,2023,,,31,,2121.4,,5.513,303.215,,
united states,14,20,Kevin Magnussen,Haas Ferrari,17,55,+1 lap,0,,20,1,0,164,1992-10-05,,2023,,,31,,2121.4,,5.513,303.215,,
united states,14,20,Kevin Magnussen,Haas Ferrari,17,55,+1 lap,0,,20,1,0,164,1992-10-05,,2023,,,31,,2121.4,,5.513,303.215,,
united states,15,3,Daniel Ricciardo,AlphaTauri Honda RBPT,14,55,+1 lap,0,,20,1,0,239,1989-07-01,,2023,,,34,,2121.4,,5.513,303.215,,
united states,15,3,Daniel Ricciardo,AlphaTauri Honda RBPT,14,55,+1 lap,0,,20,1,0,239,1989-07-01,,2023,,,34,,2121.4,,5.513,303.215,,
united states,15,3,Daniel Ricciardo,AlphaTauri Honda RBPT,14,55,+1 lap,0,,20,1,0,239,1989-07-01,,2023,,,34,,2121.4,,5.513,303.215,,
united states,NC,14,Fernando Alonso,Aston Martin Aramco Mercedes,19,49,DNF,0,,20,0,0,380,1981-07-29,,2023,,,42,,2121.4,,5.513,270.137,,
united states,NC,14,Fernando Alonso,Aston Martin Aramco Mercedes,19,49,DNF,0,,20,0,0,380,1981-07-29,,2023,,,42,,2121.4,,5.513,270.137,,
united states,NC,14,Fernando Alonso,Aston Martin Aramco Mercedes,19,49,DNF,0,,20,0,0,380,1981-07-29,,2023,,,42,,2121.4,,5.513,270.137,,
united states,NC,81,Oscar Piastri,McLaren Mercedes,10,10,DNF,0,,20,0,0,22,2001-04-06,,2023,,,22,,2121.4,,5.513,55.129999999999995,,
united states,NC,81,Oscar Piastri,McLaren Mercedes,10,10,DNF,0,,20,0,0,22,2001-04-06,,2023,,,22,,2121.4,,5.513,55.129999999999995,,
united states,NC,81,Oscar Piastri,McLaren Mercedes,10,10,DNF,0,,20,0,0,22,2001-04-06,,2023,,,22,,2121.4,,5.513,55.129999999999995,,
united states,NC,31,Esteban Ocon,Alpine Renault,8,6,DNF,0,,20,0,0,133,1996-09-17,,2023,,,27,,2121.4,,5.513,33.078,,
united states,NC,31,Esteban Ocon,Alpine Renault,8,6,DNF,0,,20,0,0,133,1996-09-17,,2023,,,27,,2121.4,,5.513,33.078,,
united states,NC,31,Esteban Ocon,Alpine Renault,8,6,DNF,0,,20,0,0,133,1996-09-17,,2023,,,27,,2121.4,,5.513,33.078,,
mexico,1,1,Max Verstappen,Red Bull Racing Honda RBPT,3,71,02:30.8,25,,17,1,1,185,1997-09-30,,2023,,,26,,150.8,150.8,4.304,305.584,0.041888889,7295.108753
mexico,2,44,Lewis Hamilton,Mercedes,6,71,13.875,19,,17,1,1,332,1985-01-07,,2023,,,38,,150.8,164.675,4.304,305.584,0.045743056,6680.4457264308485
mexico,3,16,Charles Leclerc,Ferrari,1,71,23.124,15,,17,1,1,125,1997-10-16,,2023,,,26,,150.8,173.924,4.304,305.584,0.048312222,6325.190313
mexico,4,55,Carlos Sainz,Ferrari,2,71,27.154,12,,17,1,0,185,1994-09-01,,2023,,,29,,150.8,177.954,4.304,305.584,0.049431666666666665,6181.948143902357
mexico,5,4,Lando Norris,McLaren Mercedes,17,71,33.266,10,,17,1,0,104,1999-11-13,,2023,,,24,,150.8,184.066,4.304,305.584,0.051129444,5976.673584475134
mexico,6,63,George Russell,Mercedes,8,71,41.02,8,,17,1,0,104,1998-02-15,,2023,,,25,,150.8,191.82,4.304,305.584,0.053283333,5735.0766343446985
mexico,7,3,Daniel Ricciardo,AlphaTauri Honda RBPT,4,71,41.57,6,,17,1,0,239,1989-07-01,,2023,,,34,,150.8,192.37,4.304,305.584,0.053436111111111115,5718.679627800592
mexico,8,81,Oscar Piastri,McLaren Mercedes,7,71,43.104,4,,17,1,0,22,2001-04-06,,2023,,,22,,150.8,193.904,4.304,305.584,0.053862222,5673.438402508458
mexico,9,23,Alexander Albon,Williams Mercedes,14,71,48.573,2,,17,1,0,81,1996-03-23,,2023,,,27,,150.8,199.373,4.304,305.584,0.055381389,5517.810335401485
mexico,10,31,Esteban Ocon,Alpine Renault,15,71,62.879,1,,17,1,0,133,1996-09-17,,2023,,,27,,150.8,213.679,4.304,305.584,0.059355278,5148.388002564595
mexico,11,10,Pierre Gasly,Alpine Renault,11,71,66.208,0,,17,1,0,130,1996-02-07,,2023,,,27,,150.8,217.008,4.304,305.584,0.06028,5069.409422694094
mexico,12,22,Yuki Tsunoda,AlphaTauri Honda RBPT,18,71,78.982,0,,17,1,0,66,2000-05-11,,2023,,,23,,150.8,229.782,4.304,305.584,0.063828333,4787.591717366896
mexico,13,27,Nico Hulkenberg,Haas Ferrari,12,71,80.309,0,,17,1,0,206,1987-08-19,,2023,,,36,,150.8,231.109,4.304,305.584,0.064196944,4760.101943238905
mexico,14,24,Guanyu Zhou,Alfa Romeo Ferrari,10,71,81.676,0,,17,1,0,44,1999-05-30,,2023,,,24,,150.8,232.476,4.304,305.584,0.064576667,4732.111701853094
mexico,15,77,Valtteri Bottas,Alfa Romeo Ferrari,9,71,85.597,0,,17,1,0,222,1989-08-28,,2023,,,34,,150.8,236.397,4.304,305.584,0.065665833,4653.622507899847
mexico,16,2,Logan Sargeant,Williams Mercedes,19,70,DNF,0,,17,0,0,22,2000-12-31,,2023,,,23,,150.8,,4.304,301.28000000000003,,
mexico,17,18,Lance Stroll,Aston Martin Aramco Mercedes,20,66,DNF,0,,17,0,0,143,1998-10-29,,2023,,,25,,150.8,,4.304,284.064,,
mexico,NC,14,Fernando Alonso,Aston Martin Aramco Mercedes,13,47,DNF,0,,17,0,0,380,1981-07-29,,2023,,,42,,150.8,,4.304,202.288,,
mexico,NC,20,Kevin Magnussen,Haas Ferrari,16,31,DNF,0,,17,0,0,164,1992-10-05,,2023,,,31,,150.8,,4.304,133.424,,
mexico,NC,11,Sergio Perez,Red Bull Racing Honda RBPT,5,1,DNF,0,,17,0,0,258,1990-01-26,,2023,,,33,,150.8,,4.304,4.304,,
brazil,1,1,Max Verstappen,Red Bull Racing Honda RBPT,1,71,56:48.9,25,,15,1,1,185,1997-09-30,,2023,,,26,,3408.9,3408.9,4.309,305.939,0.9469166666666667,323.08967702191325
brazil,2,4,Lando Norris,McLaren Mercedes,6,71,8.227,19,,15,1,1,104,1999-11-13,,2023,,,24,,3408.9,3417.127,4.309,305.939,0.9492019444444444,322.31181340348195
brazil,3,14,Fernando Alonso,Aston Martin Aramco Mercedes,4,71,34.155,15,,15,1,1,380,1981-07-29,,2023,,,42,,3408.9,3443.0550000000003,4.309,305.939,0.9564041666666667,319.8846373351573
brazil,4,11,Sergio Perez,Red Bull Racing Honda RBPT,9,71,34.208,12,,15,1,0,258,1990-01-26,,2023,,,33,,3408.9,3443.108,4.309,305.939,0.9564188888888889,319.8797133287716
brazil,5,18,Lance Stroll,Aston Martin Aramco Mercedes,3,71,40.845,10,,15,1,0,143,1998-10-29,,2023,,,25,,3408.9,3449.745,4.309,305.939,0.9582625,319.2642934477766
brazil,6,55,Carlos Sainz,Ferrari,7,71,50.188,8,,15,1,0,185,1994-09-01,,2023,,,29,,3408.9,3459.088,4.309,305.939,0.9608577777777778,318.40196028548564
brazil,7,10,Pierre Gasly,Alpine Renault,15,71,56.093,6,,15,1,0,130,1996-02-07,,2023,,,27,,3408.9,3464.993,4.309,305.939,0.9624980555555556,317.8593434387891
brazil,8,44,Lewis Hamilton,Mercedes,5,71,62.859,4,,15,1,0,332,1985-01-07,,2023,,,38,,3408.9,3471.759,4.309,305.939,0.9643775,317.2398775375826
brazil,9,22,Yuki Tsunoda,AlphaTauri Honda RBPT,16,71,69.88,2,,15,1,0,66,2000-05-11,,2023,,,23,,3408.9,3478.78,4.309,305.939,0.9663277777777778,316.5996125078332
brazil,10,31,Esteban Ocon,Alpine Renault,14,70,+1 lap,1,,15,1,0,133,1996-09-17,,2023,,,27,,3408.9,,4.309,301.63,,
brazil,11,2,Logan Sargeant,Williams Mercedes,19,70,+1 lap,0,,15,1,0,22,2000-12-31,,2023,,,23,,3408.9,,4.309,301.63,,
brazil,12,27,Nico Hulkenberg,Haas Ferrari,11,70,+1 lap,0,,15,1,0,206,1987-08-19,,2023,,,36,,3408.9,,4.309,301.63,,
brazil,13,3,Daniel Ricciardo,AlphaTauri Honda RBPT,17,70,+1 lap,0,,15,1,0,239,1989-07-01,,2023,,,34,,3408.9,,4.309,301.63,,
brazil,14,81,Oscar Piastri,McLaren Mercedes,10,69,+2 laps,0,,15,1,0,22,2001-04-06,,2023,,,22,,3408.9,,4.309,297.321,,
brazil,NC,63,George Russell,Mercedes,8,57,DNF,0,,15,0,0,104,1998-02-15,,2023,,,25,,3408.9,,4.309,245.613,,
brazil,NC,77,Valtteri Bottas,Alfa Romeo Ferrari,18,39,DNF,0,,15,0,0,222,1989-08-28,,2023,,,34,,3408.9,,4.309,168.05100000000002,,
brazil,NC,24,Guanyu Zhou,Alfa Romeo Ferrari,20,22,DNF,0,,15,0,0,44,1999-05-30,,2023,,,24,,3408.9,,4.309,94.798,,
brazil,NC,20,Kevin Magnussen,Haas Ferrari,12,0,DNF,0,,15,0,0,164,1992-10-05,,2023,,,31,,3408.9,,4.309,0,,
brazil,NC,23,Alexander Albon,Williams Mercedes,13,0,DNF,0,,15,0,0,81,1996-03-23,,2023,,,27,,3408.9,,4.309,0,,
brazil,NC,16,Charles Leclerc,Ferrari,2,0,DNS,0,,15,0,0,125,1997-10-16,,2023,,,26,,3408.9,,4.309,0,,
las vegas,1,1,Max Verstappen,Red Bull Racing Honda RBPT,2,50,29:08.3,25,,17,1,1,185,1997-09-30,,2023,,,26,,1748.3,1748.3,6.201,310.04999999999995,0.4856388888888889,638.4373391294399
las vegas,2,16,Charles Leclerc,Ferrari,1,50,2.07,18,,17,1,1,125,1997-10-16,,2023,,,26,,1748.3,1750.37,6.201,310.04999999999995,0.48621388888888883,637.6823185954969
las vegas,3,11,Sergio Perez,Red Bull Racing Honda RBPT,11,50,2.241,15,,17,1,1,258,1990-01-26,,2023,,,33,,1748.3,1750.541,6.201,310.04999999999995,0.48626138888888887,637.6200271801688
las vegas,4,31,Esteban Ocon,Alpine Renault,16,50,18.665,12,,17,1,0,133,1996-09-17,,2023,,,27,,1748.3,1766.965,6.201,310.04999999999995,0.4908236111111111,631.6933272588873
las vegas,5,18,Lance Stroll,Aston Martin Aramco Mercedes,19,50,20.067,10,,17,1,0,143,1998-10-29,,2023,,,25,,1748.3,1768.367,6.201,310.04999999999995,0.49121305555555556,631.1925069852581
las vegas,6,55,Carlos Sainz,Ferrari,12,50,20.834,8,,17,1,0,185,1994-09-01,,2023,,,29,,1748.3,1769.134,6.201,310.04999999999995,0.4914261111111111,630.9188563444035
las vegas,7,44,Lewis Hamilton,Mercedes,10,50,21.755,6,,17,1,0,332,1985-01-07,,2023,,,38,,1748.3,1770.055,6.201,310.04999999999995,0.49168194444444446,630.5905748691424
las vegas,8,63,George Russell,Mercedes,3,50,23.091,4,,17,1,0,104,1998-02-15,,2023,,,25,,1748.3,1771.3909999999998,6.201,310.04999999999995,0.4920530555555555,630.1149774386344
las vegas,9,14,Fernando Alonso,Aston Martin Aramco Mercedes,9,50,25.964,2,,17,1,0,380,1981-07-29,,2023,,,42,,1748.3,1774.264,6.201,310.04999999999995,0.4928511111111111,629.0946555867672
las vegas,10,81,Oscar Piastri,McLaren Mercedes,18,50,29.496,2,,17,1,0,22,2001-04-06,,2023,,,22,,1748.3,1777.796,6.201,310.04999999999995,0.49383222222222223,627.8448145906503
las vegas,11,10,Pierre Gasly,Alpine Renault,4,50,34.27,0,,17,1,0,130,1996-02-07,,2023,,,27,,1748.3,1782.57,6.201,310.04999999999995,0.4951583333333333,626.1633484239047
las vegas,12,23,Alexander Albon,Williams Mercedes,5,50,43.398,0,,17,1,0,81,1996-03-23,,2023,,,27,,1748.3,1791.698,6.201,310.04999999999995,0.49769388888888894,622.9732912577899
las vegas,13,20,Kevin Magnussen,Haas Ferrari,8,50,44.825,0,,17,1,0,164,1992-10-05,,2023,,,31,,1748.3,1793.125,6.201,310.04999999999995,0.49809027777777776,622.4775182990588
las vegas,14,3,Daniel Ricciardo,AlphaTauri Honda RBPT,14,50,48.525,0,,17,1,0,239,1989-07-01,,2023,,,34,,1748.3,1796.825,6.201,310.04999999999995,0.49911805555555555,621.1957202287367
las vegas,15,24,Guanyu Zhou,Alfa Romeo Ferrari,17,50,50.162,0,,17,1,0,44,1999-05-30,,2023,,,24,,1748.3,1798.462,6.201,310.04999999999995,0.49957277777777775,620.6302941068535
las vegas,16,2,Logan Sargeant,Williams Mercedes,6,50,50.882,0,,17,1,0,22,2000-12-31,,2023,,,23,,1748.3,1799.182,6.201,310.04999999999995,0.4997727777777778,620.3819291211228
las vegas,17,77,Valtteri Bottas,Alfa Romeo Ferrari,7,50,85.35,0,,17,1,0,222,1989-08-28,,2023,,,34,,1748.3,1833.65,6.201,310.04999999999995,0.5093472222222223,608.7203119461183
las vegas,18,22,Yuki Tsunoda,AlphaTauri Honda RBPT,20,46,DNF,0,,17,0,0,66,2000-05-11,,2023,,,23,,1748.3,,6.201,285.246,,
las vegas,19,27,Nico Hulkenberg,Haas Ferrari,13,45,DNF,0,,17,0,0,206,1987-08-19,,2023,,,36,,1748.3,,6.201,279.04499999999996,,
las vegas,NC,4,Lando Norris,McLaren Mercedes,15,2,DNF,0,,17,0,0,104,1999-11-13,,2023,,,24,,1748.3,,6.201,12.402,,
abu dhabi,1,1,Max Verstappen,Red Bull Racing Honda RBPT,1,58,27:02.6,26,,16,1,1,185,1997-09-30,,2023,,,26,,1622.6,1622.6,5.281,306.298,0.4507222222222222,679.5715518303957
abu dhabi,2,16,Charles Leclerc,Ferrari,2,58,17.993,18,,16,1,1,125,1997-10-16,,2023,,,26,,1622.6,1640.5929999999998,5.281,306.298,0.45572027777777774,672.1184352243366
abu dhabi,3,63,George Russell,Mercedes,4,58,20.328,15,,16,1,1,104,1998-02-15,,2023,,,25,,1622.6,1642.928,5.281,306.298,0.45636888888888894,671.1631915701722
abu dhabi,4,11,Sergio Perez,Red Bull Racing Honda RBPT,9,58,21.453,12,,16,1,0,258,1990-01-26,,2023,,,33,,1622.6,1644.053,5.281,306.298,0.45668138888888893,670.7039249951188
abu dhabi,5,4,Lando Norris,McLaren Mercedes,5,58,24.284,10,,16,1,0,104,1999-11-13,,2023,,,24,,1622.6,1646.884,5.281,306.298,0.4574677777777778,669.5509823399826
abu dhabi,6,81,Oscar Piastri,McLaren Mercedes,3,58,31.487,8,,16,1,0,22,2001-04-06,,2023,,,22,,1622.6,1654.087,5.281,306.298,0.4594686111111111,666.6353099927634
abu dhabi,7,14,Fernando Alonso,Aston Martin Aramco Mercedes,7,58,39.512,6,,16,1,0,380,1981-07-29,,2023,,,42,,1622.6,1662.112,5.281,306.298,0.4616977777777778,663.4166650622822
abu dhabi,8,22,Yuki Tsunoda,AlphaTauri Honda RBPT,6,58,43.088,4,,16,1,0,66,2000-05-11,,2023,,,23,,1622.6,1665.688,5.281,306.298,0.46269111111111116,661.9924019384182
abu dhabi,9,44,Lewis Hamilton,Mercedes,11,58,44.424,2,,16,1,0,332,1985-01-07,,2023,,,38,,1622.6,1667.024,5.281,306.298,0.4630622222222222,661.4618625766636
abu dhabi,10,18,Lance Stroll,Aston Martin Aramco Mercedes,13,58,55.632,1,,16,1,0,143,1998-10-29,,2023,,,25,,1622.6,1678.232,5.281,306.298,0.46617555555555557,657.0443180680621
abu dhabi,11,3,Daniel Ricciardo,AlphaTauri Honda RBPT,15,58,56.229,0,,16,1,0,239,1989-07-01,,2023,,,34,,1622.6,1678.829,5.281,306.298,0.4663413888888889,656.8106698180696
abu dhabi,12,31,Esteban Ocon,Alpine Renault,12,58,66.373,0,,16,1,0,133,1996-09-17,,2023,,,27,,1622.6,1688.973,5.281,306.298,0.4691591666666666,652.8658539834563
abu dhabi,13,10,Pierre Gasly,Alpine Renault,10,58,70.36,0,,16,1,0,130,1996-02-07,,2023,,,27,,1622.6,1692.9599999999998,5.281,306.298,0.4702666666666666,651.3283244
abu dhabi,14,23,Alexander Albon,Williams Mercedes,14,58,73.184,0,,16,1,0,81,1996-03-23,,2023,,,27,,1622.6,1695.784,5.281,306.298,0.47105111111111114,650.2436631080373
abu dhabi,15,27,Nico Hulkenberg,Haas Ferrari,8,58,83.696,0,,16,1,0,206,1987-08-19,,2023,,,36,,1622.6,1706.2959999999998,5.281,306.298,0.47397111111111107,646.2376985001431
abu dhabi,16,2,Logan Sargeant,Williams Mercedes,20,58,87.791,0,,16,1,0,22,2000-12-31,,2023,,,23,,1622.6,1710.3909999999998,5.281,306.298,0.4751086111111111,644.6904830532902
abu dhabi,17,24,Guanyu Zhou,Alfa Romeo Ferrari,19,58,89.422,0,,16,1,0,44,1999-05-30,,2023,,,24,,1622.6,1712.022,5.281,306.298,0.47556166666666666,644.0763027577917
abu dhabi,18,55,Carlos Sainz,Ferrari,16,57,DNF,0,,16,0,0,185,1994-09-01,,2023,,,29,,1622.6,,5.281,301.017,,
abu dhabi,19,77,Valtteri Bottas,Alfa Romeo Ferrari,18,57,+1 lap,0,,16,1,0,222,1989-08-28,,2023,,,34,,1622.6,,5.281,301.017,,
abu dhabi,20,20,Kevin Magnussen,Haas Ferrari,17,57,+1 lap,0,,16,1,0,164,1992-10-05,,2023,,,31,,1622.6,,5.281,301.017,,
bahrain,1,1,Max Verstappen,Red Bull Racing Honda RBPT,1,57,31:44.7,26,,15,1,1,209,1997-09-30,,2024,,,,27,1904.7,1904.7,5.412,308.484,0.5290833333333333,583.0537092455504
bahrain,2,11,Sergio Perez,Red Bull Racing Honda RBPT,5,57,22.457,18,,15,1,1,282,1990-01-26,,2024,,,,34,1904.7,1927.157,5.412,308.484,0.5353213888888889,576.2594329367041
bahrain,3,55,Carlos Sainz,Ferrari,4,57,25.11,15,,15,1,1,208,1994-09-01,,2024,,,,30,1904.7,1929.81,5.412,308.484,0.5360583333333333,575.4672221617673
bahrain,4,16,Charles Leclerc,Ferrari,2,57,39.669,12,,15,1,0,149,1997-10-16,,2024,,,,27,1904.7,1944.369,5.412,308.484,0.5401024999999999,571.1582523687633
bahrain,5,63,George Russell,Mercedes,3,57,46.788,10,,15,1,0,128,1998-02-15,,2024,,,,26,1904.7,1951.488,5.412,308.484,0.54208,569.0746753246752
bahrain,6,4,Lando Norris,McLaren Mercedes,7,57,48.458,8,,15,1,0,128,1999-11-13,,2024,,,,25,1904.7,1953.158,5.412,308.484,0.5425438888888888,568.5881019354297
bahrain,7,44,Lewis Hamilton,Mercedes,9,57,50.324,6,,15,1,0,356,1985-01-07,,2024,,,,39,1904.7,1955.024,5.412,308.484,0.5430622222222222,568.0454051
bahrain,8,81,Oscar Piastri,McLaren Mercedes,8,57,56.082,4,,15,1,0,46,2001-04-06,,2024,,,,23,1904.7,1960.782,5.412,308.484,0.5446616666666666,566.3772923
bahrain,9,14,Fernando Alonso,Aston Martin Aramco Mercedes,6,57,74.887,2,,15,1,0,404,1981-07-29,,2024,,,,43,1904.7,1979.587,5.412,308.484,0.5498852777777777,560.9970160442557
bahrain,10,18,Lance Stroll,Aston Martin Aramco Mercedes,12,57,93.216,1,,15,1,0,167,1998-10-29,,2024,,,,26,1904.7,1997.916,5.412,308.484,0.5549766666666667,555.8503961127494
bahrain,11,24,Guanyu Zhou,Kick Sauber Ferrari,17,56,+1 lap,0,,15,1,0,68,1999-05-30,,2024,,,,25,1904.7,,5.412,303.072,,
bahrain,12,20,Kevin Magnussen,Haas Ferrari,15,56,+1 lap,0,,15,1,0,186,1992-10-05,,2024,,,,32,1904.7,,5.412,303.072,,
bahrain,13,3,Daniel Ricciardo,RB Honda RBPT,14,56,+1 lap,0,,15,1,0,257,1989-07-01,,2024,,,,35,1904.7,,5.412,303.072,,
bahrain,14,22,Yuki Tsunoda,RB Honda RBPT,11,56,+1 lap,0,,15,1,0,90,2000-05-11,,2024,,,,24,1904.7,,5.412,303.072,,
bahrain,15,23,Alexander Albon,Williams Mercedes,13,56,+1 lap,0,,15,1,0,105,1996-03-23,,2024,,,,28,1904.7,,5.412,303.072,,
bahrain,16,27,Nico Hulkenberg,Haas Ferrari,10,56,+1 lap,0,,15,1,0,230,1987-08-19,,2024,,,,37,1904.7,,5.412,303.072,,
bahrain,17,31,Esteban Ocon,Alpine Renault,19,56,+1 lap,0,,15,1,0,156,1996-09-17,,2024,,,,28,1904.7,,5.412,303.072,,
bahrain,18,10,Pierre Gasly,Alpine Renault,20,56,+1 lap,0,,15,1,0,154,1996-02-07,,2024,,,,28,1904.7,,5.412,303.072,,
bahrain,19,77,Valtteri Bottas,Kick Sauber Ferrari,16,56,+1 lap,0,,15,1,0,246,1989-08-28,,2024,,,,35,1904.7,,5.412,303.072,,
bahrain,20,2,Logan Sargeant,Williams Mercedes,18,55,+2 laps,0,,15,1,0,36,2000-12-31,,2024,,,,24,1904.7,,5.412,297.65999999999997,,
saudi arabia,1,1,Max Verstappen,Red Bull Racing Honda RBPT,1,50,20:43.3,25,,27,1,1,209,1997-09-30,,2024,,,,27,1243.3,1243.3,6.174,308.70000000000005,0.3453611111111111,893.8470200273467
saudi arabia,2,11,Sergio Perez,Red Bull Racing Honda RBPT,3,50,13.643,18,,27,1,1,282,1990-01-26,,2024,,,,34,1243.3,1256.943,6.174,308.70000000000005,0.34915083333333335,884.1451044319433
saudi arabia,3,16,Charles Leclerc,Ferrari,2,50,18.639,16,,27,1,1,149,1997-10-16,,2024,,,,27,1243.3,1261.939,6.174,308.70000000000005,0.3505386111111111,880.6447855244985
saudi arabia,4,81,Oscar Piastri,McLaren Mercedes,5,50,32.007,12,,27,1,0,46,2001-04-06,,2024,,,,23,1243.3,1275.307,6.174,308.70000000000005,0.35425194444444447,871.4137066604355
saudi arabia,5,14,Fernando Alonso,Aston Martin Aramco Mercedes,4,50,35.759,10,,27,1,0,404,1981-07-29,,2024,,,,43,1243.3,1279.059,6.174,308.70000000000005,0.35529416666666663,868.8574960185576
saudi arabia,6,63,George Russell,Mercedes,7,50,39.936,8,,27,1,0,128,1998-02-15,,2024,,,,26,1243.3,1283.236,6.174,308.70000000000005,0.35645444444444446,866.0293196263198
saudi arabia,7,38,Oliver Bearman,Ferrari,11,50,42.679,6,,27,1,0,3,2005-05-08,,2024,,,,19,1243.3,1285.979,6.174,308.70000000000005,0.3572163888888889,864.1820745
saudi arabia,8,4,Lando Norris,McLaren Mercedes,6,50,45.708,4,,27,1,0,128,1999-11-13,,2024,,,,25,1243.3,1289.008,6.174,308.70000000000005,0.3580577777777778,862.1513598053698
saudi arabia,9,44,Lewis Hamilton,Mercedes,8,50,47.391,2,,27,1,0,356,1985-01-07,,2024,,,,39,1243.3,1290.691,6.174,308.70000000000005,0.35852527777777776,861.0271552215055
saudi arabia,10,27,Nico Hulkenberg,Haas Ferrari,15,50,76.996,1,,27,1,0,230,1987-08-19,,2024,,,,37,1243.3,1320.296,6.174,308.70000000000005,0.3667488888888889,841.7203414991791
saudi arabia,11,23,Alexander Albon,Williams Mercedes,12,50,88.354,0,,27,1,0,105,1996-03-23,,2024,,,,28,1243.3,1331.654,6.174,308.70000000000005,0.36990388888888887,834.5411045211446
saudi arabia,12,20,Kevin Magnussen,Haas Ferrari,13,50,105.737,0,,27,1,0,186,1992-10-05,,2024,,,,32,1243.3,1349.037,6.174,308.70000000000005,0.3747325,823.7876351797617
saudi arabia,13,31,Esteban Ocon,Alpine Renault,17,49,+1 lap,0,,27,1,0,156,1996-09-17,,2024,,,,28,1243.3,,6.174,302.526,,
saudi arabia,14,2,Logan Sargeant,Williams Mercedes,19,49,+1 lap,0,,27,1,0,36,2000-12-31,,2024,,,,24,1243.3,,6.174,302.526,,
saudi arabia,15,22,Yuki Tsunoda,RB Honda RBPT,9,49,+1 lap,0,,27,1,0,90,2000-05-11,,2024,,,,24,1243.3,,6.174,302.526,,
saudi arabia,16,3,Daniel Ricciardo,RB Honda RBPT,14,49,+1 lap,0,,27,1,0,257,1989-07-01,,2024,,,,35,1243.3,,6.174,302.526,,
saudi arabia,17,77,Valtteri Bottas,Kick Sauber Ferrari,16,49,+1 lap,0,,27,1,0,246,1989-08-28,,2024,,,,35,1243.3,,6.174,302.526,,
saudi arabia,18,24,Guanyu Zhou,Kick Sauber Ferrari,20,49,+1 lap,0,,27,1,0,68,1999-05-30,,2024,,,,25,1243.3,,6.174,302.526,,
saudi arabia,NC,18,Lance Stroll,Aston Martin Aramco Mercedes,10,5,DNF,0,,27,0,0,167,1998-10-29,,2024,,,,26,1243.3,,6.174,30.87,,
saudi arabia,NC,10,Pierre Gasly,Alpine Renault,18,1,DNF,0,,27,0,0,154,1996-02-07,,2024,,,,28,1243.3,,6.174,6.174,,
australia,1,55,Carlos Sainz,Ferrari,2,58,20:26.8,25,,14,1,1,208,1994-09-01,,2024,,,,30,1226.8,1226.8,5.278,306.12399999999997,0.3407777777777778,898.3097489403325
australia,2,16,Charles Leclerc,Ferrari,4,58,2.366,19,,14,1,1,149,1997-10-16,,2024,,,,27,1226.8,1229.166,5.278,306.12399999999997,0.341435,896.5806083149062
australia,3,4,Lando Norris,McLaren Mercedes,3,58,5.904,15,,14,1,1,128,1999-11-13,,2024,,,,25,1226.8,1232.704,5.278,306.12399999999997,0.34241777777777777,894.0073204921862
australia,4,81,Oscar Piastri,McLaren Mercedes,5,58,35.77,12,,14,1,0,46,2001-04-06,,2024,,,,23,1226.8,1262.57,5.278,306.12399999999997,0.3507138888888889,872.8596434257109
australia,5,11,Sergio Perez,Red Bull Racing Honda RBPT,6,58,56.309,10,,14,1,0,282,1990-01-26,,2024,,,,34,1226.8,1283.109,5.278,306.12399999999997,0.3564191666666666,858.8875925583875
australia,6,18,Lance Stroll,Aston Martin Aramco Mercedes,9,58,93.222,8,,14,1,0,167,1998-10-29,,2024,,,,26,1226.8,1320.022,5.278,306.12399999999997,0.36667277777777774,834.8697218682719
australia,7,22,Yuki Tsunoda,RB Honda RBPT,8,58,95.601,6,,14,1,0,90,2000-05-11,,2024,,,,24,1226.8,1322.4009999999998,5.278,306.12399999999997,0.36733361111111107,833.3677908592023
australia,8,14,Fernando Alonso,Aston Martin Aramco Mercedes,10,58,100.992,4,,14,1,0,404,1981-07-29,,2024,,,,43,1226.8,1327.792,5.278,306.12399999999997,0.3688311111111111,829.9842143950257
australia,9,27,Nico Hulkenberg,Haas Ferrari,16,58,104.553,2,,14,1,0,230,1987-08-19,,2024,,,,37,1226.8,1331.353,5.278,306.12399999999997,0.3698202777777778,827.7642368327557
australia,10,20,Kevin Magnussen,Haas Ferrari,14,57,+1 lap,1,,14,1,0,186,1992-10-05,,2024,,,,32,1226.8,,5.278,300.846,,
australia,11,23,Alexander Albon,Williams Mercedes,12,57,+1 lap,0,,14,1,0,105,1996-03-23,,2024,,,,28,1226.8,,5.278,300.846,,
australia,12,3,Daniel Ricciardo,RB Honda RBPT,18,57,+1 lap,0,,14,1,0,257,1989-07-01,,2024,,,,35,1226.8,,5.278,300.846,,
australia,13,10,Pierre Gasly,Alpine Renault,17,57,+1 lap,0,,14,1,0,154,1996-02-07,,2024,,,,28,1226.8,,5.278,300.846,,
australia,14,77,Valtteri Bottas,Kick Sauber Ferrari,13,57,+1 lap,0,,14,1,0,246,1989-08-28,,2024,,,,35,1226.8,,5.278,300.846,,
australia,15,24,Guanyu Zhou,Kick Sauber Ferrari,19,57,+1 lap,0,,14,1,0,68,1999-05-30,,2024,,,,25,1226.8,,5.278,300.846,,
australia,16,31,Esteban Ocon,Alpine Renault,15,57,+1 lap,0,,14,1,0,156,1996-09-17,,2024,,,,28,1226.8,,5.278,300.846,,
australia,17,63,George Russell,Mercedes,7,56,DNF,0,,14,0,0,128,1998-02-15,,2024,,,,26,1226.8,,5.278,295.568,,
australia,NC,44,Lewis Hamilton,Mercedes,11,15,DNF,0,,14,0,0,356,1985-01-07,,2024,,,,39,1226.8,,5.278,79.16999999999999,,
australia,NC,1,Max Verstappen,Red Bull Racing Honda RBPT,1,3,DNF,0,,14,0,0,209,1997-09-30,,2024,,,,27,1226.8,,5.278,15.834,,
japan,1,1,Max Verstappen,Red Bull Racing Honda RBPT,1,53,54:23.6,26,,18,1,1,209,1997-09-30,,2024,,,,27,3263.6,3263.6,5.807,307.771,0.9065555555555556,339.4949136
japan,2,11,Sergio Perez,Red Bull Racing Honda RBPT,2,53,12.535,18,,18,1,1,282,1990-01-26,,2024,,,,34,3263.6,3276.135,5.807,307.771,0.9100375,338.1959534634562
japan,3,55,Carlos Sainz,Ferrari,4,53,20.866,15,,18,1,1,208,1994-09-01,,2024,,,,30,3263.6,3284.466,5.807,307.771,0.9123516666666667,337.33812437090234
japan,4,16,Charles Leclerc,Ferrari,8,53,26.522,12,,18,1,0,149,1997-10-16,,2024,,,,27,3263.6,3290.122,5.807,307.771,0.9139227777777778,336.75821139763207
japan,5,4,Lando Norris,McLaren Mercedes,3,53,29.7,10,,18,1,0,128,1999-11-13,,2024,,,,25,3263.6,3293.3,5.807,307.771,0.9148055555555556,336.4332432514499
japan,6,14,Fernando Alonso,Aston Martin Aramco Mercedes,5,53,44.272,8,,18,1,0,404,1981-07-29,,2024,,,,43,3263.6,3307.872,5.807,307.771,0.9188533333333333,334.9511710247555
japan,7,63,George Russell,Mercedes,9,53,45.951,6,,18,1,0,128,1998-02-15,,2024,,,,26,3263.6,3309.551,5.807,307.771,0.9193197222222222,334.78124373970974
japan,8,81,Oscar Piastri,McLaren Mercedes,6,53,47.525,4,,18,1,0,46,2001-04-06,,2024,,,,23,3263.6,3311.125,5.807,307.771,0.9197569444444444,334.6220997395145
japan,9,44,Lewis Hamilton,Mercedes,7,53,48.626,2,,18,1,0,356,1985-01-07,,2024,,,,39,3263.6,3312.226,5.807,307.771,0.9200627777777778,334.5108697292999
japan,10,22,Yuki Tsunoda,RB Honda RBPT,10,52,+1 lap,1,,18,1,0,90,2000-05-11,,2024,,,,24,3263.6,,5.807,301.964,,
japan,11,27,Nico Hulkenberg,Haas Ferrari,12,52,+1 lap,0,,18,1,0,230,1987-08-19,,2024,,,,37,3263.6,,5.807,301.964,,
japan,12,18,Lance Stroll,Aston Martin Aramco Mercedes,16,52,+1 lap,0,,18,1,0,167,1998-10-29,,2024,,,,26,3263.6,,5.807,301.964,,
japan,13,20,Kevin Magnussen,Haas Ferrari,18,52,+1 lap,0,,18,1,0,186,1992-10-05,,2024,,,,32,3263.6,,5.807,301.964,,
japan,14,77,Valtteri Bottas,Kick Sauber Ferrari,13,52,+1 lap,0,,18,1,0,246,1989-08-28,,2024,,,,35,3263.6,,5.807,301.964,,
japan,15,31,Esteban Ocon,Alpine Renault,15,52,+1 lap,0,,18,1,0,156,1996-09-17,,2024,,,,28,3263.6,,5.807,301.964,,
japan,16,10,Pierre Gasly,Alpine Renault,17,52,+1 lap,0,,18,1,0,154,1996-02-07,,2024,,,,28,3263.6,,5.807,301.964,,
japan,17,2,Logan Sargeant,Williams Mercedes,19,52,+1 lap,0,,18,1,0,36,2000-12-31,,2024,,,,24,3263.6,,5.807,301.964,,
japan,NC,24,Guanyu Zhou,Kick Sauber Ferrari,20,12,DNF,0,,18,0,0,68,1999-05-30,,2024,,,,25,3263.6,,5.807,69.684,,
japan,NC,3,Daniel Ricciardo,RB Honda RBPT,11,0,DNF,0,,18,0,0,257,1989-07-01,,2024,,,,35,3263.6,,5.807,0,,
japan,NC,23,Alexander Albon,Williams Mercedes,14,0,DNF,0,,18,0,0,105,1996-03-23,,2024,,,,28,3263.6,,5.807,0,,
china,1,1,Max Verstappen,Red Bull Racing Honda RBPT,1,56,40:52.6,25,,16,1,1,209,1997-09-30,,2024,,,,27,2452.6,2452.6,5.451,305.256,0.6812777777777778,448.06393215363283
china,2,4,Lando Norris,McLaren Mercedes,4,56,13.773,18,,16,1,1,128,1999-11-13,,2024,,,,25,2452.6,2466.373,5.451,305.256,0.6851036111111112,445.5618026956992
china,3,11,Sergio Perez,Red Bull Racing Honda RBPT,2,56,19.16,15,,16,1,1,282,1990-01-26,,2024,,,,34,2452.6,2471.76,5.451,305.256,0.6866000000000001,444.5907369647538
china,4,16,Charles Leclerc,Ferrari,6,56,23.623,12,,16,1,0,149,1997-10-16,,2024,,,,27,2452.6,2476.223,5.451,305.256,0.6878397222222222,443.7894325349534
china,5,55,Carlos Sainz,Ferrari,7,56,33.983,10,,16,1,0,208,1994-09-01,,2024,,,,30,2452.6,2486.583,5.451,305.256,0.6907175,441.94044598551505
china,6,63,George Russell,Mercedes,8,56,38.724,8,,16,1,0,128,1998-02-15,,2024,,,,26,2452.6,2491.324,5.451,305.256,0.6920344444444445,441.09943146696287
china,7,14,Fernando Alonso,Aston Martin Aramco Mercedes,3,56,43.414,7,,16,1,0,404,1981-07-29,,2024,,,,43,2452.6,2496.014,5.451,305.256,0.6933372222222223,440.27060745652864
china,8,81,Oscar Piastri,McLaren Mercedes,5,56,56.198,4,,16,1,0,46,2001-04-06,,2024,,,,23,2452.6,2508.798,5.451,305.256,0.6968883333333332,438.0271349068359
china,9,44,Lewis Hamilton,Mercedes,18,56,57.986,2,,16,1,0,356,1985-01-07,,2024,,,,39,2452.6,2510.586,5.451,305.256,0.6973849999999999,437.7151788466916
china,10,27,Nico Hulkenberg,Haas Ferrari,9,56,60.476,1,,16,1,0,230,1987-08-19,,2024,,,,37,2452.6,2513.076,5.451,305.256,0.6980766666666667,437.28148293167413
china,11,31,Esteban Ocon,Alpine Renault,13,56,62.812,0,,16,1,0,156,1996-09-17,,2024,,,,28,2452.6,2515.412,5.451,305.256,0.6987255555555555,436.87539059207796
china,12,23,Alexander Albon,Williams Mercedes,14,56,65.506,0,,16,1,0,105,1996-03-23,,2024,,,,28,2452.6,2518.106,5.451,305.256,0.699473889,436.4079987101416
china,13,10,Pierre Gasly,Alpine Renault,15,56,69.223,0,,16,1,0,154,1996-02-07,,2024,,,,28,2452.6,2521.823,5.451,305.256,0.7005063888888888,435.7647622374766
china,14,24,Guanyu Zhou,Kick Sauber Ferrari,16,56,71.689,0,,16,1,0,68,1999-05-30,,2024,,,,25,2452.6,2524.289,5.451,305.256,0.701191389,435.3390598303125
china,15,18,Lance Stroll,Aston Martin Aramco Mercedes,11,56,82.786,0,,16,1,0,167,1998-10-29,,2024,,,,26,2452.6,2535.386,5.451,305.256,0.7042738888888889,433.43364678987734
china,16,20,Kevin Magnussen,Haas Ferrari,17,56,87.533,0,,16,1,0,186,1992-10-05,,2024,,,,32,2452.6,2540.133,5.451,305.256,0.7055925,432.6236460846735
china,17,2,Logan Sargeant,Williams Mercedes,20,56,95.11,0,,16,1,0,36,2000-12-31,,2024,,,,24,2452.6,2547.71,5.451,305.256,0.7076972222222222,431.3370046041347
china,NC,3,Daniel Ricciardo,RB Honda RBPT,12,33,DNF,0,,16,0,0,257,1989-07-01,,2024,,,,35,2452.6,,5.451,179.88299999999998,,
china,NC,22,Yuki Tsunoda,RB Honda RBPT,19,26,DNF,0,,16,0,0,90,2000-05-11,,2024,,,,24,2452.6,,5.451,141.726,,
china,NC,77,Valtteri Bottas,Kick Sauber Ferrari,10,19,DNF,0,,16,0,0,246,1989-08-28,,2024,,,,35,2452.6,,5.451,103.56899999999999,,
miami,1,4,Lando Norris,McLaren Mercedes,5,57,30:49.9,25,,19,1,1,128,1999-11-13,,2024,,,,25,1849.9,1849.9,5.412,308.484,0.5138611111111111,600.3256392237417
miami,2,1,Max Verstappen,Red Bull Racing Honda RBPT,1,57,7.612,18,,19,1,1,209,1997-09-30,,2024,,,,27,1849.9,1857.512,5.412,308.484,0.5159755555555555,597.8655319588784
miami,3,16,Charles Leclerc,Ferrari,2,57,9.92,15,,19,1,1,149,1997-10-16,,2024,,,,27,1849.9,1859.82,5.412,308.484,0.5166166666666666,597.1235926
miami,4,11,Sergio Perez,Red Bull Racing Honda RBPT,4,57,14.65,12,,19,1,0,282,1990-01-26,,2024,,,,34,1849.9,1864.55,5.412,308.484,0.5179305555555556,595.6088064144163
miami,5,55,Carlos Sainz,Ferrari,3,57,16.407,10,,19,1,0,208,1994-09-01,,2024,,,,30,1849.9,1866.307,5.412,308.484,0.5184186111111111,595.0480815857198
miami,6,44,Lewis Hamilton,Mercedes,8,57,16.585,8,,19,1,0,356,1985-01-07,,2024,,,,39,1849.9,1866.485,5.412,308.484,0.5184680555555555,594.9913339780389
miami,7,22,Yuki Tsunoda,RB Honda RBPT,10,57,26.185,6,,19,1,0,90,2000-05-11,,2024,,,,24,1849.9,1876.085,5.412,308.484,0.5211347222222222,591.9467401530314
miami,8,63,George Russell,Mercedes,7,57,34.789,4,,19,1,0,128,1998-02-15,,2024,,,,26,1849.9,1884.689,5.412,308.484,0.5235247222222222,589.2443793113877
miami,9,14,Fernando Alonso,Aston Martin Aramco Mercedes,15,57,37.107,2,,19,1,0,404,1981-07-29,,2024,,,,43,1849.9,1887.007,5.412,308.484,0.5241686111111111,588.5205513281085
miami,10,31,Esteban Ocon,Alpine Renault,13,57,39.746,1,,19,1,0,156,1996-09-17,,2024,,,,28,1849.9,1889.646,5.412,308.484,0.5249016666666666,587.6986483182565
miami,11,27,Nico Hulkenberg,Haas Ferrari,9,57,40.789,0,,19,1,0,230,1987-08-19,,2024,,,,37,1849.9,1890.689,5.412,308.484,0.5251913888888889,587.3744439196504
miami,12,10,Pierre Gasly,Alpine Renault,12,57,44.958,0,,19,1,0,154,1996-02-07,,2024,,,,28,1849.9,1894.858,5.412,308.484,0.5263494444444444,586.0821233042265
miami,13,81,Oscar Piastri,McLaren Mercedes,6,57,49.756,0,,19,1,0,46,2001-04-06,,2024,,,,23,1849.9,1899.656,5.412,308.484,0.5276822222222222,584.6018437022282
miami,14,24,Guanyu Zhou,Kick Sauber Ferrari,19,57,49.979,0,,19,1,0,68,1999-05-30,,2024,,,,25,1849.9,1899.879,5.412,308.484,0.5277441666666667,584.5332255369947
miami,15,3,Daniel Ricciardo,RB Honda RBPT,20,57,50.956,0,,19,1,0,257,1989-07-01,,2024,,,,35,1849.9,1900.856,5.412,308.484,0.5280155555555556,584.2327877545695
miami,16,77,Valtteri Bottas,Kick Sauber Ferrari,16,57,52.356,0,,19,1,0,246,1989-08-28,,2024,,,,35,1849.9,1902.256,5.412,308.484,0.5284044444444445,583.8028109781228
miami,17,18,Lance Stroll,Aston Martin Aramco Mercedes,11,57,55.173,0,,19,1,0,167,1998-10-29,,2024,,,,26,1849.9,1905.073,5.412,308.484,0.5291869444444445,582.9395513977679
miami,18,23,Alexander Albon,Williams Mercedes,14,57,76.091,0,,19,1,0,105,1996-03-23,,2024,,,,28,1849.9,1925.991,5.412,308.484,0.5349975,576.6083019079528
miami,19,20,Kevin Magnussen,Haas Ferrari,18,57,84.683,0,,19,1,0,186,1992-10-05,,2024,,,,32,1849.9,1934.583,5.412,308.484,0.5373841666666667,574.0474303764687
miami,NC,2,Logan Sargeant,Williams Mercedes,17,27,DNF,0,,19,0,0,36,2000-12-31,,2024,,,,24,1849.9,,5.412,146.124,,
emilia romagna,1,1,Max Verstappen,Red Bull Racing Honda RBPT,1,63,25:25.3,25,,19,1,1,209,1997-09-30,,2024,,,,27,1525.3,1525.3,4.909,309.267,0.42369444444444443,729.9293253786141
emilia romagna,2,4,Lando Norris,McLaren Mercedes,2,63,0.725,18,,19,1,1,128,1999-11-13,,2024,,,,25,1525.3,1526.025,4.909,309.267,0.42389583333333336,729.5825428810143
emilia romagna,3,16,Charles Leclerc,Ferrari,3,63,7.916,15,,19,1,1,149,1997-10-16,,2024,,,,27,1525.3,1533.216,4.909,309.267,0.4258933333333333,726.1606975142446
emilia romagna,4,81,Oscar Piastri,McLaren Mercedes,5,63,14.132,12,,19,1,0,46,2001-04-06,,2024,,,,23,1525.3,1539.432,4.909,309.267,0.42762,723.2285674196717
emilia romagna,5,55,Carlos Sainz,Ferrari,4,63,22.325,10,,19,1,0,208,1994-09-01,,2024,,,,30,1525.3,1547.625,4.909,309.267,0.4298958333333333,719.3998546159438
emilia romagna,6,44,Lewis Hamilton,Mercedes,8,63,35.104,8,,19,1,0,356,1985-01-07,,2024,,,,39,1525.3,1560.404,4.909,309.267,0.43344555555555553,713.5082966
emilia romagna,7,63,George Russell,Mercedes,6,63,47.154,7,,19,1,0,128,1998-02-15,,2024,,,,26,1525.3,1572.454,4.909,309.267,0.43679277777777775,708.0405531735746
emilia romagna,8,11,Sergio Perez,Red Bull Racing Honda RBPT,11,63,54.776,4,,19,1,0,282,1990-01-26,,2024,,,,34,1525.3,1580.076,4.909,309.267,0.43891,704.625094
emilia romagna,9,18,Lance Stroll,Aston Martin Aramco Mercedes,13,63,79.556,2,,19,1,0,167,1998-10-29,,2024,,,,26,1525.3,1604.856,4.909,309.267,0.4457933333333333,693.7452332171858
emilia romagna,10,22,Yuki Tsunoda,RB Honda RBPT,7,62,+1 lap,1,,19,1,0,90,2000-05-11,,2024,,,,24,1525.3,,4.909,304.358,,
emilia romagna,11,27,Nico Hulkenberg,Haas Ferrari,10,62,+1 lap,0,,19,1,0,230,1987-08-19,,2024,,,,37,1525.3,,4.909,304.358,,
emilia romagna,12,20,Kevin Magnussen,Haas Ferrari,18,62,+1 lap,0,,19,1,0,186,1992-10-05,,2024,,,,32,1525.3,,4.909,304.358,,
emilia romagna,13,3,Daniel Ricciardo,RB Honda RBPT,9,62,+1 lap,0,,19,1,0,257,1989-07-01,,2024,,,,35,1525.3,,4.909,304.358,,
emilia romagna,14,31,Esteban Ocon,Alpine Renault,12,62,+1 lap,0,,19,1,0,156,1996-09-17,,2024,,,,28,1525.3,,4.909,304.358,,
emilia romagna,15,24,Guanyu Zhou,Kick Sauber Ferrari,17,62,+1 lap,0,,19,1,0,68,1999-05-30,,2024,,,,25,1525.3,,4.909,304.358,,
emilia romagna,16,10,Pierre Gasly,Alpine Renault,15,62,+1 lap,0,,19,1,0,154,1996-02-07,,2024,,,,28,1525.3,,4.909,304.358,,
emilia romagna,17,2,Logan Sargeant,Williams Mercedes,19,62,+1 lap,0,,19,1,0,36,2000-12-31,,2024,,,,24,1525.3,,4.909,304.358,,
emilia romagna,18,77,Valtteri Bottas,Kick Sauber Ferrari,16,62,+1 lap,0,,19,1,0,246,1989-08-28,,2024,,,,35,1525.3,,4.909,304.358,,
emilia romagna,19,14,Fernando Alonso,Aston Martin Aramco Mercedes,20,62,+1 lap,0,,19,1,0,404,1981-07-29,,2024,,,,43,1525.3,,4.909,304.358,,
emilia romagna,NC,23,Alexander Albon,Williams Mercedes,14,51,DNF,0,,19,0,0,105,1996-03-23,,2024,,,,28,1525.3,,4.909,250.35899999999998,,
monaco,1,16,Charles Leclerc,Ferrari,1,78,23:15.6,25,,19,1,1,149,1997-10-16,,2024,,,,27,1395.6,1395.6,3.337,260.286,0.38766666666666666,671.4170249355117
monaco,2,81,Oscar Piastri,McLaren Mercedes,2,78,7.152,18,,19,1,1,46,2001-04-06,,2024,,,,23,1395.6,1402.752,3.337,260.286,0.3896533333333333,667.9937722419929
monaco,3,55,Carlos Sainz,Ferrari,3,78,7.585,15,,19,1,1,208,1994-09-01,,2024,,,,30,1395.6,1403.185,3.337,260.286,0.3897736111111111,667.7876402612628
monaco,4,4,Lando Norris,McLaren Mercedes,4,78,8.65,12,,19,1,0,128,1999-11-13,,2024,,,,25,1395.6,1404.25,3.337,260.286,0.39006944444444447,667.2811821256898
monaco,5,63,George Russell,Mercedes,5,78,13.309,10,,19,1,0,128,1998-02-15,,2024,,,,26,1395.6,1408.909,3.337,260.286,0.3913636111111111,665.0746073735068
monaco,6,1,Max Verstappen,Red Bull Racing Honda RBPT,6,78,13.853,8,,19,1,0,209,1997-09-30,,2024,,,,27,1395.6,1409.453,3.337,260.286,0.3915147222222222,664.8179116295471
monaco,7,44,Lewis Hamilton,Mercedes,7,78,14.908,7,,19,1,0,356,1985-01-07,,2024,,,,39,1395.6,1410.5079999999998,3.337,260.286,0.3918077777777777,664.3206561040421
monaco,8,22,Yuki Tsunoda,RB Honda RBPT,8,77,+1 lap,4,,19,1,0,90,2000-05-11,,2024,,,,24,1395.6,,3.337,256.949,,
monaco,9,23,Alexander Albon,Williams Mercedes,9,77,+1 lap,2,,19,1,0,105,1996-03-23,,2024,,,,28,1395.6,,3.337,256.949,,
monaco,10,10,Pierre Gasly,Alpine Renault,10,77,+1 lap,1,,19,1,0,154,1996-02-07,,2024,,,,28,1395.6,,3.337,256.949,,
monaco,11,14,Fernando Alonso,Aston Martin Aramco Mercedes,14,76,+2 laps,0,,19,1,0,404,1981-07-29,,2024,,,,43,1395.6,,3.337,253.61200000000002,,
monaco,12,3,Daniel Ricciardo,RB Honda RBPT,12,76,+2 laps,0,,19,1,0,257,1989-07-01,,2024,,,,35,1395.6,,3.337,253.61200000000002,,
monaco,13,77,Valtteri Bottas,Kick Sauber Ferrari,17,76,+2 laps,0,,19,1,0,246,1989-08-28,,2024,,,,35,1395.6,,3.337,253.61200000000002,,
monaco,14,18,Lance Stroll,Aston Martin Aramco Mercedes,13,76,+2 laps,0,,19,1,0,167,1998-10-29,,2024,,,,26,1395.6,,3.337,253.61200000000002,,
monaco,15,2,Logan Sargeant,Williams Mercedes,15,76,+2 laps,0,,19,1,0,36,2000-12-31,,2024,,,,24,1395.6,,3.337,253.61200000000002,,
monaco,16,24,Guanyu Zhou,Kick Sauber Ferrari,18,76,+2 laps,0,,19,1,0,68,1999-05-30,,2024,,,,25,1395.6,,3.337,253.61200000000002,,
monaco,NC,31,Esteban Ocon,Alpine Renault,11,0,DNF,0,,19,0,0,156,1996-09-17,,2024,,,,28,1395.6,,3.337,0,,
monaco,NC,11,Sergio Perez,Red Bull Racing Honda RBPT,16,0,DNF,0,,19,0,0,282,1990-01-26,,2024,,,,34,1395.6,,3.337,0,,
monaco,NC,27,Nico Hulkenberg,Haas Ferrari,19,0,DNF,0,,19,0,0,230,1987-08-19,,2024,,,,37,1395.6,,3.337,0,,
monaco,NC,20,Kevin Magnussen,Haas Ferrari,20,0,DNF,0,,19,0,0,186,1992-10-05,,2024,,,,32,1395.6,,3.337,0,,
canada,1,1,Max Verstappen,Red Bull Racing Honda RBPT,2,70,45:47.9,25,,14,1,1,209,1997-09-30,,2024,,,,27,2747.9,2747.9,4.361,305.27,0.7633055555555556,399.9315841187816
canada,2,4,Lando Norris,McLaren Mercedes,3,70,3.879,18,,14,1,1,128,1999-11-13,,2024,,,,25,2747.9,2751.779,4.361,305.27,0.7643830555555555,399.36782714018824
canada,3,63,George Russell,Mercedes,1,70,4.317,15,,14,1,1,128,1998-02-15,,2024,,,,26,2747.9,2752.217,4.361,305.27,0.7645047222222222,399.30426997580497
canada,4,44,Lewis Hamilton,Mercedes,7,70,4.915,13,,14,1,0,356,1985-01-07,,2024,,,,39,2747.9,2752.815,4.361,305.27,0.7646708333333333,399.21752823927505
canada,5,81,Oscar Piastri,McLaren Mercedes,4,70,10.199,10,,14,1,0,46,2001-04-06,,2024,,,,23,2747.9,2758.099,4.361,305.27,0.7661386111111111,398.4527023866801
canada,6,14,Fernando Alonso,Aston Martin Aramco Mercedes,6,70,17.51,8,,14,1,0,404,1981-07-29,,2024,,,,43,2747.9,2765.4100000000003,4.361,305.27,0.7681694444444446,397.39930064619705
canada,7,18,Lance Stroll,Aston Martin Aramco Mercedes,9,70,23.625,6,,14,1,0,167,1998-10-29,,2024,,,,26,2747.9,2771.525,4.361,305.27,0.7698680555555556,396.5224921297841
canada,8,3,Daniel Ricciardo,RB Honda RBPT,5,70,28.672,4,,14,1,0,257,1989-07-01,,2024,,,,35,2747.9,2776.572,4.361,305.27,0.77127,395.80172961479116
canada,9,10,Pierre Gasly,Alpine Renault,15,70,30.021,2,,14,1,0,154,1996-02-07,,2024,,,,28,2747.9,2777.9210000000003,4.361,305.27,0.7716447222222222,395.60952237302644
canada,10,31,Esteban Ocon,Alpine Renault,18,70,30.313,1,,14,1,0,156,1996-09-17,,2024,,,,28,2747.9,2778.213,4.361,305.27,0.7717258333333333,395.5679424147824
canada,11,27,Nico Hulkenberg,Haas Ferrari,17,70,30.824,0,,14,1,0,230,1987-08-19,,2024,,,,37,2747.9,2778.724,4.361,305.27,0.7718677777777778,395.4951985155776
canada,12,20,Kevin Magnussen,Haas Ferrari,14,70,31.253,0,,14,1,0,186,1992-10-05,,2024,,,,32,2747.9,2779.153,4.361,305.27,0.7719869444444444,395.43414846177956
canada,13,77,Valtteri Bottas,Kick Sauber Ferrari,19,70,40.487,0,,14,1,0,246,1989-08-28,,2024,,,,35,2747.9,2788.387,4.361,305.27,0.7745519444444445,394.1246319108502
canada,14,22,Yuki Tsunoda,RB Honda RBPT,8,70,52.694,0,,14,1,0,90,2000-05-11,,2024,,,,24,2747.9,2800.594,4.361,305.27,0.7779427777777778,392.40675371010576
canada,15,24,Guanyu Zhou,Kick Sauber Ferrari,20,69,+1 lap,0,,14,1,0,68,1999-05-30,,2024,,,,25,2747.9,,4.361,300.909,,
canada,NC,55,Carlos Sainz,Ferrari,12,52,DNF,0,,14,0,0,208,1994-09-01,,2024,,,,30,2747.9,,4.361,226.772,,
canada,NC,23,Alexander Albon,Williams Mercedes,10,52,DNF,0,,14,0,0,105,1996-03-23,,2024,,,,28,2747.9,,4.361,226.772,,
canada,NC,11,Sergio Perez,Red Bull Racing Honda RBPT,16,51,DNF,0,,14,0,0,282,1990-01-26,,2024,,,,34,2747.9,,4.361,222.411,,
canada,NC,16,Charles Leclerc,Ferrari,11,40,DNF,0,,14,0,0,149,1997-10-16,,2024,,,,27,2747.9,,4.361,174.44,,
canada,NC,2,Logan Sargeant,Williams Mercedes,13,23,DNF,0,,14,0,0,36,2000-12-31,,2024,,,,24,2747.9,,4.361,100.303,,
spain,1,1,Max Verstappen,Red Bull Racing Honda RBPT,2,66,28:20.2,25,,14,1,1,209,1997-09-30,,2024,,,,27,1700.2,1700.2,4.675,308.55,0.4722777777777778,653.3231384542995
spain,2,4,Lando Norris,McLaren Mercedes,1,66,2.219,19,,14,1,1,128,1999-11-13,,2024,,,,25,1700.2,1702.419,4.675,308.55,0.47289416666666667,652.4715713346715
spain,3,44,Lewis Hamilton,Mercedes,3,66,17.79,15,,14,1,1,356,1985-01-07,,2024,,,,39,1700.2,1717.99,4.675,308.55,0.4772194444444445,646.5578961460777
spain,4,63,George Russell,Mercedes,4,66,22.32,12,,14,1,0,128,1998-02-15,,2024,,,,26,1700.2,1722.52,4.675,308.55,0.4784777777777778,644.8575343101967
spain,5,16,Charles Leclerc,Ferrari,5,66,22.709,10,,14,1,0,149,1997-10-16,,2024,,,,27,1700.2,1722.909,4.675,308.55,0.4785858333333334,644.7119377750072
spain,6,55,Carlos Sainz,Ferrari,6,66,31.028,8,,14,1,0,208,1994-09-01,,2024,,,,30,1700.2,1731.228,4.675,308.55,0.4808966666666667,641.6139295344115
spain,7,81,Oscar Piastri,McLaren Mercedes,9,66,33.76,6,,14,1,0,46,2001-04-06,,2024,,,,23,1700.2,1733.96,4.675,308.55,0.48165555555555556,640.6030127569263
spain,8,11,Sergio Perez,Red Bull Racing Honda RBPT,11,66,59.524,4,,14,1,0,282,1990-01-26,,2024,,,,34,1700.2,1759.7240000000002,4.675,308.55,0.48881222222222226,631.2239873980237
spain,9,10,Pierre Gasly,Alpine Renault,7,66,62.025,2,,14,1,0,154,1996-02-07,,2024,,,,28,1700.2,1762.225,4.675,308.55,0.4895069444444444,630.3281363049555
spain,10,31,Esteban Ocon,Alpine Renault,8,66,71.889,1,,14,1,0,156,1996-09-17,,2024,,,,28,1700.2,1772.089,4.675,308.55,0.49224694444444445,626.8195333304366
spain,11,27,Nico Hulkenberg,Haas Ferrari,13,66,79.215,0,,14,1,0,230,1987-08-19,,2024,,,,37,1700.2,1779.415,4.675,308.55,0.49428194444444445,624.2388650202454
spain,12,14,Fernando Alonso,Aston Martin Aramco Mercedes,10,65,+1 lap,0,,14,1,0,404,1981-07-29,,2024,,,,43,1700.2,,4.675,303.875,,
spain,13,24,Guanyu Zhou,Kick Sauber Ferrari,15,65,+1 lap,0,,14,1,0,68,1999-05-30,,2024,,,,25,1700.2,,4.675,303.875,,
spain,14,18,Lance Stroll,Aston Martin Aramco Mercedes,14,65,+1 lap,0,,14,1,0,167,1998-10-29,,2024,,,,26,1700.2,,4.675,303.875,,
spain,15,3,Daniel Ricciardo,RB Honda RBPT,18,65,+1 lap,0,,14,1,0,257,1989-07-01,,2024,,,,35,1700.2,,4.675,303.875,,
spain,16,77,Valtteri Bottas,Kick Sauber Ferrari,12,65,+1 lap,0,,14,1,0,246,1989-08-28,,2024,,,,35,1700.2,,4.675,303.875,,
spain,17,20,Kevin Magnussen,Haas Ferrari,16,65,+1 lap,0,,14,1,0,186,1992-10-05,,2024,,,,32,1700.2,,4.675,303.875,,
spain,18,23,Alexander Albon,Williams Mercedes,20,65,+1 lap,0,,14,1,0,105,1996-03-23,,2024,,,,28,1700.2,,4.675,303.875,,
spain,19,22,Yuki Tsunoda,RB Honda RBPT,17,65,+1 lap,0,,14,1,0,90,2000-05-11,,2024,,,,24,1700.2,,4.675,303.875,,
spain,20,2,Logan Sargeant,Williams Mercedes,19,64,+2 laps,0,,14,1,0,36,2000-12-31,,2024,,,,24,1700.2,,4.675,299.2,,
austria,1,63,George Russell,Mercedes,3,71,24:22.8,25,,10,1,1,128,1998-02-15,,2024,,,,26,1462.8,1462.8,4.318,306.578,0.4063333333333333,754.4987694831829
austria,2,81,Oscar Piastri,McLaren Mercedes,7,71,1.906,18,,10,1,1,46,2001-04-06,,2024,,,,23,1462.8,1464.706,4.318,306.578,0.40686277777777774,753.5169515247428
austria,3,55,Carlos Sainz,Ferrari,4,71,4.533,15,,10,1,1,208,1994-09-01,,2024,,,,30,1462.8,1467.333,4.318,306.578,0.4075925,752.1679128050687
austria,4,44,Lewis Hamilton,Mercedes,5,71,23.142,12,,10,1,0,356,1985-01-07,,2024,,,,39,1462.8,1485.942,4.318,306.578,0.4127616666666667,742.7482364722175
austria,5,1,Max Verstappen,Red Bull Racing Honda RBPT,1,71,37.253,10,,10,1,0,209,1997-09-30,,2024,,,,27,1462.8,1500.053,4.318,306.578,0.4166813888888889,735.7612031
austria,6,27,Nico Hulkenberg,Haas Ferrari,9,71,54.088,8,,10,1,0,230,1987-08-19,,2024,,,,37,1462.8,1516.888,4.318,306.578,0.4213577777777778,727.5954454119222
austria,7,11,Sergio Perez,Red Bull Racing Honda RBPT,8,71,54.672,6,,10,1,0,282,1990-01-26,,2024,,,,34,1462.8,1517.472,4.318,306.578,0.42152,727.3154299
austria,8,20,Kevin Magnussen,Haas Ferrari,12,71,60.355,4,,10,1,0,186,1992-10-05,,2024,,,,32,1462.8,1523.155,4.318,306.578,0.4230986111111111,724.6017641014868
austria,9,3,Daniel Ricciardo,RB Honda RBPT,11,71,61.169,2,,10,1,0,257,1989-07-01,,2024,,,,35,1462.8,1523.969,4.318,306.578,0.4233247222222222,724.2147314020166
austria,10,10,Pierre Gasly,Alpine Renault,13,71,61.766,1,,10,1,0,154,1996-02-07,,2024,,,,28,1462.8,1524.566,4.318,306.578,0.42349055555555554,723.9311384354629
austria,11,16,Charles Leclerc,Ferrari,6,71,67.056,0,,10,1,0,149,1997-10-16,,2024,,,,27,1462.8,1529.856,4.318,306.578,0.42496,721.4278990963854
austria,12,31,Esteban Ocon,Alpine Renault,10,71,68.325,0,,10,1,0,156,1996-09-17,,2024,,,,28,1462.8,1531.125,4.318,306.578,0.4253125,720.8299779573842
austria,13,18,Lance Stroll,Aston Martin Aramco Mercedes,17,70,+1 lap,0,,10,1,0,167,1998-10-29,,2024,,,,26,1462.8,,4.318,302.26,,
austria,14,22,Yuki Tsunoda,RB Honda RBPT,14,70,+1 lap,0,,10,1,0,90,2000-05-11,,2024,,,,24,1462.8,,4.318,302.26,,
austria,15,23,Alexander Albon,Williams Mercedes,16,70,+1 lap,0,,10,1,0,105,1996-03-23,,2024,,,,28,1462.8,,4.318,302.26,,
austria,16,77,Valtteri Bottas,Kick Sauber Ferrari,18,70,+1 lap,0,,10,1,0,246,1989-08-28,,2024,,,,35,1462.8,,4.318,302.26,,
austria,17,24,Guanyu Zhou,Kick Sauber Ferrari,20,70,+1 lap,0,,10,1,0,68,1999-05-30,,2024,,,,25,1462.8,,4.318,302.26,,
austria,18,14,Fernando Alonso,Aston Martin Aramco Mercedes,15,70,+1 lap,0,,10,1,0,404,1981-07-29,,2024,,,,43,1462.8,,4.318,302.26,,
austria,19,2,Logan Sargeant,Williams Mercedes,19,69,+2 laps,0,,10,1,0,36,2000-12-31,,2024,,,,24,1462.8,,4.318,297.94199999999995,,
austria,20,4,Lando Norris,McLaren Mercedes,2,64,+7 laps,0,,10,1,0,128,1999-11-13,,2024,,,,25,1462.8,,4.318,276.352,,
great britain,1,44,Lewis Hamilton,Mercedes,2,52,22:27.1,25,,18,1,1,356,1985-01-07,,2024,,,,39,1347.1,1347.1,5.891,306.332,0.37419444444444444,818.6439017147948
great britain,2,1,Max Verstappen,Red Bull Racing Honda RBPT,4,52,1.465,18,,18,1,1,209,1997-09-30,,2024,,,,27,1347.1,1348.5649999999998,5.891,306.332,0.37460138888888883,817.7545761605857
great britain,3,4,Lando Norris,McLaren Mercedes,3,52,7.547,15,,18,1,1,128,1999-11-13,,2024,,,,25,1347.1,1354.647,5.891,306.332,0.3762908333333333,814.0830784698893
great britain,4,81,Oscar Piastri,McLaren Mercedes,5,52,12.429,12,,18,1,0,46,2001-04-06,,2024,,,,23,1347.1,1359.529,5.891,306.332,0.37764694444444447,811.1597472359912
great britain,5,55,Carlos Sainz,Ferrari,7,52,47.318,11,,18,1,0,208,1994-09-01,,2024,,,,30,1347.1,1394.418,5.891,306.332,0.3873383333333333,790.8641454714441
great britain,6,27,Nico Hulkenberg,Haas Ferrari,6,52,55.722,8,,18,1,0,230,1987-08-19,,2024,,,,37,1347.1,1402.822,5.891,306.332,0.38967277777777776,786.1262512278821
great britain,7,18,Lance Stroll,Aston Martin Aramco Mercedes,8,52,56.569,6,,18,1,0,167,1998-10-29,,2024,,,,26,1347.1,1403.669,5.891,306.332,0.3899080555555556,785.6518880163343
great britain,8,14,Fernando Alonso,Aston Martin Aramco Mercedes,10,52,63.577,4,,18,1,0,404,1981-07-29,,2024,,,,43,1347.1,1410.677,5.891,306.332,0.3918547222222222,781.7489049583995
great britain,9,23,Alexander Albon,Williams Mercedes,9,52,68.387,2,,18,1,0,105,1996-03-23,,2024,,,,28,1347.1,1415.487,5.891,306.332,0.3931908333333334,779.0924254337905
great britain,10,22,Yuki Tsunoda,RB Honda RBPT,13,52,79.303,1,,18,1,0,90,2000-05-11,,2024,,,,24,1347.1,1426.4029999999998,5.891,306.332,0.3962230555555555,773.1301742915573
great britain,11,2,Logan Sargeant,Williams Mercedes,12,52,88.96,0,,18,1,0,36,2000-12-31,,2024,,,,24,1347.1,1436.06,5.891,306.332,0.3989055555555555,767.9311449382338
great britain,12,20,Kevin Magnussen,Haas Ferrari,17,52,90.153,0,,18,1,0,186,1992-10-05,,2024,,,,32,1347.1,1437.253,5.891,306.332,0.3992369444444444,767.2937193382098
great britain,13,3,Daniel Ricciardo,RB Honda RBPT,15,51,+1 lap,0,,18,1,0,257,1989-07-01,,2024,,,,35,1347.1,,5.891,300.441,,
great britain,14,16,Charles Leclerc,Ferrari,11,51,+1 lap,0,,18,1,0,149,1997-10-16,,2024,,,,27,1347.1,,5.891,300.441,,
great britain,15,77,Valtteri Bottas,Kick Sauber Ferrari,16,51,+1 lap,0,,18,1,0,246,1989-08-28,,2024,,,,35,1347.1,,5.891,300.441,,
great britain,16,31,Esteban Ocon,Alpine Renault,18,50,+2 laps,0,,18,1,0,156,1996-09-17,,2024,,,,28,1347.1,,5.891,294.55,,
great britain,17,11,Sergio Perez,Red Bull Racing Honda RBPT,20,50,+2 laps,0,,18,1,0,282,1990-01-26,,2024,,,,34,1347.1,,5.891,294.55,,
great britain,18,24,Guanyu Zhou,Kick Sauber Ferrari,14,50,+2 laps,0,,18,1,0,68,1999-05-30,,2024,,,,25,1347.1,,5.891,294.55,,
great britain,NC,63,George Russell,Mercedes,1,33,DNF,0,,18,0,0,128,1998-02-15,,2024,,,,26,1347.1,,5.891,194.403,,
great britain,NC,10,Pierre Gasly,Alpine Renault,19,0,DNS,0,,18,0,0,154,1996-02-07,,2024,,,,28,1347.1,,5.891,0,,
hungary,1,81,Oscar Piastri,McLaren Mercedes,2,70,38:02.0,25,,14,1,1,46,2001-04-06,,2024,,,,23,2282,2282,4.381,306.67,0.6338888888888888,483.79141104294484
hungary,2,4,Lando Norris,McLaren Mercedes,1,70,2.141,18,,14,1,1,128,1999-11-13,,2024,,,,25,2282,2284.141,4.381,306.67,0.6344836111111112,483.3379375441358
hungary,3,44,Lewis Hamilton,Mercedes,5,70,14.88,15,,14,1,1,356,1985-01-07,,2024,,,,39,2282,2296.88,4.381,306.67,0.6380222222222223,480.6572393856013
hungary,4,16,Charles Leclerc,Ferrari,6,70,19.686,12,,14,1,0,149,1997-10-16,,2024,,,,27,2282,2301.686,4.381,306.67,0.6393572222222222,479.65361044034677
hungary,5,1,Max Verstappen,Red Bull Racing Honda RBPT,3,70,21.349,10,,14,1,0,209,1997-09-30,,2024,,,,27,2282,2303.349,4.381,306.67,0.6398191666666667,479.30730427738047
hungary,6,55,Carlos Sainz,Ferrari,4,70,23.073,8,,14,1,0,208,1994-09-01,,2024,,,,30,2282,2305.073,4.381,306.67,0.6402980555555555,478.9488228789284
hungary,7,11,Sergio Perez,Red Bull Racing Honda RBPT,16,70,39.792,6,,14,1,0,282,1990-01-26,,2024,,,,34,2282,2321.792,4.381,306.67,0.6449422222222222,475.49995865262696
hungary,8,63,George Russell,Mercedes,17,70,42.368,5,,14,1,0,128,1998-02-15,,2024,,,,26,2282,2324.368,4.381,306.67,0.6456577777777778,474.97298190303775
hungary,9,22,Yuki Tsunoda,RB Honda RBPT,10,70,77.259,2,,14,1,0,90,2000-05-11,,2024,,,,24,2282,2359.259,4.381,306.67,0.6553497222222222,467.9486228514971
hungary,10,18,Lance Stroll,Aston Martin Aramco Mercedes,8,70,77.976,1,,14,1,0,167,1998-10-29,,2024,,,,26,2282,2359.976,4.381,306.67,0.655548889,467.8064522690061
hungary,11,14,Fernando Alonso,Aston Martin Aramco Mercedes,7,70,82.46,0,,14,1,0,404,1981-07-29,,2024,,,,43,2282,2364.46,4.381,306.67,0.6567944444444445,466.91929658357515
hungary,12,3,Daniel Ricciardo,RB Honda RBPT,9,69,+1 lap,0,,14,1,0,257,1989-07-01,,2024,,,,35,2282,,4.381,302.289,,
hungary,13,27,Nico Hulkenberg,Haas Ferrari,11,69,+1 lap,0,,14,1,0,230,1987-08-19,,2024,,,,37,2282,,4.381,302.289,,
hungary,14,23,Alexander Albon,Williams Mercedes,13,69,+1 lap,0,,14,1,0,105,1996-03-23,,2024,,,,28,2282,,4.381,302.289,,
hungary,15,20,Kevin Magnussen,Haas Ferrari,15,69,+1 lap,0,,14,1,0,186,1992-10-05,,2024,,,,32,2282,,4.381,302.289,,
hungary,16,77,Valtteri Bottas,Kick Sauber Ferrari,12,69,+1 lap,0,,14,1,0,246,1989-08-28,,2024,,,,35,2282,,4.381,302.289,,
hungary,17,2,Logan Sargeant,Williams Mercedes,14,69,+1 lap,0,,14,1,0,36,2000-12-31,,2024,,,,24,2282,,4.381,302.289,,
hungary,18,31,Esteban Ocon,Alpine Renault,19,69,+1 lap,0,,14,1,0,156,1996-09-17,,2024,,,,28,2282,,4.381,302.289,,
hungary,19,24,Guanyu Zhou,Kick Sauber Ferrari,18,69,+1 lap,0,,14,1,0,68,1999-05-30,,2024,,,,25,2282,,4.381,302.289,,
hungary,NC,10,Pierre Gasly,Alpine Renault,20,33,DNF,0,,14,0,0,154,1996-02-07,,2024,,,,28,2282,,4.381,144.573,,
belgium,DQ,63,George Russell,Mercedes,6,44,19:57.0,0,,19,1,0,128,1998-02-15,,2024,,,,26,1197,1197,7.004,308.176,0.3325,926.8451127819548
belgium,1,44,Lewis Hamilton,Mercedes,3,44,0.526,25,,19,1,1,356,1985-01-07,,2024,,,,39,1197,1197.526,7.004,308.176,0.33264611111111114,926.4380063564381
belgium,2,81,Oscar Piastri,McLaren Mercedes,5,44,1.173,18,,19,1,1,46,2001-04-06,,2024,,,,23,1197,1198.173,7.004,308.176,0.3328258333333333,925.9377402094689
belgium,3,16,Charles Leclerc,Ferrari,1,44,8.549,15,,19,1,1,149,1997-10-16,,2024,,,,27,1197,1205.549,7.004,308.176,0.3348747222222222,920.2725065509574
belgium,4,1,Max Verstappen,Red Bull Racing Honda RBPT,11,44,9.226,12,,19,1,0,209,1997-09-30,,2024,,,,27,1197,1206.226,7.004,308.176,0.3350627777777778,919.7559992903484
belgium,5,4,Lando Norris,McLaren Mercedes,4,44,9.85,10,,19,1,0,128,1999-11-13,,2024,,,,25,1197,1206.85,7.004,308.176,0.33523611111111107,919.2804408170031
belgium,6,55,Carlos Sainz,Ferrari,7,44,19.795,8,,19,1,0,208,1994-09-01,,2024,,,,30,1197,1216.795,7.004,308.176,0.3379986111111111,911.7670601868022
belgium,7,11,Sergio Perez,Red Bull Racing Honda RBPT,2,44,3.195,7,,19,1,0,282,1990-01-26,,2024,,,,34,1197,1200.195,7.004,308.176,0.3333875,924.3777886093509
belgium,8,14,Fernando Alonso,Aston Martin Aramco Mercedes,8,44,49.963,4,,19,1,0,404,1981-07-29,,2024,,,,43,1197,1246.963,7.004,308.176,0.3463786111111111,889.7085158100119
belgium,9,31,Esteban Ocon,Alpine Renault,9,44,52.552,2,,19,1,0,156,1996-09-17,,2024,,,,28,1197,1249.552,7.004,308.176,0.3470977777777777,887.8650908485603
belgium,10,3,Daniel Ricciardo,RB Honda RBPT,13,44,54.926,1,,19,1,0,257,1989-07-01,,2024,,,,35,1197,1251.926,7.004,308.176,0.3477572222222222,886.1814516193449
belgium,11,18,Lance Stroll,Aston Martin Aramco Mercedes,15,44,63.011,0,,19,1,0,167,1998-10-29,,2024,,,,26,1197,1260.011,7.004,308.176,0.35000305555555555,880.4951702802595
belgium,12,23,Alexander Albon,Williams Mercedes,10,44,63.651,0,,19,1,0,105,1996-03-23,,2024,,,,28,1197,1260.651,7.004,308.176,0.35018083333333333,880.0481655906353
belgium,13,10,Pierre Gasly,Alpine Renault,12,44,64.365,0,,19,1,0,154,1996-02-07,,2024,,,,28,1197,1261.365,7.004,308.176,0.3503791666666667,879.5500113
belgium,14,20,Kevin Magnussen,Haas Ferrari,17,44,66.631,0,,19,1,0,186,1992-10-05,,2024,,,,32,1197,1263.631,7.004,308.176,0.35100861111111115,877.9727626182009
belgium,15,77,Valtteri Bottas,Kick Sauber Ferrari,14,44,70.638,0,,19,1,0,246,1989-08-28,,2024,,,,35,1197,1267.638,7.004,308.176,0.35212166666666667,875.1974932906713
belgium,16,22,Yuki Tsunoda,RB Honda RBPT,20,44,76.737,0,,19,1,0,90,2000-05-11,,2024,,,,24,1197,1273.737,7.004,308.176,0.35381583333333333,871.0068090979535
belgium,17,2,Logan Sargeant,Williams Mercedes,18,44,86.057,0,,19,1,0,36,2000-12-31,,2024,,,,24,1197,1283.057,7.004,308.176,0.35640472222222225,864.6799012047009
belgium,18,27,Nico Hulkenberg,Haas Ferrari,16,44,88.833,0,,19,1,0,230,1987-08-19,,2024,,,,37,1197,1285.833,7.004,308.176,0.35717583333333336,862.8131336
belgium,NC,24,Guanyu Zhou,Kick Sauber Ferrari,19,5,DNF,0,,19,0,0,68,1999-05-30,,2024,,,,25,1197,,7.004,35.019999999999996,,
netherlands,1,4,Lando Norris,McLaren Mercedes,1,72,30:45.5,26,,14,1,1,128,1999-11-13,,2024,,,,25,1845.5,1845.5,4.259,306.648,0.5126388888888889,598.1754538065566
netherlands,2,1,Max Verstappen,Red Bull Racing Honda RBPT,2,72,22.896,18,,14,1,1,209,1997-09-30,,2024,,,,27,1845.5,1868.396,4.259,306.648,0.5189988888888889,590.8451955581152
netherlands,3,16,Charles Leclerc,Ferrari,6,72,25.439,15,,14,1,1,149,1997-10-16,,2024,,,,27,1845.5,1870.939,4.259,306.648,0.5197052777777778,590.0421125434876
netherlands,4,81,Oscar Piastri,McLaren Mercedes,3,72,27.337,12,,14,1,0,46,2001-04-06,,2024,,,,23,1845.5,1872.837,4.259,306.648,0.5202325,589.4441427630916
netherlands,5,55,Carlos Sainz,Ferrari,10,72,32.137,10,,14,1,0,208,1994-09-01,,2024,,,,30,1845.5,1877.637,4.259,306.648,0.5215658333333333,587.9372850023727
netherlands,6,11,Sergio Perez,Red Bull Racing Honda RBPT,5,72,39.542,8,,14,1,0,282,1990-01-26,,2024,,,,34,1845.5,1885.042,4.259,306.648,0.5236227777777778,585.6276942370515
netherlands,7,63,George Russell,Mercedes,4,72,44.617,6,,14,1,0,128,1998-02-15,,2024,,,,26,1845.5,1890.117,4.259,306.648,0.5250325,584.0552727688287
netherlands,8,44,Lewis Hamilton,Mercedes,14,72,49.599,4,,14,1,0,356,1985-01-07,,2024,,,,39,1845.5,1895.099,4.259,306.648,0.5264163888888889,582.5198578016242
netherlands,9,10,Pierre Gasly,Alpine Renault,9,71,+1 lap,2,,14,1,0,154,1996-02-07,,2024,,,,28,1845.5,,4.259,302.389,,
netherlands,10,14,Fernando Alonso,Aston Martin Aramco Mercedes,7,71,+1 lap,1,,14,1,0,404,1981-07-29,,2024,,,,43,1845.5,,4.259,302.389,,
netherlands,11,27,Nico Hulkenberg,Haas Ferrari,12,71,+1 lap,0,,14,1,0,230,1987-08-19,,2024,,,,37,1845.5,,4.259,302.389,,
netherlands,12,3,Daniel Ricciardo,RB Honda RBPT,13,71,+1 lap,0,,14,1,0,257,1989-07-01,,2024,,,,35,1845.5,,4.259,302.389,,
netherlands,13,18,Lance Stroll,Aston Martin Aramco Mercedes,8,71,+1 lap,0,,14,1,0,167,1998-10-29,,2024,,,,26,1845.5,,4.259,302.389,,
netherlands,14,23,Alexander Albon,Williams Mercedes,19,71,+1 lap,0,,14,1,0,105,1996-03-23,,2024,,,,28,1845.5,,4.259,302.389,,
netherlands,15,31,Esteban Ocon,Alpine Renault,15,71,+1 lap,0,,14,1,0,156,1996-09-17,,2024,,,,28,1845.5,,4.259,302.389,,
netherlands,16,2,Logan Sargeant,Williams Mercedes,18,71,+1 lap,0,,14,1,0,36,2000-12-31,,2024,,,,24,1845.5,,4.259,302.389,,
netherlands,17,22,Yuki Tsunoda,RB Honda RBPT,11,71,+1 lap,0,,14,1,0,90,2000-05-11,,2024,,,,24,1845.5,,4.259,302.389,,
netherlands,18,20,Kevin Magnussen,Haas Ferrari,20,71,+1 lap,0,,14,1,0,186,1992-10-05,,2024,,,,32,1845.5,,4.259,302.389,,
netherlands,19,77,Valtteri Bottas,Kick Sauber Ferrari,16,70,+2 laps,0,,14,1,0,246,1989-08-28,,2024,,,,35,1845.5,,4.259,298.13,,
netherlands,20,24,Guanyu Zhou,Kick Sauber Ferrari,17,70,+2 laps,0,,14,1,0,68,1999-05-30,,2024,,,,25,1845.5,,4.259,298.13,,
italy,1,16,Charles Leclerc,Ferrari,4,53,14:40.7,25,,11,1,1,149,1997-10-16,,2024,,,,27,880.7,880.7,5.793,307.029,0.2446388888888889,1255.0294084251163
italy,1,16,Charles Leclerc,Ferrari,4,53,14:40.7,25,,11,1,1,149,1997-10-16,,2024,,,,27,880.7,880.7,5.793,307.029,0.2446388888888889,1255.0294084251163
italy,2,81,Oscar Piastri,McLaren Mercedes,2,53,2.664,18,,11,1,1,46,2001-04-06,,2024,,,,23,880.7,883.364,5.793,307.029,0.2453788888888889,1251.2445605661992
italy,2,81,Oscar Piastri,McLaren Mercedes,2,53,2.664,18,,11,1,1,46,2001-04-06,,2024,,,,23,880.7,883.364,5.793,307.029,0.2453788888888889,1251.2445605661992
italy,3,4,Lando Norris,McLaren Mercedes,1,53,6.153,16,,11,1,1,128,1999-11-13,,2024,,,,25,880.7,886.8530000000001,5.793,307.029,0.24634805555555558,1246.3219947386995
italy,3,4,Lando Norris,McLaren Mercedes,1,53,6.153,16,,11,1,1,128,1999-11-13,,2024,,,,25,880.7,886.8530000000001,5.793,307.029,0.24634805555555558,1246.3219947386995
italy,4,55,Carlos Sainz,Ferrari,5,53,15.621,12,,11,1,0,208,1994-09-01,,2024,,,,30,880.7,896.321,5.793,307.029,0.24897805555555555,1233.1568712548294
italy,4,55,Carlos Sainz,Ferrari,5,53,15.621,12,,11,1,0,208,1994-09-01,,2024,,,,30,880.7,896.321,5.793,307.029,0.24897805555555555,1233.1568712548294
italy,5,44,Lewis Hamilton,Mercedes,6,53,22.82,10,,11,1,0,356,1985-01-07,,2024,,,,39,880.7,903.52,5.793,307.029,0.2509777777777778,1223.3314149105718
italy,5,44,Lewis Hamilton,Mercedes,6,53,22.82,10,,11,1,0,356,1985-01-07,,2024,,,,39,880.7,903.52,5.793,307.029,0.2509777777777778,1223.3314149105718
italy,6,1,Max Verstappen,Red Bull Racing Honda RBPT,7,53,37.932,8,,11,1,0,209,1997-09-30,,2024,,,,27,880.7,918.632,5.793,307.029,0.25517555555555554,1203.2069424971044
italy,6,1,Max Verstappen,Red Bull Racing Honda RBPT,7,53,37.932,8,,11,1,0,209,1997-09-30,,2024,,,,27,880.7,918.632,5.793,307.029,0.25517555555555554,1203.2069424971044
italy,7,63,George Russell,Mercedes,3,53,39.715,6,,11,1,0,128,1998-02-15,,2024,,,,26,880.7,920.415,5.793,307.029,0.25567083333333335,1200.8761265298804
italy,7,63,George Russell,Mercedes,3,53,39.715,6,,11,1,0,128,1998-02-15,,2024,,,,26,880.7,920.415,5.793,307.029,0.25567083333333335,1200.8761265298804
italy,8,11,Sergio Perez,Red Bull Racing Honda RBPT,8,53,54.148,4,,11,1,0,282,1990-01-26,,2024,,,,34,880.7,934.848,5.793,307.029,0.25967999999999997,1182.3359519408505
italy,8,11,Sergio Perez,Red Bull Racing Honda RBPT,8,53,54.148,4,,11,1,0,282,1990-01-26,,2024,,,,34,880.7,934.848,5.793,307.029,0.25967999999999997,1182.3359519408505
italy,9,23,Alexander Albon,Williams Mercedes,9,53,67.456,2,,11,1,0,105,1996-03-23,,2024,,,,28,880.7,948.156,5.793,307.029,0.26337666666666665,1165.7410805816764
italy,9,23,Alexander Albon,Williams Mercedes,9,53,67.456,2,,11,1,0,105,1996-03-23,,2024,,,,28,880.7,948.156,5.793,307.029,0.26337666666666665,1165.7410805816764
italy,10,20,Kevin Magnussen,Haas Ferrari,13,53,68.302,1,,11,1,0,186,1992-10-05,,2024,,,,32,880.7,949.002,5.793,307.029,0.26361166666666663,1164.7018657494928
italy,10,20,Kevin Magnussen,Haas Ferrari,13,53,68.302,1,,11,1,0,186,1992-10-05,,2024,,,,32,880.7,949.002,5.793,307.029,0.26361166666666663,1164.7018657494928
italy,11,14,Fernando Alonso,Aston Martin Aramco Mercedes,11,53,68.495,0,,11,1,0,404,1981-07-29,,2024,,,,43,880.7,949.195,5.793,307.029,0.2636652777777778,1164.4650466974645
italy,11,14,Fernando Alonso,Aston Martin Aramco Mercedes,11,53,68.495,0,,11,1,0,404,1981-07-29,,2024,,,,43,880.7,949.195,5.793,307.029,0.2636652777777778,1164.4650466974645
italy,12,43,Franco Colapinto,Williams Mercedes,18,53,81.308,0,,11,1,0,9,2003-05-27,,2024,,,,21,880.7,962.008,5.793,307.029,0.26722444444444443,1148.955518
italy,12,43,Franco Colapinto,Williams Mercedes,18,53,81.308,0,,11,1,0,9,2003-05-27,,2024,,,,21,880.7,962.008,5.793,307.029,0.26722444444444443,1148.955518
italy,13,3,Daniel Ricciardo,RB Honda RBPT,12,53,93.452,0,,11,1,0,257,1989-07-01,,2024,,,,35,880.7,974.152,5.793,307.029,0.27059777777777777,1134.6323776987574
italy,13,3,Daniel Ricciardo,RB Honda RBPT,12,53,93.452,0,,11,1,0,257,1989-07-01,,2024,,,,35,880.7,974.152,5.793,307.029,0.27059777777777777,1134.6323776987574
italy,14,31,Esteban Ocon,Alpine Renault,15,52,+1 lap,0,,11,1,0,156,1996-09-17,,2024,,,,28,880.7,,5.793,301.236,,
italy,14,31,Esteban Ocon,Alpine Renault,15,52,+1 lap,0,,11,1,0,156,1996-09-17,,2024,,,,28,880.7,,5.793,301.236,,
italy,15,10,Pierre Gasly,Alpine Renault,14,52,+1 lap,0,,11,1,0,154,1996-02-07,,2024,,,,28,880.7,,5.793,301.236,,
italy,15,10,Pierre Gasly,Alpine Renault,14,52,+1 lap,0,,11,1,0,154,1996-02-07,,2024,,,,28,880.7,,5.793,301.236,,
italy,16,77,Valtteri Bottas,Kick Sauber Ferrari,19,52,+1 lap,0,,11,1,0,246,1989-08-28,,2024,,,,35,880.7,,5.793,301.236,,
italy,16,77,Valtteri Bottas,Kick Sauber Ferrari,19,52,+1 lap,0,,11,1,0,246,1989-08-28,,2024,,,,35,880.7,,5.793,301.236,,
italy,17,27,Nico Hulkenberg,Haas Ferrari,10,52,+1 lap,0,,11,1,0,230,1987-08-19,,2024,,,,37,880.7,,5.793,301.236,,
italy,17,27,Nico Hulkenberg,Haas Ferrari,10,52,+1 lap,0,,11,1,0,230,1987-08-19,,2024,,,,37,880.7,,5.793,301.236,,
italy,18,24,Guanyu Zhou,Kick Sauber Ferrari,20,52,+1 lap,0,,11,1,0,68,1999-05-30,,2024,,,,25,880.7,,5.793,301.236,,
italy,18,24,Guanyu Zhou,Kick Sauber Ferrari,20,52,+1 lap,0,,11,1,0,68,1999-05-30,,2024,,,,25,880.7,,5.793,301.236,,
italy,19,18,Lance Stroll,Aston Martin Aramco Mercedes,17,52,+1 lap,0,,11,1,0,167,1998-10-29,,2024,,,,26,880.7,,5.793,301.236,,
italy,19,18,Lance Stroll,Aston Martin Aramco Mercedes,17,52,+1 lap,0,,11,1,0,167,1998-10-29,,2024,,,,26,880.7,,5.793,301.236,,
italy,NC,22,Yuki Tsunoda,RB Honda RBPT,16,7,DNF,0,,11,0,0,90,2000-05-11,,2024,,,,24,880.7,,5.793,40.551,,
italy,NC,22,Yuki Tsunoda,RB Honda RBPT,16,7,DNF,0,,11,0,0,90,2000-05-11,,2024,,,,24,880.7,,5.793,40.551,,
azerbaijan,1,81,Oscar Piastri,McLaren Mercedes,2,51,32:58.0,25,,20,1,1,46,2001-04-06,,2024,,,,23,1978,1978,6.003,306.153,0.5494444444444444,557.2046511627908
azerbaijan,2,16,Charles Leclerc,Ferrari,1,51,10.91,18,,20,1,1,149,1997-10-16,,2024,,,,27,1978,1988.91,6.003,306.153,0.552475,554.1481515000679
azerbaijan,3,63,George Russell,Mercedes,5,51,31.328,15,,20,1,1,128,1998-02-15,,2024,,,,26,1978,2009.328,6.003,306.153,0.5581466666666667,548.5171161701822
azerbaijan,4,4,Lando Norris,McLaren Mercedes,15,51,36.142,13,,20,1,0,128,1999-11-13,,2024,,,,25,1978,2014.142,6.003,306.153,0.5594838888888889,547.2061056271108
azerbaijan,5,1,Max Verstappen,Red Bull Racing Honda RBPT,6,51,77.098,10,,20,1,0,209,1997-09-30,,2024,,,,27,1978,2055.098,6.003,306.153,0.5708605555555556,536.3008479400983
azerbaijan,6,14,Fernando Alonso,Aston Martin Aramco Mercedes,7,51,85.468,8,,20,1,0,404,1981-07-29,,2024,,,,43,1978,2063.468,6.003,306.153,0.5731855555555555,534.1254626
azerbaijan,7,23,Alexander Albon,Williams Mercedes,9,51,87.396,6,,20,1,0,105,1996-03-23,,2024,,,,28,1978,2065.396,6.003,306.153,0.5737211111111111,533.6268686489177
azerbaijan,8,43,Franco Colapinto,Williams Mercedes,8,51,89.541,4,,20,1,0,9,2003-05-27,,2024,,,,21,1978,2067.541,6.003,306.153,0.5743169444444445,533.0732498170532
azerbaijan,9,44,Lewis Hamilton,Mercedes,19,51,92.401,2,,20,1,0,356,1985-01-07,,2024,,,,39,1978,2070.401,6.003,306.153,0.5751113888888888,532.3368758032865
azerbaijan,10,50,Oliver Bearman,Haas Ferrari,10,51,93.127,1,,20,1,0,3,2005-05-08,,2024,,,,19,1978,2071.127,6.003,306.153,0.5753130555555556,532.1502737398528
azerbaijan,11,27,Nico Hulkenberg,Haas Ferrari,12,51,93.465,0,,20,1,0,230,1987-08-19,,2024,,,,37,1978,2071.465,6.003,306.153,0.5754069444444445,532.0634430222088
azerbaijan,12,10,Pierre Gasly,Alpine Renault,18,51,117.189,0,,20,1,0,154,1996-02-07,,2024,,,,28,1978,2095.189,6.003,306.153,0.5819969444444444,526.0388442283728
azerbaijan,13,3,Daniel Ricciardo,RB Honda RBPT,14,51,146.907,0,,20,1,0,257,1989-07-01,,2024,,,,35,1978,2124.907,6.003,306.153,0.5902519444444445,518.6818999607982
azerbaijan,14,24,Guanyu Zhou,Kick Sauber Ferrari,17,51,148.841,0,,20,1,0,68,1999-05-30,,2024,,,,25,1978,2126.841,6.003,306.153,0.5907891666666666,518.2102470283393
azerbaijan,15,31,Esteban Ocon,Alpine Renault,20,50,+1 lap,0,,20,1,0,156,1996-09-17,,2024,,,,28,1978,,6.003,300.15,,
azerbaijan,16,77,Valtteri Bottas,Kick Sauber Ferrari,16,50,+1 lap,0,,20,1,0,246,1989-08-28,,2024,,,,35,1978,,6.003,300.15,,
azerbaijan,17,11,Sergio Perez,Red Bull Racing Honda RBPT,4,49,DNF,0,,20,0,0,282,1990-01-26,,2024,,,,34,1978,,6.003,294.147,,
azerbaijan,18,55,Carlos Sainz,Ferrari,3,49,DNF,0,,20,0,0,208,1994-09-01,,2024,,,,30,1978,,6.003,294.147,,
azerbaijan,19,18,Lance Stroll,Aston Martin Aramco Mercedes,13,45,DNF,0,,20,0,0,167,1998-10-29,,2024,,,,26,1978,,6.003,270.135,,
azerbaijan,NC,22,Yuki Tsunoda,RB Honda RBPT,11,14,DNF,0,,20,0,0,90,2000-05-11,,2024,,,,24,1978,,6.003,84.042,,
singapore,1,4,Lando Norris,McLaren Mercedes,1,62,40:52.6,25,,19,1,1,128,1999-11-13,,2024,,,,25,2452.6,2452.6,4.94,306.28000000000003,0.6812777777777778,449.56699013292024
singapore,2,1,Max Verstappen,Red Bull Racing Honda RBPT,2,62,20.945,18,,19,1,1,209,1997-09-30,,2024,,,,27,2452.6,2473.545,4.94,306.28000000000003,0.6870958333333334,445.76023480470343
singapore,3,81,Oscar Piastri,McLaren Mercedes,5,62,41.823,15,,19,1,1,46,2001-04-06,,2024,,,,23,2452.6,2494.423,4.94,306.28000000000003,0.6928952777777777,442.0292789154046
singapore,4,63,George Russell,Mercedes,4,62,61.04,12,,19,1,0,128,1998-02-15,,2024,,,,26,2452.6,2513.64,4.94,306.28000000000003,0.6982333333333333,438.64992600372375
singapore,5,16,Charles Leclerc,Ferrari,9,62,62.43,10,,19,1,0,149,1997-10-16,,2024,,,,27,2452.6,2515.03,4.94,306.28000000000003,0.6986194444444445,438.4074941451991
singapore,6,44,Lewis Hamilton,Mercedes,3,62,85.248,8,,19,1,0,356,1985-01-07,,2024,,,,39,2452.6,2537.848,4.94,306.28000000000003,0.7049577777777778,434.4657363246341
singapore,7,55,Carlos Sainz,Ferrari,10,62,96.039,6,,19,1,0,208,1994-09-01,,2024,,,,30,2452.6,2548.639,4.94,306.28000000000003,0.7079552777777778,432.62619774711135
singapore,8,14,Fernando Alonso,Aston Martin Aramco Mercedes,7,61,+1 lap,4,,19,1,0,404,1981-07-29,,2024,,,,43,2452.6,,4.94,301.34000000000003,,
singapore,9,27,Nico Hulkenberg,Haas Ferrari,6,61,+1 lap,2,,19,1,0,230,1987-08-19,,2024,,,,37,2452.6,,4.94,301.34000000000003,,
singapore,10,11,Sergio Perez,Red Bull Racing Honda RBPT,13,61,+1 lap,1,,19,1,0,282,1990-01-26,,2024,,,,34,2452.6,,4.94,301.34000000000003,,
singapore,11,43,Franco Colapinto,Williams Mercedes,12,61,+1 lap,0,,19,1,0,9,2003-05-27,,2024,,,,21,2452.6,,4.94,301.34000000000003,,
singapore,12,22,Yuki Tsunoda,RB Honda RBPT,8,61,+1 lap,0,,19,1,0,90,2000-05-11,,2024,,,,24,2452.6,,4.94,301.34000000000003,,
singapore,13,31,Esteban Ocon,Alpine Renault,15,61,+1 lap,0,,19,1,0,156,1996-09-17,,2024,,,,28,2452.6,,4.94,301.34000000000003,,
singapore,14,18,Lance Stroll,Aston Martin Aramco Mercedes,17,61,+1 lap,0,,19,1,0,167,1998-10-29,,2024,,,,26,2452.6,,4.94,301.34000000000003,,
singapore,15,24,Guanyu Zhou,Kick Sauber Ferrari,20,61,+1 lap,0,,19,1,0,68,1999-05-30,,2024,,,,25,2452.6,,4.94,301.34000000000003,,
singapore,16,77,Valtteri Bottas,Kick Sauber Ferrari,19,61,+1 lap,0,,19,1,0,246,1989-08-28,,2024,,,,35,2452.6,,4.94,301.34000000000003,,
singapore,17,10,Pierre Gasly,Alpine Renault,18,61,+1 lap,0,,19,1,0,154,1996-02-07,,2024,,,,28,2452.6,,4.94,301.34000000000003,,
singapore,18,3,Daniel Ricciardo,RB Honda RBPT,16,61,+1 lap,0,,19,1,0,257,1989-07-01,,2024,,,,35,2452.6,,4.94,301.34000000000003,,
singapore,19,20,Kevin Magnussen,Haas Ferrari,14,57,DNF,0,,19,0,0,186,1992-10-05,,2024,,,,32,2452.6,,4.94,281.58000000000004,,
singapore,NC,23,Alexander Albon,Williams Mercedes,11,15,DNF,0,,19,0,0,105,1996-03-23,,2024,,,,28,2452.6,,4.94,74.10000000000001,,
united states,1,16,Charles Leclerc,Ferrari,4,56,35:09.6,25,,20,1,1,149,1997-10-16,,2024,,,,27,2109.6,2109.6,5.513,308.728,0.586,526.8395904
united states,1,16,Charles Leclerc,Ferrari,4,56,35:09.6,25,,20,1,1,149,1997-10-16,,2024,,,,27,2109.6,2109.6,5.513,308.728,0.586,526.8395904
united states,1,16,Charles Leclerc,Ferrari,4,56,35:09.6,25,,20,1,1,149,1997-10-16,,2024,,,,27,2109.6,2109.6,5.513,308.728,0.586,526.8395904
united states,2,55,Carlos Sainz,Ferrari,3,56,8.562,18,,20,1,1,208,1994-09-01,,2024,,,,30,2109.6,2118.162,5.513,308.728,0.5883783333333332,524.7100080163841
united states,2,55,Carlos Sainz,Ferrari,3,56,8.562,18,,20,1,1,208,1994-09-01,,2024,,,,30,2109.6,2118.162,5.513,308.728,0.5883783333333332,524.7100080163841
united states,2,55,Carlos Sainz,Ferrari,3,56,8.562,18,,20,1,1,208,1994-09-01,,2024,,,,30,2109.6,2118.162,5.513,308.728,0.5883783333333332,524.7100080163841
united states,3,1,Max Verstappen,Red Bull Racing Honda RBPT,2,56,19.412,15,,20,1,1,209,1997-09-30,,2024,,,,27,2109.6,2129.012,5.513,308.728,0.5913922222222223,522.0359490693335
united states,3,1,Max Verstappen,Red Bull Racing Honda RBPT,2,56,19.412,15,,20,1,1,209,1997-09-30,,2024,,,,27,2109.6,2129.012,5.513,308.728,0.5913922222222223,522.0359490693335
united states,3,1,Max Verstappen,Red Bull Racing Honda RBPT,2,56,19.412,15,,20,1,1,209,1997-09-30,,2024,,,,27,2109.6,2129.012,5.513,308.728,0.5913922222222223,522.0359490693335
united states,4,4,Lando Norris,McLaren Mercedes,1,56,20.354,12,,20,1,0,128,1999-11-13,,2024,,,,25,2109.6,2129.954,5.513,308.728,0.5916538888888889,521.8050718
united states,4,4,Lando Norris,McLaren Mercedes,1,56,20.354,12,,20,1,0,128,1999-11-13,,2024,,,,25,2109.6,2129.954,5.513,308.728,0.5916538888888889,521.8050718
united states,4,4,Lando Norris,McLaren Mercedes,1,56,20.354,12,,20,1,0,128,1999-11-13,,2024,,,,25,2109.6,2129.954,5.513,308.728,0.5916538888888889,521.8050718
united states,5,81,Oscar Piastri,McLaren Mercedes,5,56,21.921,10,,20,1,0,46,2001-04-06,,2024,,,,23,2109.6,2131.521,5.513,308.728,0.5920891666666667,521.4214638279426
united states,5,81,Oscar Piastri,McLaren Mercedes,5,56,21.921,10,,20,1,0,46,2001-04-06,,2024,,,,23,2109.6,2131.521,5.513,308.728,0.5920891666666667,521.4214638279426
united states,5,81,Oscar Piastri,McLaren Mercedes,5,56,21.921,10,,20,1,0,46,2001-04-06,,2024,,,,23,2109.6,2131.521,5.513,308.728,0.5920891666666667,521.4214638279426
united states,6,63,George Russell,Mercedes,20,56,56.295,8,,20,1,0,128,1998-02-15,,2024,,,,26,2109.6,2165.895,5.513,308.728,0.6016375,513.1462051
united states,6,63,George Russell,Mercedes,20,56,56.295,8,,20,1,0,128,1998-02-15,,2024,,,,26,2109.6,2165.895,5.513,308.728,0.6016375,513.1462051
united states,6,63,George Russell,Mercedes,20,56,56.295,8,,20,1,0,128,1998-02-15,,2024,,,,26,2109.6,2165.895,5.513,308.728,0.6016375,513.1462051
united states,7,11,Sergio Perez,Red Bull Racing Honda RBPT,9,56,59.072,6,,20,1,0,282,1990-01-26,,2024,,,,34,2109.6,2168.672,5.513,308.728,0.6024088888888889,512.4891177642355
united states,7,11,Sergio Perez,Red Bull Racing Honda RBPT,9,56,59.072,6,,20,1,0,282,1990-01-26,,2024,,,,34,2109.6,2168.672,5.513,308.728,0.6024088888888889,512.4891177642355
united states,7,11,Sergio Perez,Red Bull Racing Honda RBPT,9,56,59.072,6,,20,1,0,282,1990-01-26,,2024,,,,34,2109.6,2168.672,5.513,308.728,0.6024088888888889,512.4891177642355
united states,8,27,Nico Hulkenberg,Haas Ferrari,11,56,62.957,4,,20,1,0,230,1987-08-19,,2024,,,,37,2109.6,2172.557,5.513,308.728,0.6034880555555555,511.57267680433705
united states,8,27,Nico Hulkenberg,Haas Ferrari,11,56,62.957,4,,20,1,0,230,1987-08-19,,2024,,,,37,2109.6,2172.557,5.513,308.728,0.6034880555555555,511.57267680433705
united states,8,27,Nico Hulkenberg,Haas Ferrari,11,56,62.957,4,,20,1,0,230,1987-08-19,,2024,,,,37,2109.6,2172.557,5.513,308.728,0.6034880555555555,511.57267680433705
united states,9,30,Liam Lawson,RB Honda RBPT,19,56,70.563,2,,20,1,0,11,2002-02-11,,2024,,,,22,2109.6,2180.163,5.513,308.728,0.6056008333333334,509.78793787436996
united states,9,30,Liam Lawson,RB Honda RBPT,19,56,70.563,2,,20,1,0,11,2002-02-11,,2024,,,,22,2109.6,2180.163,5.513,308.728,0.6056008333333334,509.78793787436996
united states,9,30,Liam Lawson,RB Honda RBPT,19,56,70.563,2,,20,1,0,11,2002-02-11,,2024,,,,22,2109.6,2180.163,5.513,308.728,0.6056008333333334,509.78793787436996
united states,10,43,Franco Colapinto,Williams Mercedes,15,56,71.979,1,,20,1,0,9,2003-05-27,,2024,,,,21,2109.6,2181.579,5.513,308.728,0.6059941666666667,509.4570492290217
united states,10,43,Franco Colapinto,Williams Mercedes,15,56,71.979,1,,20,1,0,9,2003-05-27,,2024,,,,21,2109.6,2181.579,5.513,308.728,0.6059941666666667,509.4570492290217
united states,10,43,Franco Colapinto,Williams Mercedes,15,56,71.979,1,,20,1,0,9,2003-05-27,,2024,,,,21,2109.6,2181.579,5.513,308.728,0.6059941666666667,509.4570492290217
united states,11,20,Kevin Magnussen,Haas Ferrari,8,56,79.782,0,,20,1,0,186,1992-10-05,,2024,,,,32,2109.6,2189.382,5.513,308.728,0.6081616666666667,507.64133440395506
united states,11,20,Kevin Magnussen,Haas Ferrari,8,56,79.782,0,,20,1,0,186,1992-10-05,,2024,,,,32,2109.6,2189.382,5.513,308.728,0.6081616666666667,507.64133440395506
united states,11,20,Kevin Magnussen,Haas Ferrari,8,56,79.782,0,,20,1,0,186,1992-10-05,,2024,,,,32,2109.6,2189.382,5.513,308.728,0.6081616666666667,507.64133440395506
united states,12,10,Pierre Gasly,Alpine Renault,6,56,90.558,0,,20,1,0,154,1996-02-07,,2024,,,,28,2109.6,2200.158,5.513,308.728,0.611155,505.15499341410936
united states,12,10,Pierre Gasly,Alpine Renault,6,56,90.558,0,,20,1,0,154,1996-02-07,,2024,,,,28,2109.6,2200.158,5.513,308.728,0.611155,505.15499341410936
united states,12,10,Pierre Gasly,Alpine Renault,6,56,90.558,0,,20,1,0,154,1996-02-07,,2024,,,,28,2109.6,2200.158,5.513,308.728,0.611155,505.15499341410936
united states,13,14,Fernando Alonso,Aston Martin Aramco Mercedes,7,55,+1 lap,0,,20,1,0,404,1981-07-29,,2024,,,,43,2109.6,,5.513,303.215,,
united states,13,14,Fernando Alonso,Aston Martin Aramco Mercedes,7,55,+1 lap,0,,20,1,0,404,1981-07-29,,2024,,,,43,2109.6,,5.513,303.215,,
united states,13,14,Fernando Alonso,Aston Martin Aramco Mercedes,7,55,+1 lap,0,,20,1,0,404,1981-07-29,,2024,,,,43,2109.6,,5.513,303.215,,
united states,14,22,Yuki Tsunoda,RB Honda RBPT,10,55,+1 lap,0,,20,1,0,90,2000-05-11,,2024,,,,24,2109.6,,5.513,303.215,,
united states,14,22,Yuki Tsunoda,RB Honda RBPT,10,55,+1 lap,0,,20,1,0,90,2000-05-11,,2024,,,,24,2109.6,,5.513,303.215,,
united states,14,22,Yuki Tsunoda,RB Honda RBPT,10,55,+1 lap,0,,20,1,0,90,2000-05-11,,2024,,,,24,2109.6,,5.513,303.215,,
united states,15,18,Lance Stroll,Aston Martin Aramco Mercedes,13,55,+1 lap,0,,20,1,0,167,1998-10-29,,2024,,,,26,2109.6,,5.513,303.215,,
united states,15,18,Lance Stroll,Aston Martin Aramco Mercedes,13,55,+1 lap,0,,20,1,0,167,1998-10-29,,2024,,,,26,2109.6,,5.513,303.215,,
united states,15,18,Lance Stroll,Aston Martin Aramco Mercedes,13,55,+1 lap,0,,20,1,0,167,1998-10-29,,2024,,,,26,2109.6,,5.513,303.215,,
united states,16,23,Alexander Albon,Williams Mercedes,14,55,+1 lap,0,,20,1,0,105,1996-03-23,,2024,,,,28,2109.6,,5.513,303.215,,
united states,16,23,Alexander Albon,Williams Mercedes,14,55,+1 lap,0,,20,1,0,105,1996-03-23,,2024,,,,28,2109.6,,5.513,303.215,,
united states,16,23,Alexander Albon,Williams Mercedes,14,55,+1 lap,0,,20,1,0,105,1996-03-23,,2024,,,,28,2109.6,,5.513,303.215,,
united states,17,77,Valtteri Bottas,Kick Sauber Ferrari,16,55,+1 lap,0,,20,1,0,246,1989-08-28,,2024,,,,35,2109.6,,5.513,303.215,,
united states,17,77,Valtteri Bottas,Kick Sauber Ferrari,16,55,+1 lap,0,,20,1,0,246,1989-08-28,,2024,,,,35,2109.6,,5.513,303.215,,
united states,17,77,Valtteri Bottas,Kick Sauber Ferrari,16,55,+1 lap,0,,20,1,0,246,1989-08-28,,2024,,,,35,2109.6,,5.513,303.215,,
united states,18,31,Esteban Ocon,Alpine Renault,12,55,+1 lap,0,,20,1,0,156,1996-09-17,,2024,,,,28,2109.6,,5.513,303.215,,
united states,18,31,Esteban Ocon,Alpine Renault,12,55,+1 lap,0,,20,1,0,156,1996-09-17,,2024,,,,28,2109.6,,5.513,303.215,,
united states,18,31,Esteban Ocon,Alpine Renault,12,55,+1 lap,0,,20,1,0,156,1996-09-17,,2024,,,,28,2109.6,,5.513,303.215,,
united states,19,24,Guanyu Zhou,Kick Sauber Ferrari,18,55,+1 lap,0,,20,1,0,68,1999-05-30,,2024,,,,25,2109.6,,5.513,303.215,,
united states,19,24,Guanyu Zhou,Kick Sauber Ferrari,18,55,+1 lap,0,,20,1,0,68,1999-05-30,,2024,,,,25,2109.6,,5.513,303.215,,
united states,19,24,Guanyu Zhou,Kick Sauber Ferrari,18,55,+1 lap,0,,20,1,0,68,1999-05-30,,2024,,,,25,2109.6,,5.513,303.215,,
united states,NC,44,Lewis Hamilton,Mercedes,17,1,DNF,0,,20,0,0,356,1985-01-07,,2024,,,,39,2109.6,,5.513,5.513,,
united states,NC,44,Lewis Hamilton,Mercedes,17,1,DNF,0,,20,0,0,356,1985-01-07,,2024,,,,39,2109.6,,5.513,5.513,,
united states,NC,44,Lewis Hamilton,Mercedes,17,1,DNF,0,,20,0,0,356,1985-01-07,,2024,,,,39,2109.6,,5.513,5.513,,
mexico,1,55,Carlos Sainz,Ferrari,1,71,40:55.8,25,,17,1,1,208,1994-09-01,,2024,,,,30,2455.8,2455.8,4.304,305.584,0.6821666666666667,447.9609088688004
mexico,2,4,Lando Norris,McLaren Mercedes,3,71,4.705,18,,17,1,1,128,1999-11-13,,2024,,,,25,2455.8,2460.505,4.304,305.584,0.6834736111111112,447.1043139518107
mexico,3,16,Charles Leclerc,Ferrari,4,71,34.387,16,,17,1,1,149,1997-10-16,,2024,,,,27,2455.8,2490.1870000000004,4.304,305.584,0.6917186111111112,441.7750152900163
mexico,4,44,Lewis Hamilton,Mercedes,6,71,44.78,12,,17,1,0,356,1985-01-07,,2024,,,,39,2455.8,2500.5800000000004,4.304,305.584,0.6946055555555557,439.93889417655095
mexico,5,63,George Russell,Mercedes,5,71,48.536,10,,17,1,0,128,1998-02-15,,2024,,,,26,2455.8,2504.336,4.304,305.584,0.6956488888888889,439.2790743734068
mexico,6,1,Max Verstappen,Red Bull Racing Honda RBPT,2,71,59.558,8,,17,1,0,209,1997-09-30,,2024,,,,27,2455.8,2515.358,4.304,305.584,0.6987105555555556,437.3542056438884
mexico,7,20,Kevin Magnussen,Haas Ferrari,7,71,63.642,6,,17,1,0,186,1992-10-05,,2024,,,,32,2455.8,2519.442,4.304,305.584,0.699845,436.64525716408633
mexico,8,81,Oscar Piastri,McLaren Mercedes,17,71,64.928,4,,17,1,0,46,2001-04-06,,2024,,,,23,2455.8,2520.728,4.304,305.584,0.7002022222222223,436.42249381924586
mexico,9,27,Nico Hulkenberg,Haas Ferrari,10,70,+1 lap,2,,17,1,0,230,1987-08-19,,2024,,,,37,2455.8,,4.304,301.28000000000003,,
mexico,10,10,Pierre Gasly,Alpine Renault,8,70,+1 lap,1,,17,1,0,154,1996-02-07,,2024,,,,28,2455.8,,4.304,301.28000000000003,,
mexico,11,18,Lance Stroll,Aston Martin Aramco Mercedes,14,70,+1 lap,0,,17,1,0,167,1998-10-29,,2024,,,,26,2455.8,,4.304,301.28000000000003,,
mexico,12,43,Franco Colapinto,Williams Mercedes,16,70,+1 lap,0,,17,1,0,9,2003-05-27,,2024,,,,21,2455.8,,4.304,301.28000000000003,,
mexico,13,31,Esteban Ocon,Alpine Renault,20,70,+1 lap,0,,17,1,0,156,1996-09-17,,2024,,,,28,2455.8,,4.304,301.28000000000003,,
mexico,14,77,Valtteri Bottas,Kick Sauber Ferrari,15,70,+1 lap,0,,17,1,0,246,1989-08-28,,2024,,,,35,2455.8,,4.304,301.28000000000003,,
mexico,15,24,Guanyu Zhou,Kick Sauber Ferrari,19,70,+1 lap,0,,17,1,0,68,1999-05-30,,2024,,,,25,2455.8,,4.304,301.28000000000003,,
mexico,16,30,Liam Lawson,RB Honda RBPT,12,70,+1 lap,0,,17,1,0,11,2002-02-11,,2024,,,,22,2455.8,,4.304,301.28000000000003,,
mexico,17,11,Sergio Perez,Red Bull Racing Honda RBPT,18,70,+1 lap,0,,17,1,0,282,1990-01-26,,2024,,,,34,2455.8,,4.304,301.28000000000003,,
mexico,NC,14,Fernando Alonso,Aston Martin Aramco Mercedes,13,15,DNF,0,,17,0,0,404,1981-07-29,,2024,,,,43,2455.8,,4.304,64.56,,
mexico,NC,23,Alexander Albon,Williams Mercedes,9,0,DNF,0,,17,0,0,105,1996-03-23,,2024,,,,28,2455.8,,4.304,0,,
mexico,NC,22,Yuki Tsunoda,RB Honda RBPT,11,0,DNF,0,,17,0,0,90,2000-05-11,,2024,,,,24,2455.8,,4.304,0,,
brazil,1,1,Max Verstappen,Red Bull Racing Honda RBPT,17,69,06:54.4,26,,15,1,1,209,1997-09-30,,2024,,,,27,414.4,414.4,4.309,297.321,0.11511111111111111,2582.9044401544406
brazil,2,31,Esteban Ocon,Alpine Renault,4,69,19.477,18,,15,1,1,156,1996-09-17,,2024,,,,28,414.4,433.877,4.309,297.321,0.12052138888888889,2466.9563032841106
brazil,3,10,Pierre Gasly,Alpine Renault,13,69,22.532,15,,15,1,1,154,1996-02-07,,2024,,,,28,414.4,436.932,4.309,297.321,0.12137,2449.707506
brazil,4,63,George Russell,Mercedes,2,69,23.265,12,,15,1,0,128,1998-02-15,,2024,,,,26,414.4,437.665,4.309,297.321,0.12157361111111112,2445.604743353935
brazil,5,16,Charles Leclerc,Ferrari,6,69,30.177,10,,15,1,0,149,1997-10-16,,2024,,,,27,414.4,444.577,4.309,297.321,0.12349361111111111,2407.582038656971
brazil,6,4,Lando Norris,McLaren Mercedes,1,69,31.372,8,,15,1,0,128,1999-11-13,,2024,,,,25,414.4,445.772,4.309,297.321,0.12382555555555555,2401.127931
brazil,7,22,Yuki Tsunoda,RB Honda RBPT,3,69,42.056,6,,15,1,0,90,2000-05-11,,2024,,,,24,414.4,456.456,4.309,297.321,0.12679333333333334,2344.926126505074
brazil,8,81,Oscar Piastri,McLaren Mercedes,8,69,44.943,4,,15,1,0,46,2001-04-06,,2024,,,,23,414.4,459.343,4.309,297.321,0.1275952777777778,2330.1881165055306
brazil,9,30,Liam Lawson,RB Honda RBPT,5,69,50.452,2,,15,1,0,11,2002-02-11,,2024,,,,22,414.4,464.852,4.309,297.321,0.12912555555555555,2302.572861900132
brazil,10,44,Lewis Hamilton,Mercedes,14,69,50.753,1,,15,1,0,356,1985-01-07,,2024,,,,39,414.4,465.153,4.309,297.321,0.12920916666666668,2301.0828695074524
brazil,11,11,Sergio Perez,Red Bull Racing Honda RBPT,12,69,51.531,0,,15,1,0,282,1990-01-26,,2024,,,,34,414.4,465.931,4.309,297.321,0.12942527777777776,2297.240579
brazil,12,50,Oliver Bearman,Haas Ferrari,15,69,57.085,0,,15,1,0,3,2005-05-08,,2024,,,,19,414.4,471.485,4.309,297.321,0.13096805555555555,2270.179539115773
brazil,13,77,Valtteri Bottas,Kick Sauber Ferrari,11,69,63.588,0,,15,1,0,246,1989-08-28,,2024,,,,35,414.4,477.988,4.309,297.321,0.13277444444444444,2239.2938734863637
brazil,14,14,Fernando Alonso,Aston Martin Aramco Mercedes,9,69,78.049,0,,15,1,0,404,1981-07-29,,2024,,,,43,414.4,492.449,4.309,297.321,0.1367913888888889,2173.53594
brazil,15,24,Guanyu Zhou,Kick Sauber Ferrari,19,69,79.649,0,,15,1,0,68,1999-05-30,,2024,,,,25,414.4,494.049,4.309,297.321,0.13723583333333333,2166.496845454601
brazil,NC,55,Carlos Sainz,Ferrari,20,38,DNF,0,,15,0,0,208,1994-09-01,,2024,,,,30,414.4,,4.309,163.74200000000002,,
brazil,NC,43,Franco Colapinto,Williams Mercedes,16,30,DNF,0,,15,0,0,9,2003-05-27,,2024,,,,21,414.4,,4.309,129.27,,
brazil,NC,23,Alexander Albon,Williams Mercedes,7,0,DNS,0,,15,0,0,105,1996-03-23,,2024,,,,28,414.4,,4.309,0,,
brazil,NC,18,Lance Stroll,Aston Martin Aramco Mercedes,10,0,DNS,0,,15,0,0,167,1998-10-29,,2024,,,,26,414.4,,4.309,0,,
brazil,DQ,27,Nico Hulkenberg,Haas Ferrari,18,0,DSQ,0,,15,0,0,230,1987-08-19,,2024,,,,37,414.4,,4.309,0,,
las vegas,1,63,George Russell,Mercedes,1,50,22:06.0,25,,17,1,1,128,1998-02-15,,2024,,,,26,1326,1326,6.201,310.04999999999995,0.36833333333333335,841.7647058823528
las vegas,2,44,Lewis Hamilton,Mercedes,10,50,7.313,18,,17,1,1,356,1985-01-07,,2024,,,,39,1326,1333.313,6.201,310.04999999999995,0.3703647222222223,837.1477665034389
las vegas,3,55,Carlos Sainz,Ferrari,2,50,11.906,15,,17,1,1,208,1994-09-01,,2024,,,,30,1326,1337.906,6.201,310.04999999999995,0.37164055555555553,834.2738578046589
las vegas,4,16,Charles Leclerc,Ferrari,4,50,14.283,12,,17,1,0,149,1997-10-16,,2024,,,,27,1326,1340.283,6.201,310.04999999999995,0.3723008333333333,832.7942680762196
las vegas,5,1,Max Verstappen,Red Bull Racing Honda RBPT,5,50,16.582,10,,17,1,0,209,1997-09-30,,2024,,,,27,1326,1342.582,6.201,310.04999999999995,0.3729394444444445,831.3682143809464
las vegas,6,4,Lando Norris,McLaren Mercedes,6,50,43.385,9,,17,1,0,128,1999-11-13,,2024,,,,25,1326,1369.385,6.201,310.04999999999995,0.3803847222222222,815.0958277
las vegas,7,81,Oscar Piastri,McLaren Mercedes,8,50,51.365,6,,17,1,0,46,2001-04-06,,2024,,,,23,1326,1377.365,6.201,310.04999999999995,0.3826013888888889,810.3734304269383
las vegas,8,27,Nico Hulkenberg,Haas Ferrari,9,50,59.808,4,,17,1,0,230,1987-08-19,,2024,,,,37,1326,1385.808,6.201,310.04999999999995,0.38494666666666666,805.4362509092167
las vegas,9,22,Yuki Tsunoda,RB Honda RBPT,7,50,62.808,2,,17,1,0,90,2000-05-11,,2024,,,,24,1326,1388.808,6.201,310.04999999999995,0.38578,803.6964072787598
las vegas,10,11,Sergio Perez,Red Bull Racing Honda RBPT,15,50,63.114,1,,17,1,0,282,1990-01-26,,2024,,,,34,1326,1389.114,6.201,310.04999999999995,0.385865,803.5193655812265
las vegas,11,14,Fernando Alonso,Aston Martin Aramco Mercedes,16,50,69.195,0,,17,1,0,404,1981-07-29,,2024,,,,43,1326,1395.195,6.201,310.04999999999995,0.38755416666666664,800.0172019
las vegas,12,20,Kevin Magnussen,Haas Ferrari,12,50,69.803,0,,17,1,0,186,1992-10-05,,2024,,,,32,1326,1395.803,6.201,310.04999999999995,0.3877230555555556,799.6687211590746
las vegas,13,24,Guanyu Zhou,Kick Sauber Ferrari,13,50,74.085,0,,17,1,0,68,1999-05-30,,2024,,,,25,1326,1400.085,6.201,310.04999999999995,0.3889125,797.2230257448654
las vegas,14,43,Franco Colapinto,Williams Mercedes,20,50,75.172,0,,17,1,0,9,2003-05-27,,2024,,,,21,1326,1401.172,6.201,310.04999999999995,0.3892144444444445,796.6045568
las vegas,15,18,Lance Stroll,Aston Martin Aramco Mercedes,18,50,84.102,0,,17,1,0,167,1998-10-29,,2024,,,,26,1326,1410.102,6.201,310.04999999999995,0.391695,791.5597595
las vegas,16,30,Liam Lawson,RB Honda RBPT,14,50,91.005,0,,17,1,0,11,2002-02-11,,2024,,,,22,1326,1417.005,6.201,310.04999999999995,0.39361250000000003,787.7036425418398
las vegas,17,31,Esteban Ocon,Alpine Renault,11,49,+1 lap,0,,17,1,0,156,1996-09-17,,2024,,,,28,1326,,6.201,303.849,,
las vegas,18,77,Valtteri Bottas,Kick Sauber Ferrari,19,49,+1 lap,0,,17,1,0,246,1989-08-28,,2024,,,,35,1326,,6.201,303.849,,
las vegas,NC,23,Alexander Albon,Williams Mercedes,17,25,DNF,0,,17,0,0,105,1996-03-23,,2024,,,,28,1326,,6.201,155.02499999999998,,
las vegas,NC,10,Pierre Gasly,Alpine Renault,3,15,DNF,0,,17,0,0,154,1996-02-07,,2024,,,,28,1326,,6.201,93.015,,
qatar,1,1,Max Verstappen,Red Bull Racing Honda RBPT,2,57,31:05.3,25,,16,1,1,209,1997-09-30,,2024,,,,27,1865.3,1865.3,5.419,308.883,0.5181388888888889,596.1393877660429
qatar,2,16,Charles Leclerc,Ferrari,5,57,6.031,18,,16,1,1,149,1997-10-16,,2024,,,,27,1865.3,1871.331,5.419,308.883,0.5198141666666667,594.2181260290135
qatar,3,81,Oscar Piastri,McLaren Mercedes,4,57,6.819,15,,16,1,1,46,2001-04-06,,2024,,,,23,1865.3,1872.119,5.419,308.883,0.5200330555555556,593.9680116488321
qatar,4,63,George Russell,Mercedes,1,57,14.104,12,,16,1,0,128,1998-02-15,,2024,,,,26,1865.3,1879.404,5.419,308.883,0.5220566666666666,591.6656557078734
qatar,5,10,Pierre Gasly,Alpine Renault,11,57,16.782,10,,16,1,0,154,1996-02-07,,2024,,,,28,1865.3,1882.082,5.419,308.883,0.5228005555555556,590.8237791977182
qatar,6,55,Carlos Sainz,Ferrari,7,57,17.476,8,,16,1,0,208,1994-09-01,,2024,,,,30,1865.3,1882.776,5.419,308.883,0.5229933333333333,590.6059988017693
qatar,7,14,Fernando Alonso,Aston Martin Aramco Mercedes,8,57,19.867,6,,16,1,0,404,1981-07-29,,2024,,,,43,1865.3,1885.167,5.419,308.883,0.5236575,589.8569198378711
qatar,8,24,Guanyu Zhou,Kick Sauber Ferrari,12,57,25.36,4,,16,1,0,68,1999-05-30,,2024,,,,25,1865.3,1890.66,5.419,308.883,0.5251833333333333,588.1431880930469
qatar,9,20,Kevin Magnussen,Haas Ferrari,10,57,32.177,2,,16,1,0,186,1992-10-05,,2024,,,,32,1865.3,1897.477,5.419,308.883,0.5270769444444444,586.0301864001514
qatar,10,4,Lando Norris,McLaren Mercedes,3,57,35.762,2,,16,1,0,128,1999-11-13,,2024,,,,25,1865.3,1901.062,5.419,308.883,0.5280727777777777,584.9250576782872
qatar,11,77,Valtteri Bottas,Kick Sauber Ferrari,13,57,50.243,0,,16,1,0,246,1989-08-28,,2024,,,,35,1865.3,1915.543,5.419,308.883,0.5320952777777778,580.5031784721094
qatar,12,44,Lewis Hamilton,Mercedes,6,57,56.122,0,,16,1,0,356,1985-01-07,,2024,,,,39,1865.3,1921.422,5.419,308.883,0.5337283333333334,578.7270053
qatar,13,22,Yuki Tsunoda,RB Honda RBPT,14,57,61.1,0,,16,1,0,90,2000-05-11,,2024,,,,24,1865.3,1926.4,5.419,308.883,0.5351111111111111,577.2315199335548
qatar,14,30,Liam Lawson,RB Honda RBPT,17,57,62.656,0,,16,1,0,11,2002-02-11,,2024,,,,22,1865.3,1927.956,5.419,308.883,0.5355433333333333,576.7656523281652
qatar,15,23,Alexander Albon,Williams Mercedes,16,56,+1 lap,0,,16,1,0,105,1996-03-23,,2024,,,,28,1865.3,,5.419,303.464,,
qatar,NC,27,Nico Hulkenberg,Haas Ferrari,18,39,DNF,0,,16,0,0,230,1987-08-19,,2024,,,,37,1865.3,,5.419,211.34099999999998,,
qatar,NC,11,Sergio Perez,Red Bull Racing Honda RBPT,9,38,DNF,0,,16,0,0,282,1990-01-26,,2024,,,,34,1865.3,,5.419,205.922,,
qatar,NC,18,Lance Stroll,Aston Martin Aramco Mercedes,15,8,DNF,0,,16,0,0,167,1998-10-29,,2024,,,,26,1865.3,,5.419,43.352,,
qatar,NC,43,Franco Colapinto,Williams Mercedes,19,0,DNF,0,,16,0,0,9,2003-05-27,,2024,,,,21,1865.3,,5.419,0,,
qatar,NC,31,Esteban Ocon,Alpine Renault,20,0,DNF,0,,16,0,0,156,1996-09-17,,2024,,,,28,1865.3,,5.419,0,,
abu dhabi,1,4,Lando Norris,McLaren Mercedes,1,58,26:33.3,25,,16,1,1,128,1999-11-13,,2024,,,,25,1593.3,1593.3,5.281,306.298,0.44258333333333333,692.068537
abu dhabi,2,55,Carlos Sainz,Ferrari,3,58,5.832,18,,16,1,1,208,1994-09-01,,2024,,,,30,1593.3,1599.132,5.281,306.298,0.44420333333333334,689.5445779335289
abu dhabi,3,16,Charles Leclerc,Ferrari,19,58,31.928,15,,16,1,1,149,1997-10-16,,2024,,,,27,1593.3,1625.228,5.281,306.298,0.45145222222222225,678.4726819867735
abu dhabi,4,44,Lewis Hamilton,Mercedes,16,58,36.483,12,,16,1,0,356,1985-01-07,,2024,,,,39,1593.3,1629.783,5.281,306.298,0.4527175,676.5764522025326
abu dhabi,5,63,George Russell,Mercedes,6,58,37.538,10,,16,1,0,128,1998-02-15,,2024,,,,26,1593.3,1630.838,5.281,306.298,0.4530105555555555,676.1387703744946
abu dhabi,6,1,Max Verstappen,Red Bull Racing Honda RBPT,4,58,49.847,8,,16,1,0,209,1997-09-30,,2024,,,,27,1593.3,1643.147,5.281,306.298,0.4564297222222222,671.0737383812891
abu dhabi,7,10,Pierre Gasly,Alpine Renault,5,58,72.56,6,,16,1,0,154,1996-02-07,,2024,,,,28,1593.3,1665.86,5.281,306.298,0.46273888888888887,661.9240512408006
abu dhabi,8,27,Nico Hulkenberg,Haas Ferrari,7,58,75.554,4,,16,1,0,230,1987-08-19,,2024,,,,37,1593.3,1668.854,5.281,306.298,0.46357055555555554,660.7365293788432
abu dhabi,9,14,Fernando Alonso,Aston Martin Aramco Mercedes,8,58,82.373,2,,16,1,0,404,1981-07-29,,2024,,,,43,1593.3,1675.673,5.281,306.298,0.46546472222222224,658.0477217213621
abu dhabi,10,81,Oscar Piastri,McLaren Mercedes,2,58,83.821,1,,16,1,0,46,2001-04-06,,2024,,,,23,1593.3,1677.121,5.281,306.298,0.4658669444444445,657.4795736264706
abu dhabi,11,23,Alexander Albon,Williams Mercedes,18,57,+1 lap,0,,16,1,0,105,1996-03-23,,2024,,,,28,1593.3,,5.281,301.017,,
abu dhabi,12,22,Yuki Tsunoda,RB Honda RBPT,11,57,+1 lap,0,,16,1,0,90,2000-05-11,,2024,,,,24,1593.3,,5.281,301.017,,
abu dhabi,13,24,Guanyu Zhou,Kick Sauber Ferrari,15,57,+1 lap,0,,16,1,0,68,1999-05-30,,2024,,,,25,1593.3,,5.281,301.017,,
abu dhabi,14,18,Lance Stroll,Aston Martin Aramco Mercedes,13,57,+1 lap,0,,16,1,0,167,1998-10-29,,2024,,,,26,1593.3,,5.281,301.017,,
abu dhabi,15,61,Jack Doohan,Alpine Renault,17,57,+1 lap,0,,16,1,0,1,2003-01-20,,2024,,,,21,1593.3,,5.281,301.017,,
abu dhabi,16,20,Kevin Magnussen,Haas Ferrari,14,57,+1 lap,0,,16,1,0,186,1992-10-05,,2024,,,,32,1593.3,,5.281,301.017,,
abu dhabi,17,30,Liam Lawson,RB Honda RBPT,12,55,DNF,0,,16,0,0,11,2002-02-11,,2024,,,,22,1593.3,,5.281,290.455,,
abu dhabi,NC,77,Valtteri Bottas,Kick Sauber Ferrari,9,30,DNF,0,,16,0,0,246,1989-08-28,,2024,,,,35,1593.3,,5.281,158.42999999999998,,
abu dhabi,NC,43,Franco Colapinto,Williams Mercedes,20,26,DNF,0,,16,0,0,9,2003-05-27,,2024,,,,21,1593.3,,5.281,137.30599999999998,,
abu dhabi,NC,11,Sergio Perez,Red Bull Racing Honda RBPT,10,0,DNF,0,,16,0,0,282,1990-01-26,,2024,,,,34,1593.3,,5.281,0,,